[2026-02-18T13:26:46.0036724+01:00] |INFO| #1 [DomuWaveApp - EAGLEFLY]  Check env
[2026-02-18T13:26:46.0274594+01:00] |INFO| #1 [DomuWaveApp - EAGLEFLY]  current ASPNETCORE_ENVIRONMENT: "Development"
[2026-02-18T13:26:46.0308565+01:00] |INFO| #1 [DomuWaveApp - EAGLEFLY]  set ASPNETCORE_ENVIRONMENT: "Development"
[2026-02-18T13:26:46.0316343+01:00] |INFO| #1 [DomuWaveApp - EAGLEFLY]  Init build host
[2026-02-18T13:26:46.5821036+01:00] |EROR| #1 [DomuWaveApp - EAGLEFLY]  Stopped program because of exception
System.Exception: /config/sessionfactory-DomuWave.cfg.xml not found!
   at CPQ.Core.Persistence.NHibernateExtensions._useOxNHibernate(ILogger`1 logger, ServiceProvider serviceProvider, IMultipleSessionFactoryProvider multipleSessionFactoryProvider, IWebHostEnvironment env, IConfiguration configuration, OxCoreSettings settings)
   at CPQ.Core.Persistence.NHibernateExtensions.AddOxNHibernate(IServiceCollection services, IWebHostEnvironment env, IConfiguration configuration, OxCoreSettings settings)
   at CPQ.Core.Startups.Startup.AddOxConfigureServices(IServiceCollection services, IConfiguration configuration, OxCoreSettings oxCoreSettings, IWebHostEnvironment environment, Boolean useCustomSetupMediator, JobSettings jobSettings)
   at Program.<Main>$(String[] args) in C:\Projects\Works\DomuWave\DomuWave.Application\Program.cs:line 125
[2026-02-18T13:27:08.6174123+01:00] |INFO| #1 [DomuWaveApp - EAGLEFLY]  Check env
[2026-02-18T13:27:08.6311778+01:00] |INFO| #1 [DomuWaveApp - EAGLEFLY]  current ASPNETCORE_ENVIRONMENT: "Development"
[2026-02-18T13:27:08.6337177+01:00] |INFO| #1 [DomuWaveApp - EAGLEFLY]  set ASPNETCORE_ENVIRONMENT: "Development"
[2026-02-18T13:27:08.6343011+01:00] |INFO| #1 [DomuWaveApp - EAGLEFLY]  Init build host
[2026-02-18T13:27:08.9606271+01:00] |EROR| #1 [DomuWaveApp - EAGLEFLY]  Stopped program because of exception
System.Exception: /config/sessionfactory-DomuWave.cfg.xml not found!
   at CPQ.Core.Persistence.NHibernateExtensions._useOxNHibernate(ILogger`1 logger, ServiceProvider serviceProvider, IMultipleSessionFactoryProvider multipleSessionFactoryProvider, IWebHostEnvironment env, IConfiguration configuration, OxCoreSettings settings)
   at CPQ.Core.Persistence.NHibernateExtensions.AddOxNHibernate(IServiceCollection services, IWebHostEnvironment env, IConfiguration configuration, OxCoreSettings settings)
   at CPQ.Core.Startups.Startup.AddOxConfigureServices(IServiceCollection services, IConfiguration configuration, OxCoreSettings oxCoreSettings, IWebHostEnvironment environment, Boolean useCustomSetupMediator, JobSettings jobSettings)
   at Program.<Main>$(String[] args) in C:\Projects\Works\DomuWave\DomuWave.Application\Program.cs:line 125
[2026-02-18T13:27:44.7221894+01:00] |INFO| #1 [DomuWaveApp - EAGLEFLY]  Check env
[2026-02-18T13:27:44.7375262+01:00] |INFO| #1 [DomuWaveApp - EAGLEFLY]  current ASPNETCORE_ENVIRONMENT: "Development"
[2026-02-18T13:27:44.7397880+01:00] |INFO| #1 [DomuWaveApp - EAGLEFLY]  set ASPNETCORE_ENVIRONMENT: "Development"
[2026-02-18T13:27:44.7406053+01:00] |INFO| #1 [DomuWaveApp - EAGLEFLY]  Init build host
[2026-02-18T13:27:47.6339387+01:00] |DBUG| #1 [DomuWaveApp - EAGLEFLY] Microsoft.AspNetCore.Mvc.ModelBinding.ModelBinderFactory Registered model binder providers, in the following order: ["Microsoft.AspNetCore.Mvc.ModelBinding.Binders.BinderTypeModelBinderProvider", "Microsoft.AspNetCore.Mvc.ModelBinding.Binders.ServicesModelBinderProvider", "Microsoft.AspNetCore.Mvc.ModelBinding.Binders.BodyModelBinderProvider", "Microsoft.AspNetCore.Mvc.ModelBinding.Binders.HeaderModelBinderProvider", "Microsoft.AspNetCore.Mvc.ModelBinding.Binders.FloatingPointTypeModelBinderProvider", "Microsoft.AspNetCore.Mvc.ModelBinding.Binders.EnumTypeModelBinderProvider", "Microsoft.AspNetCore.Mvc.ModelBinding.Binders.DateTimeModelBinderProvider", "Microsoft.AspNetCore.Mvc.ModelBinding.Binders.SimpleTypeModelBinderProvider", "Microsoft.AspNetCore.Mvc.ModelBinding.Binders.TryParseModelBinderProvider", "Microsoft.AspNetCore.Mvc.ModelBinding.Binders.CancellationTokenModelBinderProvider"]
[2026-02-18T13:27:47.6484968+01:00] |DBUG| #1 [DomuWaveApp - EAGLEFLY] Microsoft.AspNetCore.Mvc.Razor.Compilation.DefaultViewCompiler Initializing Razor view compiler with no compiled views.
[2026-02-18T13:27:47.6619754+01:00] |INFO| #1 [DomuWaveApp - EAGLEFLY] Microsoft.AspNetCore.DataProtection.KeyManagement.XmlKeyManager User profile is available. Using '"C:\Users\orazi\AppData\Local\ASP.NET\DataProtection-Keys"' as key repository and Windows DPAPI to encrypt keys at rest.
[2026-02-18T13:27:47.7152652+01:00] |DBUG| #1 [DomuWaveApp - EAGLEFLY] Microsoft.Extensions.Hosting.Internal.Host Hosting starting
[2026-02-18T13:27:47.7290646+01:00] |DBUG| #1 [DomuWaveApp - EAGLEFLY] Microsoft.AspNetCore.DataProtection.Repositories.FileSystemXmlRepository Reading data from file '"C:\Users\orazi\AppData\Local\ASP.NET\DataProtection-Keys\key-758b5018-ec67-4c5b-996b-56c2bae6d95c.xml"'.
[2026-02-18T13:27:47.7514031+01:00] |DBUG| #1 [DomuWaveApp - EAGLEFLY] Microsoft.AspNetCore.DataProtection.Repositories.FileSystemXmlRepository Reading data from file '"C:\Users\orazi\AppData\Local\ASP.NET\DataProtection-Keys\key-98854333-55e6-4965-91a3-2072ff0369d8.xml"'.
[2026-02-18T13:27:47.7671048+01:00] |DBUG| #1 [DomuWaveApp - EAGLEFLY] Microsoft.AspNetCore.DataProtection.Repositories.FileSystemXmlRepository Reading data from file '"C:\Users\orazi\AppData\Local\ASP.NET\DataProtection-Keys\key-b0bfc2ce-4f63-4c6d-80cd-ff9e36348fda.xml"'.
[2026-02-18T13:27:47.7846552+01:00] |DBUG| #1 [DomuWaveApp - EAGLEFLY] Microsoft.AspNetCore.DataProtection.Repositories.FileSystemXmlRepository Reading data from file '"C:\Users\orazi\AppData\Local\ASP.NET\DataProtection-Keys\key-ca0ad485-4dfe-4215-9ed4-2366507a9e3f.xml"'.
[2026-02-18T13:27:47.8073064+01:00] |DBUG| #1 [DomuWaveApp - EAGLEFLY] Microsoft.AspNetCore.DataProtection.KeyManagement.XmlKeyManager Found key {758b5018-ec67-4c5b-996b-56c2bae6d95c}.
[2026-02-18T13:27:47.8145120+01:00] |DBUG| #1 [DomuWaveApp - EAGLEFLY] Microsoft.AspNetCore.DataProtection.KeyManagement.XmlKeyManager Found key {98854333-55e6-4965-91a3-2072ff0369d8}.
[2026-02-18T13:27:47.8162721+01:00] |DBUG| #1 [DomuWaveApp - EAGLEFLY] Microsoft.AspNetCore.DataProtection.KeyManagement.XmlKeyManager Found key {b0bfc2ce-4f63-4c6d-80cd-ff9e36348fda}.
[2026-02-18T13:27:47.8175231+01:00] |DBUG| #1 [DomuWaveApp - EAGLEFLY] Microsoft.AspNetCore.DataProtection.KeyManagement.XmlKeyManager Found key {ca0ad485-4dfe-4215-9ed4-2366507a9e3f}.
[2026-02-18T13:27:47.8230361+01:00] |DBUG| #1 [DomuWaveApp - EAGLEFLY] Microsoft.AspNetCore.DataProtection.KeyManagement.DefaultKeyResolver Considering key {b0bfc2ce-4f63-4c6d-80cd-ff9e36348fda} with expiration date 2026-05-04 04:42:28Z as default key.
[2026-02-18T13:27:47.8291495+01:00] |DBUG| #1 [DomuWaveApp - EAGLEFLY] Microsoft.AspNetCore.DataProtection.TypeForwardingActivator Forwarded activator type request from "Microsoft.AspNetCore.DataProtection.XmlEncryption.DpapiXmlDecryptor, Microsoft.AspNetCore.DataProtection, Version=9.0.0.0, Culture=neutral, PublicKeyToken=adb9793829ddae60" to "Microsoft.AspNetCore.DataProtection.XmlEncryption.DpapiXmlDecryptor, Microsoft.AspNetCore.DataProtection, Culture=neutral, PublicKeyToken=adb9793829ddae60"
[2026-02-18T13:27:47.8313973+01:00] |DBUG| #1 [DomuWaveApp - EAGLEFLY] Microsoft.AspNetCore.DataProtection.XmlEncryption.DpapiXmlDecryptor Decrypting secret element using Windows DPAPI.
[2026-02-18T13:27:47.8331680+01:00] |DBUG| #1 [DomuWaveApp - EAGLEFLY] Microsoft.AspNetCore.DataProtection.TypeForwardingActivator Forwarded activator type request from "Microsoft.AspNetCore.DataProtection.AuthenticatedEncryption.ConfigurationModel.AuthenticatedEncryptorDescriptorDeserializer, Microsoft.AspNetCore.DataProtection, Version=9.0.0.0, Culture=neutral, PublicKeyToken=adb9793829ddae60" to "Microsoft.AspNetCore.DataProtection.AuthenticatedEncryption.ConfigurationModel.AuthenticatedEncryptorDescriptorDeserializer, Microsoft.AspNetCore.DataProtection, Culture=neutral, PublicKeyToken=adb9793829ddae60"
[2026-02-18T13:27:47.8366242+01:00] |DBUG| #1 [DomuWaveApp - EAGLEFLY] Microsoft.AspNetCore.DataProtection.AuthenticatedEncryption.CngCbcAuthenticatedEncryptorFactory Opening CNG algorithm '"AES"' from provider 'null' with chaining mode CBC.
[2026-02-18T13:27:47.8381629+01:00] |DBUG| #1 [DomuWaveApp - EAGLEFLY] Microsoft.AspNetCore.DataProtection.AuthenticatedEncryption.CngCbcAuthenticatedEncryptorFactory Opening CNG algorithm '"SHA256"' from provider 'null' with HMAC.
[2026-02-18T13:27:47.8397699+01:00] |DBUG| #1 [DomuWaveApp - EAGLEFLY] Microsoft.AspNetCore.DataProtection.KeyManagement.KeyRingProvider Using key {b0bfc2ce-4f63-4c6d-80cd-ff9e36348fda} as the default key.
[2026-02-18T13:27:47.8460208+01:00] |DBUG| #1 [DomuWaveApp - EAGLEFLY] Microsoft.AspNetCore.DataProtection.Internal.DataProtectionHostedService Key ring with default key {b0bfc2ce-4f63-4c6d-80cd-ff9e36348fda} was loaded during application startup.
[2026-02-18T13:27:47.8475997+01:00] |INFO| #1 [DomuWaveApp - EAGLEFLY] CPQ.Core.Startups.RecurringJobsHostedService 80ff86b9-78b5-4f92-a353-3cb344736ad4 Recurring jobs engine starting 
[2026-02-18T13:27:47.8495652+01:00] |INFO| #1 [DomuWaveApp - EAGLEFLY] CPQ.Core.Startups.RecurringJobsHostedService 80ff86b9-78b5-4f92-a353-3cb344736ad4 JobConfigurations init engine
[2026-02-18T13:27:47.9099939+01:00] |INFO| #1 [DomuWaveApp - EAGLEFLY] CPQ.Core.Startups.RecurringJobsHostedService 80ff86b9-78b5-4f92-a353-3cb344736ad4 Job configurations info:"{\"QueueDbConnectionString\":\"Server=eaglefly;Database=DomuWave;User Id=Cashflow;Password=XiBw$2aun.J!2vt;TrustServerCertificate=true\",\"ServerKey\":\"DomuWave\",\"UserName\":\"root\",\"SchemaName\":\"DomuWave\",\"IamJobServer\":true,\"ProlongExpirationDay\":365,\"PathBase\":null,\"Queue\":[\"critical\",\"default\"]}"
[2026-02-18T13:27:47.9142953+01:00] |INFO| #1 [DomuWaveApp - EAGLEFLY] CPQ.Core.Startups.RecurringJobsHostedService 80ff86b9-78b5-4f92-a353-3cb344736ad4 Clean all recurring job!
[2026-02-18T13:27:47.9546844+01:00] |INFO| #1 [DomuWaveApp - EAGLEFLY] CPQ.Core.Startups.RecurringJobsHostedService 80ff86b9-78b5-4f92-a353-3cb344736ad4 All jobs have been removed
[2026-02-18T13:27:47.9580147+01:00] |INFO| #1 [DomuWaveApp - EAGLEFLY] CPQ.Core.Startups.RecurringJobsHostedService 80ff86b9-78b5-4f92-a353-3cb344736ad4 Recurring jobs engine started in elapsedTime:"00:00:00.10".
[2026-02-18T13:27:48.0634800+01:00] |INFO| #1 [DomuWaveApp - EAGLEFLY] Microsoft.Hosting.Lifetime Now listening on: "http://[::]:60101"
[2026-02-18T13:27:48.0650006+01:00] |DBUG| #1 [DomuWaveApp - EAGLEFLY] Microsoft.AspNetCore.Hosting.Diagnostics Loaded hosting startup assembly "DomuWave.Application"
[2026-02-18T13:27:48.1238705+01:00] |INFO| #1 [DomuWaveApp - EAGLEFLY] Microsoft.Hosting.Lifetime Application started. Press Ctrl+C to shut down.
[2026-02-18T13:27:48.1254114+01:00] |INFO| #1 [DomuWaveApp - EAGLEFLY] Microsoft.Hosting.Lifetime Hosting environment: "Development"
[2026-02-18T13:27:48.1265581+01:00] |INFO| #1 [DomuWaveApp - EAGLEFLY] Microsoft.Hosting.Lifetime Content root path: "C:\Projects\Works\DomuWave\DomuWave.Application\bin\Debug\net8.0"
[2026-02-18T13:27:48.1277480+01:00] |DBUG| #1 [DomuWaveApp - EAGLEFLY] Microsoft.Extensions.Hosting.Internal.Host Hosting started
[2026-02-18T13:28:20.7107938+01:00] |DBUG| #13 [DomuWaveApp - EAGLEFLY] Microsoft.AspNetCore.Server.Kestrel.Connections Connection id ""0HNJET4PR93PD"" accepted.
[2026-02-18T13:28:20.7190530+01:00] |DBUG| #64 [DomuWaveApp - EAGLEFLY] Microsoft.AspNetCore.Server.Kestrel.Connections Connection id ""0HNJET4PR93PD"" started.
[2026-02-18T13:28:20.7266473+01:00] |DBUG| #11 [DomuWaveApp - EAGLEFLY] Microsoft.AspNetCore.Server.Kestrel.Connections Connection id ""0HNJET4PR93PE"" accepted.
[2026-02-18T13:28:20.7312254+01:00] |DBUG| #65 [DomuWaveApp - EAGLEFLY] Microsoft.AspNetCore.Server.Kestrel.Connections Connection id ""0HNJET4PR93PE"" started.
[2026-02-18T13:28:20.7850257+01:00] |INFO| #64 [DomuWaveApp - EAGLEFLY] Microsoft.AspNetCore.Hosting.Diagnostics Request starting "HTTP/1.1" "GET" "http"://"localhost:60101""""/hangfire/servers""" - null null
[2026-02-18T13:28:20.7956922+01:00] |DBUG| #64 [DomuWaveApp - EAGLEFLY] Microsoft.AspNetCore.HostFiltering.HostFilteringMiddleware Wildcard detected, all requests with hosts will be allowed.
[2026-02-18T13:28:20.8288514+01:00] |DBUG| #64 [DomuWaveApp - EAGLEFLY] Microsoft.AspNetCore.Antiforgery.DefaultAntiforgery A new antiforgery cookie token was created.
[2026-02-18T13:28:20.8689021+01:00] |DBUG| #64 [DomuWaveApp - EAGLEFLY] Microsoft.AspNetCore.Server.Kestrel.Connections Connection id ""0HNJET4PR93PD"" completed keep alive response.
[2026-02-18T13:28:20.8751159+01:00] |INFO| #64 [DomuWaveApp - EAGLEFLY] Microsoft.AspNetCore.Hosting.Diagnostics Request finished "HTTP/1.1" "GET" "http"://"localhost:60101""""/hangfire/servers""" - 401 null null 107.0931ms
[2026-02-18T13:28:22.4984974+01:00] |INFO| #65 [DomuWaveApp - EAGLEFLY] Microsoft.AspNetCore.Hosting.Diagnostics Request starting "HTTP/1.1" "GET" "http"://"localhost:60101""""/hangfire/servers""" - null null
[2026-02-18T13:28:22.5088838+01:00] |DBUG| #65 [DomuWaveApp - EAGLEFLY] Microsoft.AspNetCore.Antiforgery.DefaultAntiforgery An antiforgery cookie token was reused.
[2026-02-18T13:28:22.6564357+01:00] |DBUG| #65 [DomuWaveApp - EAGLEFLY] Microsoft.AspNetCore.Server.Kestrel.Connections Connection id ""0HNJET4PR93PD"" completed keep alive response.
[2026-02-18T13:28:22.6607129+01:00] |INFO| #65 [DomuWaveApp - EAGLEFLY] Microsoft.AspNetCore.Hosting.Diagnostics Request finished "HTTP/1.1" "GET" "http"://"localhost:60101""""/hangfire/servers""" - 200 null "text/html" 162.3173ms
[2026-02-18T13:28:22.6742997+01:00] |INFO| #13 [DomuWaveApp - EAGLEFLY] Microsoft.AspNetCore.Hosting.Diagnostics Request starting "HTTP/1.1" "GET" "http"://"localhost:60101""""/hangfire/css-dark181801176516173""" - null null
[2026-02-18T13:28:22.6746534+01:00] |INFO| #64 [DomuWaveApp - EAGLEFLY] Microsoft.AspNetCore.Hosting.Diagnostics Request starting "HTTP/1.1" "GET" "http"://"localhost:60101""""/hangfire/css18180609487599""" - null null
[2026-02-18T13:28:22.6753390+01:00] |DBUG| #65 [DomuWaveApp - EAGLEFLY] Microsoft.AspNetCore.Server.Kestrel.Connections Connection id ""0HNJET4PR93PF"" accepted.
[2026-02-18T13:28:22.6967909+01:00] |DBUG| #13 [DomuWaveApp - EAGLEFLY] Microsoft.AspNetCore.Antiforgery.DefaultAntiforgery An antiforgery cookie token was reused.
[2026-02-18T13:28:22.7077494+01:00] |DBUG| #64 [DomuWaveApp - EAGLEFLY] Microsoft.AspNetCore.Antiforgery.DefaultAntiforgery An antiforgery cookie token was reused.
[2026-02-18T13:28:22.7132679+01:00] |DBUG| #66 [DomuWaveApp - EAGLEFLY] Microsoft.AspNetCore.Server.Kestrel.Connections Connection id ""0HNJET4PR93PF"" started.
[2026-02-18T13:28:22.7243750+01:00] |INFO| #66 [DomuWaveApp - EAGLEFLY] Microsoft.AspNetCore.Hosting.Diagnostics Request starting "HTTP/1.1" "GET" "http"://"localhost:60101""""/hangfire/js18180498642315""" - null null
[2026-02-18T13:28:22.7255443+01:00] |DBUG| #13 [DomuWaveApp - EAGLEFLY] Microsoft.AspNetCore.Server.Kestrel.Connections Connection id ""0HNJET4PR93PE"" completed keep alive response.
[2026-02-18T13:28:22.7357130+01:00] |DBUG| #64 [DomuWaveApp - EAGLEFLY] Microsoft.AspNetCore.Server.Kestrel.Connections Connection id ""0HNJET4PR93PD"" completed keep alive response.
[2026-02-18T13:28:22.7360598+01:00] |DBUG| #66 [DomuWaveApp - EAGLEFLY] Microsoft.AspNetCore.Antiforgery.DefaultAntiforgery An antiforgery cookie token was reused.
[2026-02-18T13:28:22.7375208+01:00] |INFO| #13 [DomuWaveApp - EAGLEFLY] Microsoft.AspNetCore.Hosting.Diagnostics Request finished "HTTP/1.1" "GET" "http"://"localhost:60101""""/hangfire/css-dark181801176516173""" - 200 null "text/css" 63.226ms
[2026-02-18T13:28:22.7392945+01:00] |INFO| #64 [DomuWaveApp - EAGLEFLY] Microsoft.AspNetCore.Hosting.Diagnostics Request finished "HTTP/1.1" "GET" "http"://"localhost:60101""""/hangfire/css18180609487599""" - 200 null "text/css" 64.636ms
[2026-02-18T13:28:22.7703497+01:00] |INFO| #68 [DomuWaveApp - EAGLEFLY] Microsoft.AspNetCore.Hosting.Diagnostics Request starting "HTTP/1.1" "GET" "http"://"localhost:60101""""/hangfire/fonts/glyphicons-halflings-regular/woff2""" - null null
[2026-02-18T13:28:22.7796764+01:00] |DBUG| #67 [DomuWaveApp - EAGLEFLY] Microsoft.AspNetCore.Server.Kestrel.Connections Connection id ""0HNJET4PR93PF"" completed keep alive response.
[2026-02-18T13:28:22.7829229+01:00] |DBUG| #68 [DomuWaveApp - EAGLEFLY] Microsoft.AspNetCore.Cors.Infrastructure.CorsService The request has an origin header: '"http://localhost:60101"'.
[2026-02-18T13:28:22.7836433+01:00] |INFO| #67 [DomuWaveApp - EAGLEFLY] Microsoft.AspNetCore.Hosting.Diagnostics Request finished "HTTP/1.1" "GET" "http"://"localhost:60101""""/hangfire/js18180498642315""" - 200 null "application/javascript" 59.315ms
[2026-02-18T13:28:22.7855867+01:00] |INFO| #68 [DomuWaveApp - EAGLEFLY] Microsoft.AspNetCore.Cors.Infrastructure.CorsService CORS policy execution successful.
[2026-02-18T13:28:22.7924555+01:00] |DBUG| #68 [DomuWaveApp - EAGLEFLY] Microsoft.AspNetCore.Antiforgery.DefaultAntiforgery An antiforgery cookie token was reused.
[2026-02-18T13:28:22.7988341+01:00] |DBUG| #68 [DomuWaveApp - EAGLEFLY] Microsoft.AspNetCore.Server.Kestrel.Connections Connection id ""0HNJET4PR93PD"" completed keep alive response.
[2026-02-18T13:28:22.8011101+01:00] |INFO| #68 [DomuWaveApp - EAGLEFLY] Microsoft.AspNetCore.Hosting.Diagnostics Request finished "HTTP/1.1" "GET" "http"://"localhost:60101""""/hangfire/fonts/glyphicons-halflings-regular/woff2""" - 200 null "font/woff2" 30.8081ms
[2026-02-18T13:28:24.8167943+01:00] |INFO| #68 [DomuWaveApp - EAGLEFLY] Microsoft.AspNetCore.Hosting.Diagnostics Request starting "HTTP/1.1" "POST" "http"://"localhost:60101""""/hangfire/stats""" - "application/x-www-form-urlencoded; charset=UTF-8" 167
[2026-02-18T13:28:24.8329190+01:00] |DBUG| #68 [DomuWaveApp - EAGLEFLY] Microsoft.AspNetCore.Cors.Infrastructure.CorsService The request has an origin header: '"http://localhost:60101"'.
[2026-02-18T13:28:24.8402579+01:00] |INFO| #68 [DomuWaveApp - EAGLEFLY] Microsoft.AspNetCore.Cors.Infrastructure.CorsService CORS policy execution successful.
[2026-02-18T13:28:24.8451393+01:00] |DBUG| #68 [DomuWaveApp - EAGLEFLY] Microsoft.AspNetCore.Antiforgery.DefaultAntiforgery An antiforgery cookie token was reused.
[2026-02-18T13:28:24.8499174+01:00] |DBUG| #68 [DomuWaveApp - EAGLEFLY] Microsoft.AspNetCore.Antiforgery.DefaultAntiforgery Antiforgery successfully validated a request.
[2026-02-18T13:28:24.8632577+01:00] |DBUG| #68 [DomuWaveApp - EAGLEFLY] Microsoft.AspNetCore.Server.Kestrel Connection id ""0HNJET4PR93PD"", Request id ""0HNJET4PR93PD:00000005"": started reading request body.
[2026-02-18T13:28:24.8670976+01:00] |DBUG| #68 [DomuWaveApp - EAGLEFLY] Microsoft.AspNetCore.Server.Kestrel Connection id ""0HNJET4PR93PD"", Request id ""0HNJET4PR93PD:00000005"": done reading request body.
[2026-02-18T13:28:24.9110537+01:00] |DBUG| #68 [DomuWaveApp - EAGLEFLY] Microsoft.AspNetCore.Server.Kestrel.Connections Connection id ""0HNJET4PR93PD"" completed keep alive response.
[2026-02-18T13:28:24.9135250+01:00] |INFO| #68 [DomuWaveApp - EAGLEFLY] Microsoft.AspNetCore.Hosting.Diagnostics Request finished "HTTP/1.1" "POST" "http"://"localhost:60101""""/hangfire/stats""" - 200 null "application/json" 96.8112ms
[2026-02-18T13:28:26.9337694+01:00] |INFO| #68 [DomuWaveApp - EAGLEFLY] Microsoft.AspNetCore.Hosting.Diagnostics Request starting "HTTP/1.1" "POST" "http"://"localhost:60101""""/hangfire/stats""" - "application/x-www-form-urlencoded; charset=UTF-8" 167
[2026-02-18T13:28:26.9401601+01:00] |DBUG| #68 [DomuWaveApp - EAGLEFLY] Microsoft.AspNetCore.Cors.Infrastructure.CorsService The request has an origin header: '"http://localhost:60101"'.
[2026-02-18T13:28:26.9427779+01:00] |INFO| #68 [DomuWaveApp - EAGLEFLY] Microsoft.AspNetCore.Cors.Infrastructure.CorsService CORS policy execution successful.
[2026-02-18T13:28:26.9476601+01:00] |DBUG| #68 [DomuWaveApp - EAGLEFLY] Microsoft.AspNetCore.Antiforgery.DefaultAntiforgery An antiforgery cookie token was reused.
[2026-02-18T13:28:26.9512359+01:00] |DBUG| #68 [DomuWaveApp - EAGLEFLY] Microsoft.AspNetCore.Antiforgery.DefaultAntiforgery Antiforgery successfully validated a request.
[2026-02-18T13:28:26.9527957+01:00] |DBUG| #68 [DomuWaveApp - EAGLEFLY] Microsoft.AspNetCore.Server.Kestrel Connection id ""0HNJET4PR93PD"", Request id ""0HNJET4PR93PD:00000006"": started reading request body.
[2026-02-18T13:28:26.9550932+01:00] |DBUG| #68 [DomuWaveApp - EAGLEFLY] Microsoft.AspNetCore.Server.Kestrel Connection id ""0HNJET4PR93PD"", Request id ""0HNJET4PR93PD:00000006"": done reading request body.
[2026-02-18T13:28:26.9607813+01:00] |DBUG| #68 [DomuWaveApp - EAGLEFLY] Microsoft.AspNetCore.Server.Kestrel.Connections Connection id ""0HNJET4PR93PD"" completed keep alive response.
[2026-02-18T13:28:26.9688234+01:00] |INFO| #68 [DomuWaveApp - EAGLEFLY] Microsoft.AspNetCore.Hosting.Diagnostics Request finished "HTTP/1.1" "POST" "http"://"localhost:60101""""/hangfire/stats""" - 200 null "application/json" 35.4123ms
[2026-02-18T13:28:28.9792890+01:00] |INFO| #67 [DomuWaveApp - EAGLEFLY] Microsoft.AspNetCore.Hosting.Diagnostics Request starting "HTTP/1.1" "POST" "http"://"localhost:60101""""/hangfire/stats""" - "application/x-www-form-urlencoded; charset=UTF-8" 167
[2026-02-18T13:28:28.9848480+01:00] |DBUG| #67 [DomuWaveApp - EAGLEFLY] Microsoft.AspNetCore.Cors.Infrastructure.CorsService The request has an origin header: '"http://localhost:60101"'.
[2026-02-18T13:28:28.9873371+01:00] |INFO| #67 [DomuWaveApp - EAGLEFLY] Microsoft.AspNetCore.Cors.Infrastructure.CorsService CORS policy execution successful.
[2026-02-18T13:28:28.9901602+01:00] |DBUG| #67 [DomuWaveApp - EAGLEFLY] Microsoft.AspNetCore.Antiforgery.DefaultAntiforgery An antiforgery cookie token was reused.
[2026-02-18T13:28:28.9949232+01:00] |DBUG| #67 [DomuWaveApp - EAGLEFLY] Microsoft.AspNetCore.Antiforgery.DefaultAntiforgery Antiforgery successfully validated a request.
[2026-02-18T13:28:28.9965103+01:00] |DBUG| #67 [DomuWaveApp - EAGLEFLY] Microsoft.AspNetCore.Server.Kestrel Connection id ""0HNJET4PR93PD"", Request id ""0HNJET4PR93PD:00000007"": started reading request body.
[2026-02-18T13:28:28.9983363+01:00] |DBUG| #67 [DomuWaveApp - EAGLEFLY] Microsoft.AspNetCore.Server.Kestrel Connection id ""0HNJET4PR93PD"", Request id ""0HNJET4PR93PD:00000007"": done reading request body.
[2026-02-18T13:28:29.0022631+01:00] |DBUG| #67 [DomuWaveApp - EAGLEFLY] Microsoft.AspNetCore.Server.Kestrel.Connections Connection id ""0HNJET4PR93PD"" completed keep alive response.
[2026-02-18T13:28:29.0049096+01:00] |INFO| #67 [DomuWaveApp - EAGLEFLY] Microsoft.AspNetCore.Hosting.Diagnostics Request finished "HTTP/1.1" "POST" "http"://"localhost:60101""""/hangfire/stats""" - 200 null "application/json" 25.719ms
[2026-02-18T13:28:30.4899615+01:00] |INFO| #66 [DomuWaveApp - EAGLEFLY] Microsoft.AspNetCore.Hosting.Diagnostics Request starting "HTTP/1.1" "GET" "http"://"localhost:60101""""/""" - null null
[2026-02-18T13:28:30.5520884+01:00] |DBUG| #66 [DomuWaveApp - EAGLEFLY] Microsoft.AspNetCore.Routing.Matching.DfaMatcher No candidates found for the request path '"/"'
[2026-02-18T13:28:30.5571889+01:00] |DBUG| #66 [DomuWaveApp - EAGLEFLY] Microsoft.AspNetCore.Routing.EndpointRoutingMiddleware Request did not match any endpoints
[2026-02-18T13:28:30.6254747+01:00] |DBUG| #66 [DomuWaveApp - EAGLEFLY] Microsoft.AspNetCore.StaticFiles.StaticFileMiddleware The request path "" does not match the path filter
[2026-02-18T13:28:30.6584221+01:00] |DBUG| #66 [DomuWaveApp - EAGLEFLY] Microsoft.AspNetCore.Routing.RouteBase Request successfully matched the route with name '"default"' and template '"{controller=Home}/{action=Index}/{id?}"'
[2026-02-18T13:28:30.6678432+01:00] |DBUG| #66 [DomuWaveApp - EAGLEFLY] Microsoft.AspNetCore.Mvc.Infrastructure.ActionSelector No actions matched the current request. Route values: ["controller=Home", "action=Index"]
[2026-02-18T13:28:30.6713155+01:00] |DBUG| #66 [DomuWaveApp - EAGLEFLY] Microsoft.AspNetCore.Mvc.Routing.MvcRouteHandler No actions matched the current request. Route values: ["controller=Home", "action=Index"]
[2026-02-18T13:28:30.6746402+01:00] |DBUG| #66 [DomuWaveApp - EAGLEFLY] Microsoft.AspNetCore.Builder.RouterMiddleware Request did not match any routes
[2026-02-18T13:28:30.6785439+01:00] |DBUG| #66 [DomuWaveApp - EAGLEFLY] Microsoft.AspNetCore.Server.Kestrel.Connections Connection id ""0HNJET4PR93PD"" completed keep alive response.
[2026-02-18T13:28:30.6831258+01:00] |INFO| #66 [DomuWaveApp - EAGLEFLY] Microsoft.AspNetCore.Hosting.Diagnostics Request finished "HTTP/1.1" "GET" "http"://"localhost:60101""""/""" - 404 0 null 193.0788ms
[2026-02-18T13:28:30.6909538+01:00] |INFO| #66 [DomuWaveApp - EAGLEFLY] Microsoft.AspNetCore.Hosting.Diagnostics Request reached the end of the middleware pipeline without being handled by application code. Request path: "GET" "http"://"localhost:60101""""/", Response status code: 404
[2026-02-18T13:28:37.0465963+01:00] |INFO| #68 [DomuWaveApp - EAGLEFLY] Microsoft.AspNetCore.Hosting.Diagnostics Request starting "HTTP/1.1" "GET" "http"://"localhost:60101""""/swagger""" - null null
[2026-02-18T13:28:37.0555451+01:00] |DBUG| #68 [DomuWaveApp - EAGLEFLY] Microsoft.AspNetCore.Routing.Matching.DfaMatcher No candidates found for the request path '"/swagger"'
[2026-02-18T13:28:37.0607967+01:00] |DBUG| #68 [DomuWaveApp - EAGLEFLY] Microsoft.AspNetCore.Routing.EndpointRoutingMiddleware Request did not match any endpoints
[2026-02-18T13:28:37.0639333+01:00] |DBUG| #68 [DomuWaveApp - EAGLEFLY] Microsoft.AspNetCore.Server.Kestrel.Connections Connection id ""0HNJET4PR93PD"" completed keep alive response.
[2026-02-18T13:28:37.0658379+01:00] |INFO| #68 [DomuWaveApp - EAGLEFLY] Microsoft.AspNetCore.Hosting.Diagnostics Request finished "HTTP/1.1" "GET" "http"://"localhost:60101""""/swagger""" - 301 0 null 19.3028ms
[2026-02-18T13:28:37.0701919+01:00] |INFO| #68 [DomuWaveApp - EAGLEFLY] Microsoft.AspNetCore.Hosting.Diagnostics Request starting "HTTP/1.1" "GET" "http"://"localhost:60101""""/swagger/index.html""" - null null
[2026-02-18T13:28:37.0734052+01:00] |DBUG| #68 [DomuWaveApp - EAGLEFLY] Microsoft.AspNetCore.Routing.Matching.DfaMatcher No candidates found for the request path '"/swagger/index.html"'
[2026-02-18T13:28:37.0784212+01:00] |DBUG| #68 [DomuWaveApp - EAGLEFLY] Microsoft.AspNetCore.Routing.EndpointRoutingMiddleware Request did not match any endpoints
[2026-02-18T13:28:37.2387618+01:00] |DBUG| #68 [DomuWaveApp - EAGLEFLY] Microsoft.AspNetCore.Server.Kestrel.Connections Connection id ""0HNJET4PR93PD"" completed keep alive response.
[2026-02-18T13:28:37.2452790+01:00] |INFO| #68 [DomuWaveApp - EAGLEFLY] Microsoft.AspNetCore.Hosting.Diagnostics Request finished "HTTP/1.1" "GET" "http"://"localhost:60101""""/swagger/index.html""" - 200 null "text/html;charset=utf-8" 175.0955ms
[2026-02-18T13:28:37.2628621+01:00] |DBUG| #65 [DomuWaveApp - EAGLEFLY] Microsoft.AspNetCore.Server.Kestrel.Connections Connection id ""0HNJET4PR93PG"" accepted.
[2026-02-18T13:28:37.2633952+01:00] |INFO| #68 [DomuWaveApp - EAGLEFLY] Microsoft.AspNetCore.Hosting.Diagnostics Request starting "HTTP/1.1" "GET" "http"://"localhost:60101""""/swagger/index.css""" - null null
[2026-02-18T13:28:37.2708670+01:00] |DBUG| #64 [DomuWaveApp - EAGLEFLY] Microsoft.AspNetCore.Server.Kestrel.Connections Connection id ""0HNJET4PR93PG"" started.
[2026-02-18T13:28:37.2636228+01:00] |INFO| #66 [DomuWaveApp - EAGLEFLY] Microsoft.AspNetCore.Hosting.Diagnostics Request starting "HTTP/1.1" "GET" "http"://"localhost:60101""""/swagger/swagger-ui-bundle.js""" - null null
[2026-02-18T13:28:37.2934458+01:00] |DBUG| #66 [DomuWaveApp - EAGLEFLY] Microsoft.AspNetCore.Routing.Matching.DfaMatcher No candidates found for the request path '"/swagger/swagger-ui-bundle.js"'
[2026-02-18T13:28:37.2720552+01:00] |DBUG| #69 [DomuWaveApp - EAGLEFLY] Microsoft.AspNetCore.Server.Kestrel.Connections Connection id ""0HNJET4PR93PH"" accepted.
[2026-02-18T13:28:37.2773286+01:00] |DBUG| #68 [DomuWaveApp - EAGLEFLY] Microsoft.AspNetCore.Routing.Matching.DfaMatcher No candidates found for the request path '"/swagger/index.css"'
[2026-02-18T13:28:37.3007606+01:00] |DBUG| #11 [DomuWaveApp - EAGLEFLY] Microsoft.AspNetCore.Server.Kestrel.Connections Connection id ""0HNJET4PR93PH"" started.
[2026-02-18T13:28:37.2848103+01:00] |INFO| #64 [DomuWaveApp - EAGLEFLY] Microsoft.AspNetCore.Hosting.Diagnostics Request starting "HTTP/1.1" "GET" "http"://"localhost:60101""""/swagger/swagger-ui-standalone-preset.js""" - null null
[2026-02-18T13:28:37.2986261+01:00] |DBUG| #66 [DomuWaveApp - EAGLEFLY] Microsoft.AspNetCore.Routing.EndpointRoutingMiddleware Request did not match any endpoints
[2026-02-18T13:28:37.2635392+01:00] |INFO| #67 [DomuWaveApp - EAGLEFLY] Microsoft.AspNetCore.Hosting.Diagnostics Request starting "HTTP/1.1" "GET" "http"://"localhost:60101""""/swagger/swagger-ui.css""" - null null
[2026-02-18T13:28:37.3025749+01:00] |DBUG| #68 [DomuWaveApp - EAGLEFLY] Microsoft.AspNetCore.Routing.EndpointRoutingMiddleware Request did not match any endpoints
[2026-02-18T13:28:37.3042381+01:00] |INFO| #11 [DomuWaveApp - EAGLEFLY] Microsoft.AspNetCore.Hosting.Diagnostics Request starting "HTTP/1.1" "GET" "http"://"localhost:60101""""/swagger/index.js""" - null null
[2026-02-18T13:28:37.3063823+01:00] |DBUG| #64 [DomuWaveApp - EAGLEFLY] Microsoft.AspNetCore.Routing.Matching.DfaMatcher No candidates found for the request path '"/swagger/swagger-ui-standalone-preset.js"'
[2026-02-18T13:28:37.3202274+01:00] |DBUG| #64 [DomuWaveApp - EAGLEFLY] Microsoft.AspNetCore.Routing.EndpointRoutingMiddleware Request did not match any endpoints
[2026-02-18T13:28:37.3126097+01:00] |DBUG| #67 [DomuWaveApp - EAGLEFLY] Microsoft.AspNetCore.Routing.Matching.DfaMatcher No candidates found for the request path '"/swagger/swagger-ui.css"'
[2026-02-18T13:28:37.3315132+01:00] |DBUG| #67 [DomuWaveApp - EAGLEFLY] Microsoft.AspNetCore.Routing.EndpointRoutingMiddleware Request did not match any endpoints
[2026-02-18T13:28:37.3185856+01:00] |DBUG| #11 [DomuWaveApp - EAGLEFLY] Microsoft.AspNetCore.Routing.Matching.DfaMatcher No candidates found for the request path '"/swagger/index.js"'
[2026-02-18T13:28:37.3371845+01:00] |INFO| #65 [DomuWaveApp - EAGLEFLY] Microsoft.AspNetCore.StaticFiles.StaticFileMiddleware Sending file. Request path: '"/swagger-ui-standalone-preset.js"'. Physical path: '"N/A"'
[2026-02-18T13:28:37.3476315+01:00] |DBUG| #11 [DomuWaveApp - EAGLEFLY] Microsoft.AspNetCore.Routing.EndpointRoutingMiddleware Request did not match any endpoints
[2026-02-18T13:28:37.3178235+01:00] |INFO| #68 [DomuWaveApp - EAGLEFLY] Microsoft.AspNetCore.StaticFiles.StaticFileMiddleware Sending file. Request path: '"/index.css"'. Physical path: '"N/A"'
[2026-02-18T13:28:37.3372842+01:00] |INFO| #70 [DomuWaveApp - EAGLEFLY] Microsoft.AspNetCore.StaticFiles.StaticFileMiddleware Sending file. Request path: '"/swagger-ui.css"'. Physical path: '"N/A"'
[2026-02-18T13:28:37.3513466+01:00] |INFO| #71 [DomuWaveApp - EAGLEFLY] Microsoft.AspNetCore.StaticFiles.StaticFileMiddleware Sending file. Request path: '"/swagger-ui-bundle.js"'. Physical path: '"N/A"'
[2026-02-18T13:28:37.3532713+01:00] |DBUG| #65 [DomuWaveApp - EAGLEFLY] Microsoft.AspNetCore.Server.Kestrel.Connections Connection id ""0HNJET4PR93PG"" completed keep alive response.
[2026-02-18T13:28:37.3537541+01:00] |DBUG| #11 [DomuWaveApp - EAGLEFLY] Microsoft.AspNetCore.Server.Kestrel.Connections Connection id ""0HNJET4PR93PH"" completed keep alive response.
[2026-02-18T13:28:37.3584934+01:00] |DBUG| #68 [DomuWaveApp - EAGLEFLY] Microsoft.AspNetCore.Server.Kestrel.Connections Connection id ""0HNJET4PR93PF"" completed keep alive response.
[2026-02-18T13:28:37.3604163+01:00] |DBUG| #70 [DomuWaveApp - EAGLEFLY] Microsoft.AspNetCore.Server.Kestrel.Connections Connection id ""0HNJET4PR93PD"" completed keep alive response.
[2026-02-18T13:28:37.3621776+01:00] |DBUG| #71 [DomuWaveApp - EAGLEFLY] Microsoft.AspNetCore.Server.Kestrel.Connections Connection id ""0HNJET4PR93PE"" completed keep alive response.
[2026-02-18T13:28:37.3637206+01:00] |INFO| #65 [DomuWaveApp - EAGLEFLY] Microsoft.AspNetCore.Hosting.Diagnostics Request finished "HTTP/1.1" "GET" "http"://"localhost:60101""""/swagger/swagger-ui-standalone-preset.js""" - 200 229223 "text/javascript" 78.948ms
[2026-02-18T13:28:37.3652039+01:00] |INFO| #11 [DomuWaveApp - EAGLEFLY] Microsoft.AspNetCore.Hosting.Diagnostics Request finished "HTTP/1.1" "GET" "http"://"localhost:60101""""/swagger/index.js""" - 200 null "application/javascript;charset=utf-8" 60.9934ms
[2026-02-18T13:28:37.3673281+01:00] |INFO| #68 [DomuWaveApp - EAGLEFLY] Microsoft.AspNetCore.Hosting.Diagnostics Request finished "HTTP/1.1" "GET" "http"://"localhost:60101""""/swagger/index.css""" - 200 202 "text/css" 103.9879ms
[2026-02-18T13:28:37.3690133+01:00] |INFO| #70 [DomuWaveApp - EAGLEFLY] Microsoft.AspNetCore.Hosting.Diagnostics Request finished "HTTP/1.1" "GET" "http"://"localhost:60101""""/swagger/swagger-ui.css""" - 200 154949 "text/css" 105.4686ms
[2026-02-18T13:28:37.3705003+01:00] |INFO| #71 [DomuWaveApp - EAGLEFLY] Microsoft.AspNetCore.Hosting.Diagnostics Request finished "HTTP/1.1" "GET" "http"://"localhost:60101""""/swagger/swagger-ui-bundle.js""" - 200 1466908 "text/javascript" 106.8804ms
[2026-02-18T13:28:37.4742097+01:00] |INFO| #71 [DomuWaveApp - EAGLEFLY] Microsoft.AspNetCore.Hosting.Diagnostics Request starting "HTTP/1.1" "GET" "http"://"localhost:60101""""/swagger/v1/swagger.json""" - null null
[2026-02-18T13:28:37.4798885+01:00] |DBUG| #71 [DomuWaveApp - EAGLEFLY] Microsoft.AspNetCore.Routing.Matching.DfaMatcher No candidates found for the request path '"/swagger/v1/swagger.json"'
[2026-02-18T13:28:37.4834322+01:00] |DBUG| #71 [DomuWaveApp - EAGLEFLY] Microsoft.AspNetCore.Routing.EndpointRoutingMiddleware Request did not match any endpoints
[2026-02-18T13:28:37.4864150+01:00] |INFO| #70 [DomuWaveApp - EAGLEFLY] Microsoft.AspNetCore.Hosting.Diagnostics Request starting "HTTP/1.1" "GET" "http"://"localhost:60101""""/swagger/favicon-32x32.png""" - null null
[2026-02-18T13:28:37.4908748+01:00] |DBUG| #70 [DomuWaveApp - EAGLEFLY] Microsoft.AspNetCore.Routing.Matching.DfaMatcher No candidates found for the request path '"/swagger/favicon-32x32.png"'
[2026-02-18T13:28:37.4955122+01:00] |DBUG| #70 [DomuWaveApp - EAGLEFLY] Microsoft.AspNetCore.Routing.EndpointRoutingMiddleware Request did not match any endpoints
[2026-02-18T13:28:37.5040225+01:00] |INFO| #70 [DomuWaveApp - EAGLEFLY] Microsoft.AspNetCore.StaticFiles.StaticFileMiddleware Sending file. Request path: '"/favicon-32x32.png"'. Physical path: '"N/A"'
[2026-02-18T13:28:37.5095634+01:00] |DBUG| #70 [DomuWaveApp - EAGLEFLY] Microsoft.AspNetCore.Server.Kestrel.Connections Connection id ""0HNJET4PR93PE"" completed keep alive response.
[2026-02-18T13:28:37.5210095+01:00] |INFO| #70 [DomuWaveApp - EAGLEFLY] Microsoft.AspNetCore.Hosting.Diagnostics Request finished "HTTP/1.1" "GET" "http"://"localhost:60101""""/swagger/favicon-32x32.png""" - 200 628 "image/png" 35.3404ms
[2026-02-18T13:28:37.9306211+01:00] |DBUG| #70 [DomuWaveApp - EAGLEFLY] Microsoft.AspNetCore.Server.Kestrel.Connections Connection id ""0HNJET4PR93PH"" completed keep alive response.
[2026-02-18T13:28:37.9354420+01:00] |INFO| #70 [DomuWaveApp - EAGLEFLY] Microsoft.AspNetCore.Hosting.Diagnostics Request finished "HTTP/1.1" "GET" "http"://"localhost:60101""""/swagger/v1/swagger.json""" - 200 null "application/json;charset=utf-8" 461.3534ms
[2026-02-18T13:28:52.9830749+01:00] |INFO| #67 [DomuWaveApp - EAGLEFLY] Microsoft.AspNetCore.Hosting.Diagnostics Request starting "HTTP/1.1" "GET" "http"://"localhost:60101""""/favicon.ico""" - null null
[2026-02-18T13:28:52.9880276+01:00] |DBUG| #67 [DomuWaveApp - EAGLEFLY] Microsoft.AspNetCore.Routing.Matching.DfaMatcher No candidates found for the request path '"/favicon.ico"'
[2026-02-18T13:28:52.9906350+01:00] |DBUG| #67 [DomuWaveApp - EAGLEFLY] Microsoft.AspNetCore.Routing.EndpointRoutingMiddleware Request did not match any endpoints
[2026-02-18T13:28:52.9942720+01:00] |DBUG| #67 [DomuWaveApp - EAGLEFLY] Microsoft.AspNetCore.StaticFiles.StaticFileMiddleware The request path "" does not match the path filter
[2026-02-18T13:28:52.9961844+01:00] |DBUG| #67 [DomuWaveApp - EAGLEFLY] Microsoft.AspNetCore.Routing.RouteBase Request successfully matched the route with name '"default"' and template '"{controller=Home}/{action=Index}/{id?}"'
[2026-02-18T13:28:52.9977569+01:00] |DBUG| #67 [DomuWaveApp - EAGLEFLY] Microsoft.AspNetCore.Mvc.Infrastructure.ActionSelector No actions matched the current request. Route values: ["controller=favicon.ico", "action=Index"]
[2026-02-18T13:28:53.0013397+01:00] |DBUG| #67 [DomuWaveApp - EAGLEFLY] Microsoft.AspNetCore.Mvc.Routing.MvcRouteHandler No actions matched the current request. Route values: ["controller=favicon.ico", "action=Index"]
[2026-02-18T13:28:53.0039522+01:00] |DBUG| #67 [DomuWaveApp - EAGLEFLY] Microsoft.AspNetCore.Builder.RouterMiddleware Request did not match any routes
[2026-02-18T13:28:53.0090828+01:00] |DBUG| #67 [DomuWaveApp - EAGLEFLY] Microsoft.AspNetCore.Server.Kestrel.Connections Connection id ""0HNJET4PR93PH"" completed keep alive response.
[2026-02-18T13:28:53.0109905+01:00] |INFO| #67 [DomuWaveApp - EAGLEFLY] Microsoft.AspNetCore.Hosting.Diagnostics Request finished "HTTP/1.1" "GET" "http"://"localhost:60101""""/favicon.ico""" - 404 0 null 27.9703ms
[2026-02-18T13:28:53.0146846+01:00] |INFO| #67 [DomuWaveApp - EAGLEFLY] Microsoft.AspNetCore.Hosting.Diagnostics Request reached the end of the middleware pipeline without being handled by application code. Request path: "GET" "http"://"localhost:60101""""/favicon.ico", Response status code: 404
[2026-02-18T13:32:06.8657721+01:00] |INFO| #74 [DomuWaveApp - EAGLEFLY] Microsoft.AspNetCore.Hosting.Diagnostics Request starting "HTTP/1.1" "GET" "http"://"localhost:60101""""/api/Communications""" - null null
[2026-02-18T13:32:06.8774190+01:00] |INFO| #74 [DomuWaveApp - EAGLEFLY] CPQ.Core.Middlewares.CorrelationServiceMiddleware x-correlation-id header not found in the request. Generating a new correlation ID.
[2026-02-18T13:32:06.8795690+01:00] |INFO| #74 [DomuWaveApp - EAGLEFLY] CPQ.Core.Middlewares.CorrelationServiceMiddleware Generated new correlation ID: c5e8915f-349a-4869-8240-c5b06ec64fd7
[2026-02-18T13:32:06.9230426+01:00] |DBUG| #74 [DomuWaveApp - EAGLEFLY] Microsoft.AspNetCore.Routing.Matching.DfaMatcher 1 candidate(s) found for the request path '"/api/Communications"'
[2026-02-18T13:32:06.9342657+01:00] |DBUG| #74 [DomuWaveApp - EAGLEFLY] Microsoft.AspNetCore.Routing.Matching.DfaMatcher Endpoint '"DomuWave.Microservice.Controllers.CommunicationsController.GetAll (DomuWave.Application)"' with route pattern '"api/Communications"' is valid for the request path '"/api/Communications"'
[2026-02-18T13:32:06.9391462+01:00] |DBUG| #74 [DomuWaveApp - EAGLEFLY] Microsoft.AspNetCore.Routing.EndpointRoutingMiddleware Request matched endpoint '"DomuWave.Microservice.Controllers.CommunicationsController.GetAll (DomuWave.Application)"'
[2026-02-18T13:32:06.9472005+01:00] |DBUG| #74 [DomuWaveApp - EAGLEFLY] Microsoft.AspNetCore.StaticFiles.StaticFileMiddleware Static files was skipped as the request already matched an endpoint.
[2026-02-18T13:32:06.9498069+01:00] |DBUG| #74 [DomuWaveApp - EAGLEFLY] Microsoft.AspNetCore.Routing.Tree.TreeRouter Request successfully matched the route with name 'null' and template '"api/Communications"'
[2026-02-18T13:32:06.9628538+01:00] |DBUG| #74 [DomuWaveApp - EAGLEFLY] Microsoft.AspNetCore.Mvc.Infrastructure.ActionSelector Action '"DomuWave.Microservice.Controllers.CommunicationsController.Create (DomuWave.Application)"' with id '"59070b89-a967-47e5-babf-5d81dc85ac54"' did not match the constraint '"Microsoft.AspNetCore.Mvc.ActionConstraints.HttpMethodActionConstraint"'
[2026-02-18T13:32:07.0419431+01:00] |INFO| #74 [DomuWaveApp - EAGLEFLY] CPQ.Core.Persistence.SessionFactories.DefaultSessionFactoryProvider  "c5e8915f-349a-4869-8240-c5b06ec64fd7" ## OPEN TRANSACTION ## [DB:"eaglefly - RistoApp_Auth - sql ver:16.00.1165  - Open"]      [FactoryKey:"AUTH"] [IsolationLevel :ReadUncommitted] 
[2026-02-18T13:32:07.1055723+01:00] |INFO| #74 [DomuWaveApp - EAGLEFLY] Microsoft.AspNetCore.Mvc.Infrastructure.ControllerActionInvoker Route matched with "{action = \"GetAll\", controller = \"Communications\"}". Executing controller action with signature "System.Threading.Tasks.Task`1[Microsoft.AspNetCore.Mvc.IActionResult] GetAll(System.Threading.CancellationToken)" on controller "DomuWave.Microservice.Controllers.CommunicationsController" ("DomuWave.Application").
[2026-02-18T13:32:07.1132540+01:00] |DBUG| #74 [DomuWaveApp - EAGLEFLY] Microsoft.AspNetCore.Mvc.Infrastructure.ControllerActionInvoker Execution plan of "authorization" filters (in the following order): ["None"]
[2026-02-18T13:32:07.1162636+01:00] |DBUG| #74 [DomuWaveApp - EAGLEFLY] Microsoft.AspNetCore.Mvc.Infrastructure.ControllerActionInvoker Execution plan of "resource" filters (in the following order): ["Microsoft.AspNetCore.Mvc.ViewFeatures.Filters.SaveTempDataFilter"]
[2026-02-18T13:32:07.1188503+01:00] |DBUG| #74 [DomuWaveApp - EAGLEFLY] Microsoft.AspNetCore.Mvc.Infrastructure.ControllerActionInvoker Execution plan of "action" filters (in the following order): ["Microsoft.AspNetCore.Mvc.ModelBinding.UnsupportedContentTypeFilter (Order: -3000)", "Microsoft.AspNetCore.Mvc.Infrastructure.ModelStateInvalidFilter (Order: -2000)", "DomuWave.Application.Filters.TenantHeaderFilter", "DomuWave.Application.Filters.SystemBookHeaderFilter", "CPQ.Core.ActionFilters.TokenAuthorizeAttribute (Order: 0)", "DomuWave.Application.Filters.TenantHeaderFilter", "CPQ.Core.ActionFilters.AuthorizationApiFilter (Order: 0)"]
[2026-02-18T13:32:07.1232254+01:00] |DBUG| #74 [DomuWaveApp - EAGLEFLY] Microsoft.AspNetCore.Mvc.Infrastructure.ControllerActionInvoker Execution plan of "exception" filters (in the following order): ["None"]
[2026-02-18T13:32:07.1260996+01:00] |DBUG| #74 [DomuWaveApp - EAGLEFLY] Microsoft.AspNetCore.Mvc.Infrastructure.ControllerActionInvoker Execution plan of "result" filters (in the following order): ["Microsoft.AspNetCore.Mvc.ViewFeatures.Filters.SaveTempDataFilter", "Microsoft.AspNetCore.Mvc.Infrastructure.ClientErrorResultFilter (Order: -2000)", "CPQ.Core.ActionFilters.TokenAuthorizeAttribute (Order: 0)", "CPQ.Core.ActionFilters.AuthorizationApiFilter (Order: 0)"]
[2026-02-18T13:32:07.1358011+01:00] |DBUG| #74 [DomuWaveApp - EAGLEFLY] Microsoft.AspNetCore.Mvc.Infrastructure.ControllerActionInvoker Executing controller factory for controller "DomuWave.Microservice.Controllers.CommunicationsController" ("DomuWave.Application")
[2026-02-18T13:32:07.1527695+01:00] |INFO| #74 [DomuWaveApp - EAGLEFLY] Microsoft.AspNetCore.Mvc.Infrastructure.ControllerActionInvoker Executed action "DomuWave.Microservice.Controllers.CommunicationsController.GetAll (DomuWave.Application)" in 12.1836ms
[2026-02-18T13:32:07.1590976+01:00] |EROR| #74 [DomuWaveApp - EAGLEFLY] CPQ.Core.Middlewares.TraceInfoRequestMiddleware EXCEPTION:["System.InvalidOperationException"]
[2026-02-18T13:32:07.1669643+01:00] |EROR| #74 [DomuWaveApp - EAGLEFLY] CPQ.Core.Middlewares.TraceInfoRequestMiddleware HTTP request information:
		CORRELATION-ID: "c5e8915f-349a-4869-8240-c5b06ec64fd7"
		METHOD: "GET"
		TOKEN: null
		PATH: "/api/Communications"
		QUERYSTRING: ""
		HEADERS: "[Accept:text/plain]
		[Connection:keep-alive]
		[Host:localhost:60101]
		[User-Agent:Mozilla/5.0 (Windows NT 10.0; Win64; x64) AppleWebKit/537.36 (KHTML, like Gecko) Chrome/145.0.0.0 Safari/537.36]
		[Accept-Encoding:gzip, deflate, br, zstd]
		[Accept-Language:it,en-US;q=0.9,en;q=0.8]
		[Referer:http://localhost:60101/swagger/index.html]
		[sec-ch-ua-platform:\"Windows\"]
		[sec-ch-ua:\"Not:A-Brand\";v=\"99\", \"Google Chrome\";v=\"145\", \"Chromium\";v=\"145\"]
		[sec-ch-ua-mobile:?0]
		[Sec-Fetch-Site:same-origin]
		[Sec-Fetch-Mode:cors]
		[Sec-Fetch-Dest:empty]
		[X-Correlation-Id:c5e8915f-349a-4869-8240-c5b06ec64fd7]
"		SCHEMA: "http"
		HOST: "localhost:60101"
		BODY: ""
[2026-02-18T13:32:07.1812440+01:00] |INFO| #74 [DomuWaveApp - EAGLEFLY] CPQ.Core.Middlewares.NHibernateMiddleware "c5e8915f-349a-4869-8240-c5b06ec64fd7" ROLLBACK ALL SESSION FACTORY
[2026-02-18T13:32:07.1953974+01:00] |INFO| #74 [DomuWaveApp - EAGLEFLY] CPQ.Core.Persistence.SessionFactories.DefaultSessionFactoryProvider "c5e8915f-349a-4869-8240-c5b06ec64fd7" ** NO TRANSACTION OPEN CLOSE SESSION ** (Async) " [DB:DomuWave - 16.00.1165]"
[2026-02-18T13:32:07.2143042+01:00] |INFO| #74 [DomuWaveApp - EAGLEFLY] CPQ.Core.Persistence.SessionFactories.DefaultSessionFactoryProvider "c5e8915f-349a-4869-8240-c5b06ec64fd7" -- ROLLBACK --  (Async)  [DB:"eaglefly - RistoApp_Auth - sql ver: 16.00.1165"]  TRANSACTION o__O' 
[2026-02-18T13:32:07.2184938+01:00] |INFO| #74 [DomuWaveApp - EAGLEFLY] CPQ.Core.Middlewares.NHibernateMiddleware "c5e8915f-349a-4869-8240-c5b06ec64fd7" CALL  DEQUEUE ALL  [UNSUCCESS] ACTION
[2026-02-18T13:32:07.2261039+01:00] |INFO| #74 [DomuWaveApp - EAGLEFLY] CPQ.Core.Services.StoreCommitAction "c5e8915f-349a-4869-8240-c5b06ec64fd7" dequeue  in progress (0) actions delegate.  On success:False UOW 
[2026-02-18T13:32:07.2469243+01:00] |EROR| #74 [DomuWaveApp - EAGLEFLY] CPQ.Core.Middlewares.ExceptionMiddleware An exception occurred! [User]:null - [Method]:"GET" -  [Url]:"/api/Communications"""
System.InvalidOperationException: Unable to resolve service for type 'DomuWave.Services.Interfaces.ICommunicationService' while attempting to activate 'DomuWave.Microservice.Controllers.CommunicationsController'.
   at Microsoft.Extensions.DependencyInjection.ActivatorUtilities.ThrowHelperUnableToResolveService(Type type, Type requiredBy)
   at lambda_method51(Closure, IServiceProvider, Object[])
   at Microsoft.AspNetCore.Mvc.Controllers.ControllerFactoryProvider.<>c__DisplayClass6_0.<CreateControllerFactory>g__CreateController|0(ControllerContext controllerContext)
   at Microsoft.AspNetCore.Mvc.Infrastructure.ControllerActionInvoker.Next(State& next, Scope& scope, Object& state, Boolean& isCompleted)
   at Microsoft.AspNetCore.Mvc.Infrastructure.ControllerActionInvoker.InvokeInnerFilterAsync()
--- End of stack trace from previous location ---
   at Microsoft.AspNetCore.Mvc.Infrastructure.ResourceInvoker.<InvokeNextResourceFilter>g__Awaited|25_0(ResourceInvoker invoker, Task lastTask, State next, Scope scope, Object state, Boolean isCompleted)
   at Microsoft.AspNetCore.Mvc.Infrastructure.ResourceInvoker.Rethrow(ResourceExecutedContextSealed context)
   at Microsoft.AspNetCore.Mvc.Infrastructure.ResourceInvoker.Next(State& next, Scope& scope, Object& state, Boolean& isCompleted)
   at Microsoft.AspNetCore.Mvc.Infrastructure.ResourceInvoker.InvokeFilterPipelineAsync()
--- End of stack trace from previous location ---
   at Microsoft.AspNetCore.Mvc.Infrastructure.ResourceInvoker.<InvokeAsync>g__Logged|17_1(ResourceInvoker invoker)
   at Microsoft.AspNetCore.Mvc.Infrastructure.ResourceInvoker.<InvokeAsync>g__Logged|17_1(ResourceInvoker invoker)
   at Microsoft.AspNetCore.Builder.RouterMiddleware.Invoke(HttpContext httpContext)
   at Swashbuckle.AspNetCore.SwaggerUI.SwaggerUIMiddleware.Invoke(HttpContext httpContext)
   at Swashbuckle.AspNetCore.Swagger.SwaggerMiddleware.Invoke(HttpContext httpContext, ISwaggerProvider swaggerProvider)
   at Microsoft.AspNetCore.Authorization.AuthorizationMiddleware.Invoke(HttpContext context)
   at CPQ.Core.Middlewares.TraceInfoRequestMiddleware.InvokeAsync(HttpContext context)
   at CPQ.Core.Middlewares.NHibernateMiddleware.InvokeAsync(HttpContext context, IStoreCommitAction storeCommitAction, ISessionFactoryProvider sessionFactoryProvider, ICorrelationService correlationService)
   at CPQ.Core.Middlewares.NHibernateMiddleware.InvokeAsync(HttpContext context, IStoreCommitAction storeCommitAction, ISessionFactoryProvider sessionFactoryProvider, ICorrelationService correlationService)
   at CPQ.Core.Middlewares.CorrelationServiceMiddleware.InvokeAsync(HttpContext context, IServiceProvider appApplicationServices)
   at CPQ.Core.Middlewares.ExceptionMiddleware.InvokeAsync(HttpContext context)
[2026-02-18T13:32:07.2789608+01:00] |INFO| #74 [DomuWaveApp - EAGLEFLY] CPQ.Core.Middlewares.TraceInfoRequestMiddleware "c5e8915f-349a-4869-8240-c5b06ec64fd7"[User]:null "HTTP request GET /api/Communications" 
[2026-02-18T13:32:07.2827466+01:00] |INFO| #74 [DomuWaveApp - EAGLEFLY] CPQ.Core.Middlewares.TraceInfoRequestMiddleware [Req]: Time(milliseconds):"372"
[2026-02-18T13:32:07.2876310+01:00] |DBUG| #74 [DomuWaveApp - EAGLEFLY] Microsoft.AspNetCore.Server.Kestrel.Connections Connection id ""0HNJET4PR93PH"" completed keep alive response.
[2026-02-18T13:32:07.2907616+01:00] |INFO| #74 [DomuWaveApp - EAGLEFLY] Microsoft.AspNetCore.Hosting.Diagnostics Request finished "HTTP/1.1" "GET" "http"://"localhost:60101""""/api/Communications""" - 500 null null 426.6932ms
[2026-02-18T13:41:25.4201125+01:00] |INFO| #1 [DomuWaveApp - EAGLEFLY]  Check env
[2026-02-18T13:41:25.4397869+01:00] |INFO| #1 [DomuWaveApp - EAGLEFLY]  current ASPNETCORE_ENVIRONMENT: "Development"
[2026-02-18T13:41:25.4438321+01:00] |INFO| #1 [DomuWaveApp - EAGLEFLY]  set ASPNETCORE_ENVIRONMENT: "Development"
[2026-02-18T13:41:25.4461158+01:00] |INFO| #1 [DomuWaveApp - EAGLEFLY]  Init build host
[2026-02-18T13:41:28.9915431+01:00] |DBUG| #1 [DomuWaveApp - EAGLEFLY] Microsoft.AspNetCore.Mvc.ModelBinding.ModelBinderFactory Registered model binder providers, in the following order: ["Microsoft.AspNetCore.Mvc.ModelBinding.Binders.BinderTypeModelBinderProvider", "Microsoft.AspNetCore.Mvc.ModelBinding.Binders.ServicesModelBinderProvider", "Microsoft.AspNetCore.Mvc.ModelBinding.Binders.BodyModelBinderProvider", "Microsoft.AspNetCore.Mvc.ModelBinding.Binders.HeaderModelBinderProvider", "Microsoft.AspNetCore.Mvc.ModelBinding.Binders.FloatingPointTypeModelBinderProvider", "Microsoft.AspNetCore.Mvc.ModelBinding.Binders.EnumTypeModelBinderProvider", "Microsoft.AspNetCore.Mvc.ModelBinding.Binders.DateTimeModelBinderProvider", "Microsoft.AspNetCore.Mvc.ModelBinding.Binders.SimpleTypeModelBinderProvider", "Microsoft.AspNetCore.Mvc.ModelBinding.Binders.TryParseModelBinderProvider", "Microsoft.AspNetCore.Mvc.ModelBinding.Binders.CancellationTokenModelBinderProvider"]
[2026-02-18T13:41:29.0161667+01:00] |DBUG| #1 [DomuWaveApp - EAGLEFLY] Microsoft.AspNetCore.Mvc.Razor.Compilation.DefaultViewCompiler Initializing Razor view compiler with no compiled views.
[2026-02-18T13:41:29.0347600+01:00] |INFO| #1 [DomuWaveApp - EAGLEFLY] Microsoft.AspNetCore.DataProtection.KeyManagement.XmlKeyManager User profile is available. Using '"C:\Users\orazi\AppData\Local\ASP.NET\DataProtection-Keys"' as key repository and Windows DPAPI to encrypt keys at rest.
[2026-02-18T13:41:29.2166094+01:00] |DBUG| #1 [DomuWaveApp - EAGLEFLY] Microsoft.Extensions.Hosting.Internal.Host Hosting starting
[2026-02-18T13:41:29.2473134+01:00] |DBUG| #1 [DomuWaveApp - EAGLEFLY] Microsoft.AspNetCore.DataProtection.Repositories.FileSystemXmlRepository Reading data from file '"C:\Users\orazi\AppData\Local\ASP.NET\DataProtection-Keys\key-758b5018-ec67-4c5b-996b-56c2bae6d95c.xml"'.
[2026-02-18T13:41:29.2548980+01:00] |DBUG| #1 [DomuWaveApp - EAGLEFLY] Microsoft.AspNetCore.DataProtection.Repositories.FileSystemXmlRepository Reading data from file '"C:\Users\orazi\AppData\Local\ASP.NET\DataProtection-Keys\key-98854333-55e6-4965-91a3-2072ff0369d8.xml"'.
[2026-02-18T13:41:29.2690717+01:00] |DBUG| #1 [DomuWaveApp - EAGLEFLY] Microsoft.AspNetCore.DataProtection.Repositories.FileSystemXmlRepository Reading data from file '"C:\Users\orazi\AppData\Local\ASP.NET\DataProtection-Keys\key-b0bfc2ce-4f63-4c6d-80cd-ff9e36348fda.xml"'.
[2026-02-18T13:41:29.2821652+01:00] |DBUG| #1 [DomuWaveApp - EAGLEFLY] Microsoft.AspNetCore.DataProtection.Repositories.FileSystemXmlRepository Reading data from file '"C:\Users\orazi\AppData\Local\ASP.NET\DataProtection-Keys\key-ca0ad485-4dfe-4215-9ed4-2366507a9e3f.xml"'.
[2026-02-18T13:41:29.2948909+01:00] |DBUG| #1 [DomuWaveApp - EAGLEFLY] Microsoft.AspNetCore.DataProtection.KeyManagement.XmlKeyManager Found key {758b5018-ec67-4c5b-996b-56c2bae6d95c}.
[2026-02-18T13:41:29.3003716+01:00] |DBUG| #1 [DomuWaveApp - EAGLEFLY] Microsoft.AspNetCore.DataProtection.KeyManagement.XmlKeyManager Found key {98854333-55e6-4965-91a3-2072ff0369d8}.
[2026-02-18T13:41:29.3130951+01:00] |DBUG| #1 [DomuWaveApp - EAGLEFLY] Microsoft.AspNetCore.DataProtection.KeyManagement.XmlKeyManager Found key {b0bfc2ce-4f63-4c6d-80cd-ff9e36348fda}.
[2026-02-18T13:41:29.3222575+01:00] |DBUG| #1 [DomuWaveApp - EAGLEFLY] Microsoft.AspNetCore.DataProtection.KeyManagement.XmlKeyManager Found key {ca0ad485-4dfe-4215-9ed4-2366507a9e3f}.
[2026-02-18T13:41:29.3473019+01:00] |DBUG| #1 [DomuWaveApp - EAGLEFLY] Microsoft.AspNetCore.DataProtection.KeyManagement.DefaultKeyResolver Considering key {b0bfc2ce-4f63-4c6d-80cd-ff9e36348fda} with expiration date 2026-05-04 04:42:28Z as default key.
[2026-02-18T13:41:29.3529261+01:00] |DBUG| #1 [DomuWaveApp - EAGLEFLY] Microsoft.AspNetCore.DataProtection.TypeForwardingActivator Forwarded activator type request from "Microsoft.AspNetCore.DataProtection.XmlEncryption.DpapiXmlDecryptor, Microsoft.AspNetCore.DataProtection, Version=9.0.0.0, Culture=neutral, PublicKeyToken=adb9793829ddae60" to "Microsoft.AspNetCore.DataProtection.XmlEncryption.DpapiXmlDecryptor, Microsoft.AspNetCore.DataProtection, Culture=neutral, PublicKeyToken=adb9793829ddae60"
[2026-02-18T13:41:29.3548274+01:00] |DBUG| #1 [DomuWaveApp - EAGLEFLY] Microsoft.AspNetCore.DataProtection.XmlEncryption.DpapiXmlDecryptor Decrypting secret element using Windows DPAPI.
[2026-02-18T13:41:29.3564611+01:00] |DBUG| #1 [DomuWaveApp - EAGLEFLY] Microsoft.AspNetCore.DataProtection.TypeForwardingActivator Forwarded activator type request from "Microsoft.AspNetCore.DataProtection.AuthenticatedEncryption.ConfigurationModel.AuthenticatedEncryptorDescriptorDeserializer, Microsoft.AspNetCore.DataProtection, Version=9.0.0.0, Culture=neutral, PublicKeyToken=adb9793829ddae60" to "Microsoft.AspNetCore.DataProtection.AuthenticatedEncryption.ConfigurationModel.AuthenticatedEncryptorDescriptorDeserializer, Microsoft.AspNetCore.DataProtection, Culture=neutral, PublicKeyToken=adb9793829ddae60"
[2026-02-18T13:41:29.3619579+01:00] |DBUG| #1 [DomuWaveApp - EAGLEFLY] Microsoft.AspNetCore.DataProtection.AuthenticatedEncryption.CngCbcAuthenticatedEncryptorFactory Opening CNG algorithm '"AES"' from provider 'null' with chaining mode CBC.
[2026-02-18T13:41:29.3660994+01:00] |DBUG| #1 [DomuWaveApp - EAGLEFLY] Microsoft.AspNetCore.DataProtection.AuthenticatedEncryption.CngCbcAuthenticatedEncryptorFactory Opening CNG algorithm '"SHA256"' from provider 'null' with HMAC.
[2026-02-18T13:41:29.3684458+01:00] |DBUG| #1 [DomuWaveApp - EAGLEFLY] Microsoft.AspNetCore.DataProtection.KeyManagement.KeyRingProvider Using key {b0bfc2ce-4f63-4c6d-80cd-ff9e36348fda} as the default key.
[2026-02-18T13:41:29.3750277+01:00] |DBUG| #1 [DomuWaveApp - EAGLEFLY] Microsoft.AspNetCore.DataProtection.Internal.DataProtectionHostedService Key ring with default key {b0bfc2ce-4f63-4c6d-80cd-ff9e36348fda} was loaded during application startup.
[2026-02-18T13:41:29.3821707+01:00] |INFO| #1 [DomuWaveApp - EAGLEFLY] CPQ.Core.Startups.RecurringJobsHostedService ed95e704-aecb-4716-925c-f246cab9a9ba Recurring jobs engine starting 
[2026-02-18T13:41:29.3924404+01:00] |INFO| #1 [DomuWaveApp - EAGLEFLY] CPQ.Core.Startups.RecurringJobsHostedService ed95e704-aecb-4716-925c-f246cab9a9ba JobConfigurations init engine
[2026-02-18T13:41:29.5193963+01:00] |INFO| #1 [DomuWaveApp - EAGLEFLY] CPQ.Core.Startups.RecurringJobsHostedService ed95e704-aecb-4716-925c-f246cab9a9ba Job configurations info:"{\"QueueDbConnectionString\":\"Server=eaglefly;Database=DomuWave;User Id=Cashflow;Password=XiBw$2aun.J!2vt;TrustServerCertificate=true\",\"ServerKey\":\"DomuWave\",\"UserName\":\"root\",\"SchemaName\":\"DomuWave\",\"IamJobServer\":true,\"ProlongExpirationDay\":365,\"PathBase\":null,\"Queue\":[\"critical\",\"default\"]}"
[2026-02-18T13:41:29.5229483+01:00] |INFO| #1 [DomuWaveApp - EAGLEFLY] CPQ.Core.Startups.RecurringJobsHostedService ed95e704-aecb-4716-925c-f246cab9a9ba Clean all recurring job!
[2026-02-18T13:41:29.6276026+01:00] |INFO| #1 [DomuWaveApp - EAGLEFLY] CPQ.Core.Startups.RecurringJobsHostedService ed95e704-aecb-4716-925c-f246cab9a9ba All jobs have been removed
[2026-02-18T13:41:29.6329461+01:00] |INFO| #1 [DomuWaveApp - EAGLEFLY] CPQ.Core.Startups.RecurringJobsHostedService ed95e704-aecb-4716-925c-f246cab9a9ba Recurring jobs engine started in elapsedTime:"00:00:00.24".
[2026-02-18T13:41:29.8088577+01:00] |INFO| #1 [DomuWaveApp - EAGLEFLY] Microsoft.Hosting.Lifetime Now listening on: "http://[::]:60101"
[2026-02-18T13:41:29.8125760+01:00] |DBUG| #1 [DomuWaveApp - EAGLEFLY] Microsoft.AspNetCore.Hosting.Diagnostics Loaded hosting startup assembly "DomuWave.Application"
[2026-02-18T13:41:29.8643347+01:00] |INFO| #1 [DomuWaveApp - EAGLEFLY] Microsoft.Hosting.Lifetime Application started. Press Ctrl+C to shut down.
[2026-02-18T13:41:29.8662680+01:00] |INFO| #1 [DomuWaveApp - EAGLEFLY] Microsoft.Hosting.Lifetime Hosting environment: "Development"
[2026-02-18T13:41:29.8674977+01:00] |INFO| #1 [DomuWaveApp - EAGLEFLY] Microsoft.Hosting.Lifetime Content root path: "C:\Projects\Works\DomuWave\DomuWave.Application\bin\Debug\net8.0"
[2026-02-18T13:41:29.8699892+01:00] |DBUG| #1 [DomuWaveApp - EAGLEFLY] Microsoft.Extensions.Hosting.Internal.Host Hosting started
[2026-02-18T13:43:31.2750986+01:00] |DBUG| #64 [DomuWaveApp - EAGLEFLY] Microsoft.AspNetCore.Server.Kestrel.Transport.Sockets Connection id ""0HNJETD973FCV"" received FIN.
[2026-02-18T13:43:31.2954235+01:00] |DBUG| #64 [DomuWaveApp - EAGLEFLY] Microsoft.AspNetCore.Server.Kestrel.Connections Connection id ""0HNJETD973FCV"" accepted.
[2026-02-18T13:43:31.3086530+01:00] |DBUG| #66 [DomuWaveApp - EAGLEFLY] Microsoft.AspNetCore.Server.Kestrel.Connections Connection id ""0HNJETD973FCV"" started.
[2026-02-18T13:43:31.3222632+01:00] |DBUG| #65 [DomuWaveApp - EAGLEFLY] Microsoft.AspNetCore.Server.Kestrel.Connections Connection id ""0HNJETD973FD0"" accepted.
[2026-02-18T13:43:31.3254360+01:00] |DBUG| #64 [DomuWaveApp - EAGLEFLY] Microsoft.AspNetCore.Server.Kestrel.Connections Connection id ""0HNJETD973FD0"" started.
[2026-02-18T13:43:31.3253306+01:00] |DBUG| #66 [DomuWaveApp - EAGLEFLY] Microsoft.AspNetCore.Server.Kestrel.Transport.Sockets Connection id ""0HNJETD973FCV"" sending FIN because: ""The Socket transport's send loop completed gracefully.""
[2026-02-18T13:43:31.3312897+01:00] |DBUG| #66 [DomuWaveApp - EAGLEFLY] Microsoft.AspNetCore.Server.Kestrel.Connections Connection id ""0HNJETD973FCV"" disconnecting.
[2026-02-18T13:43:31.3381362+01:00] |DBUG| #66 [DomuWaveApp - EAGLEFLY] Microsoft.AspNetCore.Server.Kestrel.Connections Connection id ""0HNJETD973FCV"" stopped.
[2026-02-18T13:43:31.3706386+01:00] |INFO| #64 [DomuWaveApp - EAGLEFLY] Microsoft.AspNetCore.Hosting.Diagnostics Request starting "HTTP/1.1" "GET" "http"://"localhost:60101""""//api/communications""" - null null
[2026-02-18T13:43:31.3785880+01:00] |DBUG| #64 [DomuWaveApp - EAGLEFLY] Microsoft.AspNetCore.HostFiltering.HostFilteringMiddleware Wildcard detected, all requests with hosts will be allowed.
[2026-02-18T13:43:31.4481582+01:00] |DBUG| #64 [DomuWaveApp - EAGLEFLY] Microsoft.AspNetCore.Routing.Matching.DfaMatcher No candidates found for the request path '"//api/communications"'
[2026-02-18T13:43:31.4515182+01:00] |DBUG| #64 [DomuWaveApp - EAGLEFLY] Microsoft.AspNetCore.Routing.EndpointRoutingMiddleware Request did not match any endpoints
[2026-02-18T13:43:31.5339858+01:00] |DBUG| #64 [DomuWaveApp - EAGLEFLY] Microsoft.AspNetCore.StaticFiles.StaticFileMiddleware The request path "" does not match the path filter
[2026-02-18T13:43:31.5798667+01:00] |DBUG| #64 [DomuWaveApp - EAGLEFLY] Microsoft.AspNetCore.Builder.RouterMiddleware Request did not match any routes
[2026-02-18T13:43:31.5870602+01:00] |DBUG| #64 [DomuWaveApp - EAGLEFLY] Microsoft.AspNetCore.Server.Kestrel.Connections Connection id ""0HNJETD973FD0"" completed keep alive response.
[2026-02-18T13:43:31.5911530+01:00] |INFO| #64 [DomuWaveApp - EAGLEFLY] Microsoft.AspNetCore.Hosting.Diagnostics Request finished "HTTP/1.1" "GET" "http"://"localhost:60101""""//api/communications""" - 404 0 null 237.1559ms
[2026-02-18T13:43:31.5966114+01:00] |INFO| #64 [DomuWaveApp - EAGLEFLY] Microsoft.AspNetCore.Hosting.Diagnostics Request reached the end of the middleware pipeline without being handled by application code. Request path: "GET" "http"://"localhost:60101""""//api/communications", Response status code: 404
[2026-02-18T13:43:36.6021131+01:00] |DBUG| #67 [DomuWaveApp - EAGLEFLY] Microsoft.AspNetCore.Server.Kestrel.Transport.Sockets Connection id ""0HNJETD973FD0"" received FIN.
[2026-02-18T13:43:36.6091696+01:00] |DBUG| #65 [DomuWaveApp - EAGLEFLY] Microsoft.AspNetCore.Server.Kestrel.Transport.Sockets Connection id ""0HNJETD973FD0"" sending FIN because: ""The Socket transport's send loop completed gracefully.""
[2026-02-18T13:43:36.6162388+01:00] |DBUG| #65 [DomuWaveApp - EAGLEFLY] Microsoft.AspNetCore.Server.Kestrel.Connections Connection id ""0HNJETD973FD0"" disconnecting.
[2026-02-18T13:43:36.6224145+01:00] |DBUG| #67 [DomuWaveApp - EAGLEFLY] Microsoft.AspNetCore.Server.Kestrel.Connections Connection id ""0HNJETD973FD0"" stopped.
[2026-02-18T13:46:39.4995585+01:00] |DBUG| #77 [DomuWaveApp - EAGLEFLY] Microsoft.AspNetCore.Server.Kestrel.Connections Connection id ""0HNJETD973FD1"" accepted.
[2026-02-18T13:46:39.5043923+01:00] |DBUG| #79 [DomuWaveApp - EAGLEFLY] Microsoft.AspNetCore.Server.Kestrel.Connections Connection id ""0HNJETD973FD1"" started.
[2026-02-18T13:46:39.5074078+01:00] |INFO| #79 [DomuWaveApp - EAGLEFLY] Microsoft.AspNetCore.Hosting.Diagnostics Request starting "HTTP/1.1" "GET" "http"://"localhost:60101""""//communications""" - null null
[2026-02-18T13:46:39.5122271+01:00] |DBUG| #79 [DomuWaveApp - EAGLEFLY] Microsoft.AspNetCore.Routing.Matching.DfaMatcher No candidates found for the request path '"//communications"'
[2026-02-18T13:46:39.5301878+01:00] |DBUG| #79 [DomuWaveApp - EAGLEFLY] Microsoft.AspNetCore.Routing.EndpointRoutingMiddleware Request did not match any endpoints
[2026-02-18T13:46:39.5340607+01:00] |DBUG| #79 [DomuWaveApp - EAGLEFLY] Microsoft.AspNetCore.StaticFiles.StaticFileMiddleware The request path "" does not match the path filter
[2026-02-18T13:46:39.5365304+01:00] |DBUG| #79 [DomuWaveApp - EAGLEFLY] Microsoft.AspNetCore.Builder.RouterMiddleware Request did not match any routes
[2026-02-18T13:46:39.5384395+01:00] |DBUG| #79 [DomuWaveApp - EAGLEFLY] Microsoft.AspNetCore.Server.Kestrel.Connections Connection id ""0HNJETD973FD1"" completed keep alive response.
[2026-02-18T13:46:39.5451689+01:00] |INFO| #79 [DomuWaveApp - EAGLEFLY] Microsoft.AspNetCore.Hosting.Diagnostics Request finished "HTTP/1.1" "GET" "http"://"localhost:60101""""//communications""" - 404 0 null 37.9159ms
[2026-02-18T13:46:39.5513977+01:00] |INFO| #79 [DomuWaveApp - EAGLEFLY] Microsoft.AspNetCore.Hosting.Diagnostics Request reached the end of the middleware pipeline without being handled by application code. Request path: "GET" "http"://"localhost:60101""""//communications", Response status code: 404
[2026-02-18T13:46:42.9934416+01:00] |INFO| #79 [DomuWaveApp - EAGLEFLY] Microsoft.AspNetCore.Hosting.Diagnostics Request starting "HTTP/1.1" "GET" "http"://"localhost:60101""""//communications""" - null null
[2026-02-18T13:46:42.9984734+01:00] |DBUG| #79 [DomuWaveApp - EAGLEFLY] Microsoft.AspNetCore.Routing.Matching.DfaMatcher No candidates found for the request path '"//communications"'
[2026-02-18T13:46:43.0040530+01:00] |DBUG| #79 [DomuWaveApp - EAGLEFLY] Microsoft.AspNetCore.Routing.EndpointRoutingMiddleware Request did not match any endpoints
[2026-02-18T13:46:43.0070262+01:00] |DBUG| #79 [DomuWaveApp - EAGLEFLY] Microsoft.AspNetCore.StaticFiles.StaticFileMiddleware The request path "" does not match the path filter
[2026-02-18T13:46:43.0093669+01:00] |DBUG| #79 [DomuWaveApp - EAGLEFLY] Microsoft.AspNetCore.Builder.RouterMiddleware Request did not match any routes
[2026-02-18T13:46:43.0109588+01:00] |DBUG| #79 [DomuWaveApp - EAGLEFLY] Microsoft.AspNetCore.Server.Kestrel.Connections Connection id ""0HNJETD973FD1"" completed keep alive response.
[2026-02-18T13:46:43.0134107+01:00] |INFO| #79 [DomuWaveApp - EAGLEFLY] Microsoft.AspNetCore.Hosting.Diagnostics Request finished "HTTP/1.1" "GET" "http"://"localhost:60101""""//communications""" - 404 0 null 19.9543ms
[2026-02-18T13:46:43.0189029+01:00] |INFO| #79 [DomuWaveApp - EAGLEFLY] Microsoft.AspNetCore.Hosting.Diagnostics Request reached the end of the middleware pipeline without being handled by application code. Request path: "GET" "http"://"localhost:60101""""//communications", Response status code: 404
[2026-02-18T13:46:46.5161978+01:00] |INFO| #79 [DomuWaveApp - EAGLEFLY] Microsoft.AspNetCore.Hosting.Diagnostics Request starting "HTTP/1.1" "GET" "http"://"localhost:60101""""//communications""" - null null
[2026-02-18T13:46:46.5216974+01:00] |DBUG| #79 [DomuWaveApp - EAGLEFLY] Microsoft.AspNetCore.Routing.Matching.DfaMatcher No candidates found for the request path '"//communications"'
[2026-02-18T13:46:46.5243509+01:00] |DBUG| #79 [DomuWaveApp - EAGLEFLY] Microsoft.AspNetCore.Routing.EndpointRoutingMiddleware Request did not match any endpoints
[2026-02-18T13:46:46.5260796+01:00] |DBUG| #79 [DomuWaveApp - EAGLEFLY] Microsoft.AspNetCore.StaticFiles.StaticFileMiddleware The request path "" does not match the path filter
[2026-02-18T13:46:46.5275425+01:00] |DBUG| #79 [DomuWaveApp - EAGLEFLY] Microsoft.AspNetCore.Builder.RouterMiddleware Request did not match any routes
[2026-02-18T13:46:46.5291574+01:00] |DBUG| #79 [DomuWaveApp - EAGLEFLY] Microsoft.AspNetCore.Server.Kestrel.Connections Connection id ""0HNJETD973FD1"" completed keep alive response.
[2026-02-18T13:46:46.5316961+01:00] |INFO| #79 [DomuWaveApp - EAGLEFLY] Microsoft.AspNetCore.Hosting.Diagnostics Request finished "HTTP/1.1" "GET" "http"://"localhost:60101""""//communications""" - 404 0 null 15.5323ms
[2026-02-18T13:46:46.5369164+01:00] |INFO| #79 [DomuWaveApp - EAGLEFLY] Microsoft.AspNetCore.Hosting.Diagnostics Request reached the end of the middleware pipeline without being handled by application code. Request path: "GET" "http"://"localhost:60101""""//communications", Response status code: 404
[2026-02-18T13:46:51.5353565+01:00] |DBUG| #79 [DomuWaveApp - EAGLEFLY] Microsoft.AspNetCore.Server.Kestrel.Transport.Sockets Connection id ""0HNJETD973FD1"" received FIN.
[2026-02-18T13:46:51.5425486+01:00] |DBUG| #77 [DomuWaveApp - EAGLEFLY] Microsoft.AspNetCore.Server.Kestrel.Transport.Sockets Connection id ""0HNJETD973FD1"" sending FIN because: ""The Socket transport's send loop completed gracefully.""
[2026-02-18T13:46:51.5518116+01:00] |DBUG| #77 [DomuWaveApp - EAGLEFLY] Microsoft.AspNetCore.Server.Kestrel.Connections Connection id ""0HNJETD973FD1"" disconnecting.
[2026-02-18T13:46:51.5660561+01:00] |DBUG| #79 [DomuWaveApp - EAGLEFLY] Microsoft.AspNetCore.Server.Kestrel.Connections Connection id ""0HNJETD973FD1"" stopped.
[2026-02-18T13:47:17.3835841+01:00] |DBUG| #77 [DomuWaveApp - EAGLEFLY] Microsoft.AspNetCore.Server.Kestrel.Connections Connection id ""0HNJETD973FD2"" accepted.
[2026-02-18T13:47:17.3873931+01:00] |DBUG| #81 [DomuWaveApp - EAGLEFLY] Microsoft.AspNetCore.Server.Kestrel.Connections Connection id ""0HNJETD973FD2"" started.
[2026-02-18T13:47:17.3893063+01:00] |INFO| #81 [DomuWaveApp - EAGLEFLY] Microsoft.AspNetCore.Hosting.Diagnostics Request starting "HTTP/1.1" "GET" "http"://"localhost:60101""""//communications""" - null null
[2026-02-18T13:47:17.3921413+01:00] |DBUG| #81 [DomuWaveApp - EAGLEFLY] Microsoft.AspNetCore.Routing.Matching.DfaMatcher No candidates found for the request path '"//communications"'
[2026-02-18T13:47:17.3942835+01:00] |DBUG| #81 [DomuWaveApp - EAGLEFLY] Microsoft.AspNetCore.Routing.EndpointRoutingMiddleware Request did not match any endpoints
[2026-02-18T13:47:17.3960131+01:00] |DBUG| #81 [DomuWaveApp - EAGLEFLY] Microsoft.AspNetCore.StaticFiles.StaticFileMiddleware The request path "" does not match the path filter
[2026-02-18T13:47:17.3975317+01:00] |DBUG| #81 [DomuWaveApp - EAGLEFLY] Microsoft.AspNetCore.Builder.RouterMiddleware Request did not match any routes
[2026-02-18T13:47:17.3987683+01:00] |DBUG| #81 [DomuWaveApp - EAGLEFLY] Microsoft.AspNetCore.Server.Kestrel.Connections Connection id ""0HNJETD973FD2"" completed keep alive response.
[2026-02-18T13:47:17.4027619+01:00] |INFO| #81 [DomuWaveApp - EAGLEFLY] Microsoft.AspNetCore.Hosting.Diagnostics Request finished "HTTP/1.1" "GET" "http"://"localhost:60101""""//communications""" - 404 0 null 13.475ms
[2026-02-18T13:47:17.4060597+01:00] |INFO| #81 [DomuWaveApp - EAGLEFLY] Microsoft.AspNetCore.Hosting.Diagnostics Request reached the end of the middleware pipeline without being handled by application code. Request path: "GET" "http"://"localhost:60101""""//communications", Response status code: 404
[2026-02-18T13:47:53.5768967+01:00] |INFO| #1 [DomuWaveApp - EAGLEFLY]  Check env
[2026-02-18T13:47:53.5969467+01:00] |INFO| #1 [DomuWaveApp - EAGLEFLY]  current ASPNETCORE_ENVIRONMENT: "Development"
[2026-02-18T13:47:53.6003435+01:00] |INFO| #1 [DomuWaveApp - EAGLEFLY]  set ASPNETCORE_ENVIRONMENT: "Development"
[2026-02-18T13:47:53.6014165+01:00] |INFO| #1 [DomuWaveApp - EAGLEFLY]  Init build host
[2026-02-18T13:47:56.1086031+01:00] |DBUG| #1 [DomuWaveApp - EAGLEFLY] Microsoft.AspNetCore.Mvc.ModelBinding.ModelBinderFactory Registered model binder providers, in the following order: ["Microsoft.AspNetCore.Mvc.ModelBinding.Binders.BinderTypeModelBinderProvider", "Microsoft.AspNetCore.Mvc.ModelBinding.Binders.ServicesModelBinderProvider", "Microsoft.AspNetCore.Mvc.ModelBinding.Binders.BodyModelBinderProvider", "Microsoft.AspNetCore.Mvc.ModelBinding.Binders.HeaderModelBinderProvider", "Microsoft.AspNetCore.Mvc.ModelBinding.Binders.FloatingPointTypeModelBinderProvider", "Microsoft.AspNetCore.Mvc.ModelBinding.Binders.EnumTypeModelBinderProvider", "Microsoft.AspNetCore.Mvc.ModelBinding.Binders.DateTimeModelBinderProvider", "Microsoft.AspNetCore.Mvc.ModelBinding.Binders.SimpleTypeModelBinderProvider", "Microsoft.AspNetCore.Mvc.ModelBinding.Binders.TryParseModelBinderProvider", "Microsoft.AspNetCore.Mvc.ModelBinding.Binders.CancellationTokenModelBinderProvider"]
[2026-02-18T13:47:56.1185477+01:00] |DBUG| #1 [DomuWaveApp - EAGLEFLY] Microsoft.AspNetCore.Mvc.Razor.Compilation.DefaultViewCompiler Initializing Razor view compiler with no compiled views.
[2026-02-18T13:47:56.1255454+01:00] |INFO| #1 [DomuWaveApp - EAGLEFLY] Microsoft.AspNetCore.DataProtection.KeyManagement.XmlKeyManager User profile is available. Using '"C:\Users\orazi\AppData\Local\ASP.NET\DataProtection-Keys"' as key repository and Windows DPAPI to encrypt keys at rest.
[2026-02-18T13:47:56.1803752+01:00] |DBUG| #1 [DomuWaveApp - EAGLEFLY] Microsoft.Extensions.Hosting.Internal.Host Hosting starting
[2026-02-18T13:47:56.1895990+01:00] |DBUG| #1 [DomuWaveApp - EAGLEFLY] Microsoft.AspNetCore.DataProtection.Repositories.FileSystemXmlRepository Reading data from file '"C:\Users\orazi\AppData\Local\ASP.NET\DataProtection-Keys\key-758b5018-ec67-4c5b-996b-56c2bae6d95c.xml"'.
[2026-02-18T13:47:56.1927219+01:00] |DBUG| #1 [DomuWaveApp - EAGLEFLY] Microsoft.AspNetCore.DataProtection.Repositories.FileSystemXmlRepository Reading data from file '"C:\Users\orazi\AppData\Local\ASP.NET\DataProtection-Keys\key-98854333-55e6-4965-91a3-2072ff0369d8.xml"'.
[2026-02-18T13:47:56.1938971+01:00] |DBUG| #1 [DomuWaveApp - EAGLEFLY] Microsoft.AspNetCore.DataProtection.Repositories.FileSystemXmlRepository Reading data from file '"C:\Users\orazi\AppData\Local\ASP.NET\DataProtection-Keys\key-b0bfc2ce-4f63-4c6d-80cd-ff9e36348fda.xml"'.
[2026-02-18T13:47:56.1950855+01:00] |DBUG| #1 [DomuWaveApp - EAGLEFLY] Microsoft.AspNetCore.DataProtection.Repositories.FileSystemXmlRepository Reading data from file '"C:\Users\orazi\AppData\Local\ASP.NET\DataProtection-Keys\key-ca0ad485-4dfe-4215-9ed4-2366507a9e3f.xml"'.
[2026-02-18T13:47:56.1981633+01:00] |DBUG| #1 [DomuWaveApp - EAGLEFLY] Microsoft.AspNetCore.DataProtection.KeyManagement.XmlKeyManager Found key {758b5018-ec67-4c5b-996b-56c2bae6d95c}.
[2026-02-18T13:47:56.1999245+01:00] |DBUG| #1 [DomuWaveApp - EAGLEFLY] Microsoft.AspNetCore.DataProtection.KeyManagement.XmlKeyManager Found key {98854333-55e6-4965-91a3-2072ff0369d8}.
[2026-02-18T13:47:56.2006548+01:00] |DBUG| #1 [DomuWaveApp - EAGLEFLY] Microsoft.AspNetCore.DataProtection.KeyManagement.XmlKeyManager Found key {b0bfc2ce-4f63-4c6d-80cd-ff9e36348fda}.
[2026-02-18T13:47:56.2012725+01:00] |DBUG| #1 [DomuWaveApp - EAGLEFLY] Microsoft.AspNetCore.DataProtection.KeyManagement.XmlKeyManager Found key {ca0ad485-4dfe-4215-9ed4-2366507a9e3f}.
[2026-02-18T13:47:56.2058331+01:00] |DBUG| #1 [DomuWaveApp - EAGLEFLY] Microsoft.AspNetCore.DataProtection.KeyManagement.DefaultKeyResolver Considering key {b0bfc2ce-4f63-4c6d-80cd-ff9e36348fda} with expiration date 2026-05-04 04:42:28Z as default key.
[2026-02-18T13:47:56.2079148+01:00] |DBUG| #1 [DomuWaveApp - EAGLEFLY] Microsoft.AspNetCore.DataProtection.TypeForwardingActivator Forwarded activator type request from "Microsoft.AspNetCore.DataProtection.XmlEncryption.DpapiXmlDecryptor, Microsoft.AspNetCore.DataProtection, Version=9.0.0.0, Culture=neutral, PublicKeyToken=adb9793829ddae60" to "Microsoft.AspNetCore.DataProtection.XmlEncryption.DpapiXmlDecryptor, Microsoft.AspNetCore.DataProtection, Culture=neutral, PublicKeyToken=adb9793829ddae60"
[2026-02-18T13:47:56.2095366+01:00] |DBUG| #1 [DomuWaveApp - EAGLEFLY] Microsoft.AspNetCore.DataProtection.XmlEncryption.DpapiXmlDecryptor Decrypting secret element using Windows DPAPI.
[2026-02-18T13:47:56.2113210+01:00] |DBUG| #1 [DomuWaveApp - EAGLEFLY] Microsoft.AspNetCore.DataProtection.TypeForwardingActivator Forwarded activator type request from "Microsoft.AspNetCore.DataProtection.AuthenticatedEncryption.ConfigurationModel.AuthenticatedEncryptorDescriptorDeserializer, Microsoft.AspNetCore.DataProtection, Version=9.0.0.0, Culture=neutral, PublicKeyToken=adb9793829ddae60" to "Microsoft.AspNetCore.DataProtection.AuthenticatedEncryption.ConfigurationModel.AuthenticatedEncryptorDescriptorDeserializer, Microsoft.AspNetCore.DataProtection, Culture=neutral, PublicKeyToken=adb9793829ddae60"
[2026-02-18T13:47:56.2142688+01:00] |DBUG| #1 [DomuWaveApp - EAGLEFLY] Microsoft.AspNetCore.DataProtection.AuthenticatedEncryption.CngCbcAuthenticatedEncryptorFactory Opening CNG algorithm '"AES"' from provider 'null' with chaining mode CBC.
[2026-02-18T13:47:56.2154071+01:00] |DBUG| #1 [DomuWaveApp - EAGLEFLY] Microsoft.AspNetCore.DataProtection.AuthenticatedEncryption.CngCbcAuthenticatedEncryptorFactory Opening CNG algorithm '"SHA256"' from provider 'null' with HMAC.
[2026-02-18T13:47:56.2167194+01:00] |DBUG| #1 [DomuWaveApp - EAGLEFLY] Microsoft.AspNetCore.DataProtection.KeyManagement.KeyRingProvider Using key {b0bfc2ce-4f63-4c6d-80cd-ff9e36348fda} as the default key.
[2026-02-18T13:47:56.2176974+01:00] |DBUG| #1 [DomuWaveApp - EAGLEFLY] Microsoft.AspNetCore.DataProtection.Internal.DataProtectionHostedService Key ring with default key {b0bfc2ce-4f63-4c6d-80cd-ff9e36348fda} was loaded during application startup.
[2026-02-18T13:47:56.2186873+01:00] |INFO| #1 [DomuWaveApp - EAGLEFLY] CPQ.Core.Startups.RecurringJobsHostedService 90642098-2b43-44f1-9e7d-89bcb63f37e2 Recurring jobs engine starting 
[2026-02-18T13:47:56.2235762+01:00] |INFO| #1 [DomuWaveApp - EAGLEFLY] CPQ.Core.Startups.RecurringJobsHostedService 90642098-2b43-44f1-9e7d-89bcb63f37e2 JobConfigurations init engine
[2026-02-18T13:47:56.2700206+01:00] |INFO| #1 [DomuWaveApp - EAGLEFLY] CPQ.Core.Startups.RecurringJobsHostedService 90642098-2b43-44f1-9e7d-89bcb63f37e2 Job configurations info:"{\"QueueDbConnectionString\":\"Server=eaglefly;Database=DomuWave;User Id=Cashflow;Password=XiBw$2aun.J!2vt;TrustServerCertificate=true\",\"ServerKey\":\"DomuWave\",\"UserName\":\"root\",\"SchemaName\":\"DomuWave\",\"IamJobServer\":true,\"ProlongExpirationDay\":365,\"PathBase\":null,\"Queue\":[\"critical\",\"default\"]}"
[2026-02-18T13:47:56.2724242+01:00] |INFO| #1 [DomuWaveApp - EAGLEFLY] CPQ.Core.Startups.RecurringJobsHostedService 90642098-2b43-44f1-9e7d-89bcb63f37e2 Clean all recurring job!
[2026-02-18T13:47:56.3053745+01:00] |INFO| #1 [DomuWaveApp - EAGLEFLY] CPQ.Core.Startups.RecurringJobsHostedService 90642098-2b43-44f1-9e7d-89bcb63f37e2 All jobs have been removed
[2026-02-18T13:47:56.3062701+01:00] |INFO| #1 [DomuWaveApp - EAGLEFLY] CPQ.Core.Startups.RecurringJobsHostedService 90642098-2b43-44f1-9e7d-89bcb63f37e2 Recurring jobs engine started in elapsedTime:"00:00:00.08".
[2026-02-18T13:47:56.3703388+01:00] |INFO| #1 [DomuWaveApp - EAGLEFLY] Microsoft.Hosting.Lifetime Now listening on: "http://[::]:60101"
[2026-02-18T13:47:56.3717421+01:00] |DBUG| #1 [DomuWaveApp - EAGLEFLY] Microsoft.AspNetCore.Hosting.Diagnostics Loaded hosting startup assembly "DomuWave.Application"
[2026-02-18T13:47:56.3900921+01:00] |INFO| #1 [DomuWaveApp - EAGLEFLY] Microsoft.Hosting.Lifetime Application started. Press Ctrl+C to shut down.
[2026-02-18T13:47:56.3912770+01:00] |INFO| #1 [DomuWaveApp - EAGLEFLY] Microsoft.Hosting.Lifetime Hosting environment: "Development"
[2026-02-18T13:47:56.3923464+01:00] |INFO| #1 [DomuWaveApp - EAGLEFLY] Microsoft.Hosting.Lifetime Content root path: "C:\Projects\Works\DomuWave\DomuWave.Application\bin\Debug\net8.0"
[2026-02-18T13:47:56.3941931+01:00] |DBUG| #1 [DomuWaveApp - EAGLEFLY] Microsoft.Extensions.Hosting.Internal.Host Hosting started
[2026-02-18T13:48:02.6440895+01:00] |DBUG| #13 [DomuWaveApp - EAGLEFLY] Microsoft.AspNetCore.Server.Kestrel.Connections Connection id ""0HNJETFQ32O57"" accepted.
[2026-02-18T13:48:02.6474443+01:00] |DBUG| #11 [DomuWaveApp - EAGLEFLY] Microsoft.AspNetCore.Server.Kestrel.Connections Connection id ""0HNJETFQ32O57"" started.
[2026-02-18T13:48:02.7056511+01:00] |INFO| #11 [DomuWaveApp - EAGLEFLY] Microsoft.AspNetCore.Hosting.Diagnostics Request starting "HTTP/1.1" "GET" "http"://"localhost:60101""""//communications""" - null null
[2026-02-18T13:48:02.7164570+01:00] |DBUG| #11 [DomuWaveApp - EAGLEFLY] Microsoft.AspNetCore.HostFiltering.HostFilteringMiddleware Wildcard detected, all requests with hosts will be allowed.
[2026-02-18T13:48:02.7729964+01:00] |DBUG| #11 [DomuWaveApp - EAGLEFLY] Microsoft.AspNetCore.Routing.Matching.DfaMatcher No candidates found for the request path '"//communications"'
[2026-02-18T13:48:02.7775847+01:00] |DBUG| #11 [DomuWaveApp - EAGLEFLY] Microsoft.AspNetCore.Routing.EndpointRoutingMiddleware Request did not match any endpoints
[2026-02-18T13:48:02.8208803+01:00] |DBUG| #11 [DomuWaveApp - EAGLEFLY] Microsoft.AspNetCore.StaticFiles.StaticFileMiddleware The request path "" does not match the path filter
[2026-02-18T13:48:02.8664008+01:00] |DBUG| #11 [DomuWaveApp - EAGLEFLY] Microsoft.AspNetCore.Builder.RouterMiddleware Request did not match any routes
[2026-02-18T13:48:02.8868484+01:00] |DBUG| #11 [DomuWaveApp - EAGLEFLY] Microsoft.AspNetCore.Server.Kestrel.Connections Connection id ""0HNJETFQ32O57"" completed keep alive response.
[2026-02-18T13:48:02.8971099+01:00] |INFO| #11 [DomuWaveApp - EAGLEFLY] Microsoft.AspNetCore.Hosting.Diagnostics Request finished "HTTP/1.1" "GET" "http"://"localhost:60101""""//communications""" - 404 0 null 209.8694ms
[2026-02-18T13:48:02.9053604+01:00] |INFO| #11 [DomuWaveApp - EAGLEFLY] Microsoft.AspNetCore.Hosting.Diagnostics Request reached the end of the middleware pipeline without being handled by application code. Request path: "GET" "http"://"localhost:60101""""//communications", Response status code: 404
[2026-02-18T13:48:07.9009710+01:00] |DBUG| #11 [DomuWaveApp - EAGLEFLY] Microsoft.AspNetCore.Server.Kestrel.Transport.Sockets Connection id ""0HNJETFQ32O57"" received FIN.
[2026-02-18T13:48:07.9084131+01:00] |DBUG| #11 [DomuWaveApp - EAGLEFLY] Microsoft.AspNetCore.Server.Kestrel.Transport.Sockets Connection id ""0HNJETFQ32O57"" sending FIN because: ""The Socket transport's send loop completed gracefully.""
[2026-02-18T13:48:07.9160013+01:00] |DBUG| #11 [DomuWaveApp - EAGLEFLY] Microsoft.AspNetCore.Server.Kestrel.Connections Connection id ""0HNJETFQ32O57"" disconnecting.
[2026-02-18T13:48:07.9371210+01:00] |DBUG| #64 [DomuWaveApp - EAGLEFLY] Microsoft.AspNetCore.Server.Kestrel.Connections Connection id ""0HNJETFQ32O57"" stopped.
[2026-02-18T13:48:18.8005265+01:00] |DBUG| #13 [DomuWaveApp - EAGLEFLY] Microsoft.AspNetCore.Server.Kestrel.Connections Connection id ""0HNJETFQ32O58"" accepted.
[2026-02-18T13:48:18.8023845+01:00] |DBUG| #65 [DomuWaveApp - EAGLEFLY] Microsoft.AspNetCore.Server.Kestrel.Connections Connection id ""0HNJETFQ32O58"" started.
[2026-02-18T13:48:18.8068722+01:00] |INFO| #65 [DomuWaveApp - EAGLEFLY] Microsoft.AspNetCore.Hosting.Diagnostics Request starting "HTTP/1.1" "GET" "http"://"localhost:60101""""//api/communications""" - null null
[2026-02-18T13:48:18.8121348+01:00] |DBUG| #65 [DomuWaveApp - EAGLEFLY] Microsoft.AspNetCore.Routing.Matching.DfaMatcher No candidates found for the request path '"//api/communications"'
[2026-02-18T13:48:18.8139007+01:00] |DBUG| #65 [DomuWaveApp - EAGLEFLY] Microsoft.AspNetCore.Routing.EndpointRoutingMiddleware Request did not match any endpoints
[2026-02-18T13:48:18.8163245+01:00] |DBUG| #65 [DomuWaveApp - EAGLEFLY] Microsoft.AspNetCore.StaticFiles.StaticFileMiddleware The request path "" does not match the path filter
[2026-02-18T13:48:18.8189392+01:00] |DBUG| #65 [DomuWaveApp - EAGLEFLY] Microsoft.AspNetCore.Builder.RouterMiddleware Request did not match any routes
[2026-02-18T13:48:18.8206689+01:00] |DBUG| #65 [DomuWaveApp - EAGLEFLY] Microsoft.AspNetCore.Server.Kestrel.Connections Connection id ""0HNJETFQ32O58"" completed keep alive response.
[2026-02-18T13:48:18.8253340+01:00] |INFO| #65 [DomuWaveApp - EAGLEFLY] Microsoft.AspNetCore.Hosting.Diagnostics Request finished "HTTP/1.1" "GET" "http"://"localhost:60101""""//api/communications""" - 404 0 null 18.7531ms
[2026-02-18T13:48:18.8295014+01:00] |INFO| #65 [DomuWaveApp - EAGLEFLY] Microsoft.AspNetCore.Hosting.Diagnostics Request reached the end of the middleware pipeline without being handled by application code. Request path: "GET" "http"://"localhost:60101""""//api/communications", Response status code: 404
[2026-02-18T13:48:23.8350846+01:00] |DBUG| #65 [DomuWaveApp - EAGLEFLY] Microsoft.AspNetCore.Server.Kestrel.Transport.Sockets Connection id ""0HNJETFQ32O58"" received FIN.
[2026-02-18T13:48:23.9000068+01:00] |DBUG| #65 [DomuWaveApp - EAGLEFLY] Microsoft.AspNetCore.Server.Kestrel.Connections Connection id ""0HNJETFQ32O58"" disconnecting.
[2026-02-18T13:48:23.9055482+01:00] |DBUG| #64 [DomuWaveApp - EAGLEFLY] Microsoft.AspNetCore.Server.Kestrel.Transport.Sockets Connection id ""0HNJETFQ32O58"" sending FIN because: ""The Socket transport's send loop completed gracefully.""
[2026-02-18T13:48:23.9281138+01:00] |DBUG| #65 [DomuWaveApp - EAGLEFLY] Microsoft.AspNetCore.Server.Kestrel.Connections Connection id ""0HNJETFQ32O58"" stopped.
[2026-02-18T13:48:50.9935605+01:00] |DBUG| #66 [DomuWaveApp - EAGLEFLY] Microsoft.AspNetCore.Server.Kestrel.Connections Connection id ""0HNJETFQ32O59"" accepted.
[2026-02-18T13:48:51.0092906+01:00] |DBUG| #66 [DomuWaveApp - EAGLEFLY] Microsoft.AspNetCore.Server.Kestrel.Connections Connection id ""0HNJETFQ32O59"" started.
[2026-02-18T13:48:51.0203833+01:00] |INFO| #66 [DomuWaveApp - EAGLEFLY] Microsoft.AspNetCore.Hosting.Diagnostics Request starting "HTTP/1.1" "GET" "http"://"localhost:60101""""/api/Communications""" - null null
[2026-02-18T13:48:51.0300852+01:00] |INFO| #66 [DomuWaveApp - EAGLEFLY] CPQ.Core.Middlewares.CorrelationServiceMiddleware x-correlation-id header not found in the request. Generating a new correlation ID.
[2026-02-18T13:48:51.0323164+01:00] |INFO| #66 [DomuWaveApp - EAGLEFLY] CPQ.Core.Middlewares.CorrelationServiceMiddleware Generated new correlation ID: 358cc614-b700-4149-98c9-0016590f3989
[2026-02-18T13:48:51.0605230+01:00] |DBUG| #66 [DomuWaveApp - EAGLEFLY] Microsoft.AspNetCore.Routing.Matching.DfaMatcher 1 candidate(s) found for the request path '"/api/Communications"'
[2026-02-18T13:48:51.0705899+01:00] |DBUG| #66 [DomuWaveApp - EAGLEFLY] Microsoft.AspNetCore.Routing.Matching.DfaMatcher Endpoint '"DomuWave.Microservice.Controllers.CommunicationsController.GetAll (DomuWave.Application)"' with route pattern '"api/Communications"' is valid for the request path '"/api/Communications"'
[2026-02-18T13:48:51.0753010+01:00] |DBUG| #66 [DomuWaveApp - EAGLEFLY] Microsoft.AspNetCore.Routing.EndpointRoutingMiddleware Request matched endpoint '"DomuWave.Microservice.Controllers.CommunicationsController.GetAll (DomuWave.Application)"'
[2026-02-18T13:48:51.0853473+01:00] |DBUG| #66 [DomuWaveApp - EAGLEFLY] Microsoft.AspNetCore.StaticFiles.StaticFileMiddleware Static files was skipped as the request already matched an endpoint.
[2026-02-18T13:48:51.0967233+01:00] |DBUG| #66 [DomuWaveApp - EAGLEFLY] Microsoft.AspNetCore.Routing.Tree.TreeRouter Request successfully matched the route with name 'null' and template '"api/Communications"'
[2026-02-18T13:48:51.1117437+01:00] |DBUG| #66 [DomuWaveApp - EAGLEFLY] Microsoft.AspNetCore.Mvc.Infrastructure.ActionSelector Action '"DomuWave.Microservice.Controllers.CommunicationsController.Create (DomuWave.Application)"' with id '"41956ecb-6b5d-4b24-b27f-6548a53c0684"' did not match the constraint '"Microsoft.AspNetCore.Mvc.ActionConstraints.HttpMethodActionConstraint"'
[2026-02-18T13:48:51.1967857+01:00] |INFO| #66 [DomuWaveApp - EAGLEFLY] CPQ.Core.Persistence.SessionFactories.DefaultSessionFactoryProvider  "358cc614-b700-4149-98c9-0016590f3989" ## OPEN TRANSACTION ## [DB:"eaglefly - RistoApp_Auth - sql ver:16.00.1165  - Open"]      [FactoryKey:"AUTH"] [IsolationLevel :ReadUncommitted] 
[2026-02-18T13:48:51.2330867+01:00] |INFO| #66 [DomuWaveApp - EAGLEFLY] Microsoft.AspNetCore.Mvc.Infrastructure.ControllerActionInvoker Route matched with "{action = \"GetAll\", controller = \"Communications\"}". Executing controller action with signature "System.Threading.Tasks.Task`1[Microsoft.AspNetCore.Mvc.IActionResult] GetAll(System.Threading.CancellationToken)" on controller "DomuWave.Microservice.Controllers.CommunicationsController" ("DomuWave.Application").
[2026-02-18T13:48:51.2372509+01:00] |DBUG| #66 [DomuWaveApp - EAGLEFLY] Microsoft.AspNetCore.Mvc.Infrastructure.ControllerActionInvoker Execution plan of "authorization" filters (in the following order): ["None"]
[2026-02-18T13:48:51.2492229+01:00] |DBUG| #66 [DomuWaveApp - EAGLEFLY] Microsoft.AspNetCore.Mvc.Infrastructure.ControllerActionInvoker Execution plan of "resource" filters (in the following order): ["Microsoft.AspNetCore.Mvc.ViewFeatures.Filters.SaveTempDataFilter"]
[2026-02-18T13:48:51.2594180+01:00] |DBUG| #66 [DomuWaveApp - EAGLEFLY] Microsoft.AspNetCore.Mvc.Infrastructure.ControllerActionInvoker Execution plan of "action" filters (in the following order): ["Microsoft.AspNetCore.Mvc.ModelBinding.UnsupportedContentTypeFilter (Order: -3000)", "Microsoft.AspNetCore.Mvc.Infrastructure.ModelStateInvalidFilter (Order: -2000)", "DomuWave.Application.Filters.TenantHeaderFilter", "DomuWave.Application.Filters.SystemBookHeaderFilter", "CPQ.Core.ActionFilters.TokenAuthorizeAttribute (Order: 0)", "DomuWave.Application.Filters.TenantHeaderFilter", "CPQ.Core.ActionFilters.AuthorizationApiFilter (Order: 0)"]
[2026-02-18T13:48:51.2655252+01:00] |DBUG| #66 [DomuWaveApp - EAGLEFLY] Microsoft.AspNetCore.Mvc.Infrastructure.ControllerActionInvoker Execution plan of "exception" filters (in the following order): ["None"]
[2026-02-18T13:48:51.2682470+01:00] |DBUG| #66 [DomuWaveApp - EAGLEFLY] Microsoft.AspNetCore.Mvc.Infrastructure.ControllerActionInvoker Execution plan of "result" filters (in the following order): ["Microsoft.AspNetCore.Mvc.ViewFeatures.Filters.SaveTempDataFilter", "Microsoft.AspNetCore.Mvc.Infrastructure.ClientErrorResultFilter (Order: -2000)", "CPQ.Core.ActionFilters.TokenAuthorizeAttribute (Order: 0)", "CPQ.Core.ActionFilters.AuthorizationApiFilter (Order: 0)"]
[2026-02-18T13:48:51.2854182+01:00] |DBUG| #66 [DomuWaveApp - EAGLEFLY] Microsoft.AspNetCore.Mvc.Infrastructure.ControllerActionInvoker Executing controller factory for controller "DomuWave.Microservice.Controllers.CommunicationsController" ("DomuWave.Application")
[2026-02-18T13:48:51.3010902+01:00] |DBUG| #66 [DomuWaveApp - EAGLEFLY] Microsoft.AspNetCore.Mvc.Infrastructure.ControllerActionInvoker Executed controller factory for controller "DomuWave.Microservice.Controllers.CommunicationsController" ("DomuWave.Application")
[2026-02-18T13:48:51.3133975+01:00] |DBUG| #66 [DomuWaveApp - EAGLEFLY] Microsoft.AspNetCore.Mvc.ModelBinding.ParameterBinder Attempting to bind parameter '"cancellationToken"' of type '"System.Threading.CancellationToken"' ...
[2026-02-18T13:48:51.3254097+01:00] |DBUG| #66 [DomuWaveApp - EAGLEFLY] Microsoft.AspNetCore.Mvc.ModelBinding.ParameterBinder Done attempting to bind parameter '"cancellationToken"' of type '"System.Threading.CancellationToken"'.
[2026-02-18T13:48:51.3300853+01:00] |DBUG| #66 [DomuWaveApp - EAGLEFLY] Microsoft.AspNetCore.Mvc.ModelBinding.ParameterBinder Attempting to validate the bound parameter '"cancellationToken"' of type '"System.Threading.CancellationToken"' ...
[2026-02-18T13:48:51.3397351+01:00] |DBUG| #66 [DomuWaveApp - EAGLEFLY] Microsoft.AspNetCore.Mvc.ModelBinding.ParameterBinder Done attempting to validate the bound parameter '"cancellationToken"' of type '"System.Threading.CancellationToken"'.
[2026-02-18T13:48:54.6660891+01:00] |INFO| #66 [DomuWaveApp - EAGLEFLY] CPQ.Core.ActionFilters.TokenAuthorizeAttribute "358cc614-b700-4149-98c9-0016590f3989"  "HTTP request GET /api/Communications" 
[2026-02-18T13:48:54.6722076+01:00] |INFO| #66 [DomuWaveApp - EAGLEFLY] CPQ.Core.ActionFilters.TokenAuthorizeAttribute "358cc614-b700-4149-98c9-0016590f3989" Missing token
[2026-02-18T13:48:54.6980927+01:00] |EROR| #66 [DomuWaveApp - EAGLEFLY] CPQ.Core.ActionFilters.TokenAuthorizeAttribute "358cc614-b700-4149-98c9-0016590f3989" Error while try to resolve user.
CPQ.Core.Exceptions.MissingTokenException: Exception of type 'CPQ.Core.Exceptions.MissingTokenException' was thrown.
   at CPQ.Core.ActionFilters.TokenAuthorizeAttribute.OnActionExecutionAsync(ActionExecutingContext context, ActionExecutionDelegate next)
[2026-02-18T13:48:54.7563794+01:00] |INFO| #66 [DomuWaveApp - EAGLEFLY] Microsoft.AspNetCore.Mvc.Infrastructure.ControllerActionInvoker Executed action "DomuWave.Microservice.Controllers.CommunicationsController.GetAll (DomuWave.Application)" in 3468.3123ms
[2026-02-18T13:48:54.7620720+01:00] |EROR| #66 [DomuWaveApp - EAGLEFLY] CPQ.Core.Middlewares.TraceInfoRequestMiddleware EXCEPTION:["CPQ.Core.Exceptions.MissingTokenException"]
[2026-02-18T13:48:54.7734449+01:00] |EROR| #66 [DomuWaveApp - EAGLEFLY] CPQ.Core.Middlewares.TraceInfoRequestMiddleware HTTP request information:
		CORRELATION-ID: "358cc614-b700-4149-98c9-0016590f3989"
		METHOD: "GET"
		TOKEN: null
		PATH: "/api/Communications"
		QUERYSTRING: ""
		HEADERS: "[Accept:text/plain]
		[Connection:keep-alive]
		[Host:localhost:60101]
		[User-Agent:Mozilla/5.0 (Windows NT 10.0; Win64; x64) AppleWebKit/537.36 (KHTML, like Gecko) Chrome/145.0.0.0 Safari/537.36]
		[Accept-Encoding:gzip, deflate, br, zstd]
		[Accept-Language:it,en-US;q=0.9,en;q=0.8]
		[Referer:http://localhost:60101/swagger/index.html]
		[sec-ch-ua-platform:\"Windows\"]
		[sec-ch-ua:\"Not:A-Brand\";v=\"99\", \"Google Chrome\";v=\"145\", \"Chromium\";v=\"145\"]
		[sec-ch-ua-mobile:?0]
		[Sec-Fetch-Site:same-origin]
		[Sec-Fetch-Mode:cors]
		[Sec-Fetch-Dest:empty]
		[X-Correlation-Id:358cc614-b700-4149-98c9-0016590f3989]
"		SCHEMA: "http"
		HOST: "localhost:60101"
		BODY: ""
[2026-02-18T13:48:54.7840725+01:00] |INFO| #66 [DomuWaveApp - EAGLEFLY] CPQ.Core.Middlewares.NHibernateMiddleware "358cc614-b700-4149-98c9-0016590f3989" ROLLBACK ALL SESSION FACTORY
[2026-02-18T13:48:54.8082209+01:00] |INFO| #66 [DomuWaveApp - EAGLEFLY] CPQ.Core.Persistence.SessionFactories.DefaultSessionFactoryProvider "358cc614-b700-4149-98c9-0016590f3989" ** NO TRANSACTION OPEN CLOSE SESSION ** (Async) " [DB:DomuWave - 16.00.1165]"
[2026-02-18T13:48:54.8316094+01:00] |INFO| #66 [DomuWaveApp - EAGLEFLY] CPQ.Core.Persistence.SessionFactories.DefaultSessionFactoryProvider "358cc614-b700-4149-98c9-0016590f3989" -- ROLLBACK --  (Async)  [DB:"eaglefly - RistoApp_Auth - sql ver: 16.00.1165"]  TRANSACTION o__O' 
[2026-02-18T13:48:54.8344367+01:00] |INFO| #66 [DomuWaveApp - EAGLEFLY] CPQ.Core.Middlewares.NHibernateMiddleware "358cc614-b700-4149-98c9-0016590f3989" CALL  DEQUEUE ALL  [UNSUCCESS] ACTION
[2026-02-18T13:48:54.8381184+01:00] |INFO| #66 [DomuWaveApp - EAGLEFLY] CPQ.Core.Services.StoreCommitAction "358cc614-b700-4149-98c9-0016590f3989" dequeue  in progress (0) actions delegate.  On success:False UOW 
[2026-02-18T13:48:54.8595173+01:00] |INFO| #66 [DomuWaveApp - EAGLEFLY] CPQ.Core.Middlewares.TraceInfoRequestMiddleware "358cc614-b700-4149-98c9-0016590f3989"[User]:null "HTTP request GET /api/Communications" 
[2026-02-18T13:48:54.8626761+01:00] |INFO| #66 [DomuWaveApp - EAGLEFLY] CPQ.Core.Middlewares.TraceInfoRequestMiddleware [Req]: Time(milliseconds):"3809"
[2026-02-18T13:48:54.8677278+01:00] |DBUG| #66 [DomuWaveApp - EAGLEFLY] Microsoft.AspNetCore.Server.Kestrel.Connections Connection id ""0HNJETFQ32O59"" completed keep alive response.
[2026-02-18T13:48:54.8773473+01:00] |INFO| #66 [DomuWaveApp - EAGLEFLY] Microsoft.AspNetCore.Hosting.Diagnostics Request finished "HTTP/1.1" "GET" "http"://"localhost:60101""""/api/Communications""" - 401 null null 3857.0131ms
[2026-02-18T13:49:16.8042632+01:00] |INFO| #70 [DomuWaveApp - EAGLEFLY] Microsoft.AspNetCore.Hosting.Diagnostics Request starting "HTTP/1.1" "GET" "http"://"localhost:60101""""/.well-known/appspecific/com.chrome.devtools.json""" - null null
[2026-02-18T13:49:16.8183594+01:00] |DBUG| #70 [DomuWaveApp - EAGLEFLY] Microsoft.AspNetCore.Routing.Matching.DfaMatcher No candidates found for the request path '"/.well-known/appspecific/com.chrome.devtools.json"'
[2026-02-18T13:49:16.8205758+01:00] |DBUG| #70 [DomuWaveApp - EAGLEFLY] Microsoft.AspNetCore.Routing.EndpointRoutingMiddleware Request did not match any endpoints
[2026-02-18T13:49:16.8219779+01:00] |DBUG| #70 [DomuWaveApp - EAGLEFLY] Microsoft.AspNetCore.StaticFiles.StaticFileMiddleware The request path "" does not match the path filter
[2026-02-18T13:49:16.8280230+01:00] |DBUG| #70 [DomuWaveApp - EAGLEFLY] Microsoft.AspNetCore.Routing.RouteBase Request successfully matched the route with name '"default"' and template '"{controller=Home}/{action=Index}/{id?}"'
[2026-02-18T13:49:16.8342151+01:00] |DBUG| #70 [DomuWaveApp - EAGLEFLY] Microsoft.AspNetCore.Mvc.Infrastructure.ActionSelector No actions matched the current request. Route values: ["controller=.well-known", "action=appspecific", "id=com.chrome.devtools.json"]
[2026-02-18T13:49:16.8426640+01:00] |DBUG| #70 [DomuWaveApp - EAGLEFLY] Microsoft.AspNetCore.Mvc.Routing.MvcRouteHandler No actions matched the current request. Route values: ["controller=.well-known", "action=appspecific", "id=com.chrome.devtools.json"]
[2026-02-18T13:49:16.8477073+01:00] |DBUG| #70 [DomuWaveApp - EAGLEFLY] Microsoft.AspNetCore.Builder.RouterMiddleware Request did not match any routes
[2026-02-18T13:49:16.8500242+01:00] |DBUG| #70 [DomuWaveApp - EAGLEFLY] Microsoft.AspNetCore.Server.Kestrel.Connections Connection id ""0HNJETFQ32O59"" completed keep alive response.
[2026-02-18T13:49:16.8595722+01:00] |INFO| #70 [DomuWaveApp - EAGLEFLY] Microsoft.AspNetCore.Hosting.Diagnostics Request finished "HTTP/1.1" "GET" "http"://"localhost:60101""""/.well-known/appspecific/com.chrome.devtools.json""" - 404 0 null 55.4343ms
[2026-02-18T13:49:16.8661987+01:00] |INFO| #70 [DomuWaveApp - EAGLEFLY] Microsoft.AspNetCore.Hosting.Diagnostics Request reached the end of the middleware pipeline without being handled by application code. Request path: "GET" "http"://"localhost:60101""""/.well-known/appspecific/com.chrome.devtools.json", Response status code: 404
[2026-02-18T13:49:18.1670407+01:00] |INFO| #70 [DomuWaveApp - EAGLEFLY] Microsoft.AspNetCore.Hosting.Diagnostics Request starting "HTTP/1.1" "GET" "http"://"localhost:60101""""/api/Communications""" - null null
[2026-02-18T13:49:18.1733026+01:00] |INFO| #70 [DomuWaveApp - EAGLEFLY] CPQ.Core.Middlewares.CorrelationServiceMiddleware x-correlation-id header not found in the request. Generating a new correlation ID.
[2026-02-18T13:49:18.1763618+01:00] |INFO| #70 [DomuWaveApp - EAGLEFLY] CPQ.Core.Middlewares.CorrelationServiceMiddleware Generated new correlation ID: f54db7ee-b519-4d52-92a3-c59bbe83bc24
[2026-02-18T13:49:18.1844686+01:00] |DBUG| #70 [DomuWaveApp - EAGLEFLY] Microsoft.AspNetCore.Routing.Matching.DfaMatcher 1 candidate(s) found for the request path '"/api/Communications"'
[2026-02-18T13:49:18.1898532+01:00] |DBUG| #70 [DomuWaveApp - EAGLEFLY] Microsoft.AspNetCore.Routing.Matching.DfaMatcher Endpoint '"DomuWave.Microservice.Controllers.CommunicationsController.GetAll (DomuWave.Application)"' with route pattern '"api/Communications"' is valid for the request path '"/api/Communications"'
[2026-02-18T13:49:18.1929997+01:00] |DBUG| #70 [DomuWaveApp - EAGLEFLY] Microsoft.AspNetCore.Routing.EndpointRoutingMiddleware Request matched endpoint '"DomuWave.Microservice.Controllers.CommunicationsController.GetAll (DomuWave.Application)"'
[2026-02-18T13:49:18.1963531+01:00] |DBUG| #70 [DomuWaveApp - EAGLEFLY] Microsoft.AspNetCore.StaticFiles.StaticFileMiddleware Static files was skipped as the request already matched an endpoint.
[2026-02-18T13:49:18.2058275+01:00] |DBUG| #70 [DomuWaveApp - EAGLEFLY] Microsoft.AspNetCore.Routing.Tree.TreeRouter Request successfully matched the route with name 'null' and template '"api/Communications"'
[2026-02-18T13:49:18.2086948+01:00] |DBUG| #70 [DomuWaveApp - EAGLEFLY] Microsoft.AspNetCore.Mvc.Infrastructure.ActionSelector Action '"DomuWave.Microservice.Controllers.CommunicationsController.Create (DomuWave.Application)"' with id '"41956ecb-6b5d-4b24-b27f-6548a53c0684"' did not match the constraint '"Microsoft.AspNetCore.Mvc.ActionConstraints.HttpMethodActionConstraint"'
[2026-02-18T13:49:18.2209704+01:00] |INFO| #70 [DomuWaveApp - EAGLEFLY] CPQ.Core.Persistence.SessionFactories.DefaultSessionFactoryProvider  "f54db7ee-b519-4d52-92a3-c59bbe83bc24" ## OPEN TRANSACTION ## [DB:"eaglefly - RistoApp_Auth - sql ver:16.00.1165  - Open"]      [FactoryKey:"AUTH"] [IsolationLevel :ReadUncommitted] 
[2026-02-18T13:49:18.2275347+01:00] |INFO| #70 [DomuWaveApp - EAGLEFLY] Microsoft.AspNetCore.Mvc.Infrastructure.ControllerActionInvoker Route matched with "{action = \"GetAll\", controller = \"Communications\"}". Executing controller action with signature "System.Threading.Tasks.Task`1[Microsoft.AspNetCore.Mvc.IActionResult] GetAll(System.Threading.CancellationToken)" on controller "DomuWave.Microservice.Controllers.CommunicationsController" ("DomuWave.Application").
[2026-02-18T13:49:18.2321704+01:00] |DBUG| #70 [DomuWaveApp - EAGLEFLY] Microsoft.AspNetCore.Mvc.Infrastructure.ControllerActionInvoker Execution plan of "authorization" filters (in the following order): ["None"]
[2026-02-18T13:49:18.2342229+01:00] |DBUG| #70 [DomuWaveApp - EAGLEFLY] Microsoft.AspNetCore.Mvc.Infrastructure.ControllerActionInvoker Execution plan of "resource" filters (in the following order): ["Microsoft.AspNetCore.Mvc.ViewFeatures.Filters.SaveTempDataFilter"]
[2026-02-18T13:49:18.2369134+01:00] |DBUG| #70 [DomuWaveApp - EAGLEFLY] Microsoft.AspNetCore.Mvc.Infrastructure.ControllerActionInvoker Execution plan of "action" filters (in the following order): ["Microsoft.AspNetCore.Mvc.ModelBinding.UnsupportedContentTypeFilter (Order: -3000)", "Microsoft.AspNetCore.Mvc.Infrastructure.ModelStateInvalidFilter (Order: -2000)", "DomuWave.Application.Filters.TenantHeaderFilter", "DomuWave.Application.Filters.SystemBookHeaderFilter", "CPQ.Core.ActionFilters.TokenAuthorizeAttribute (Order: 0)", "DomuWave.Application.Filters.TenantHeaderFilter", "CPQ.Core.ActionFilters.AuthorizationApiFilter (Order: 0)"]
[2026-02-18T13:49:18.2413148+01:00] |DBUG| #70 [DomuWaveApp - EAGLEFLY] Microsoft.AspNetCore.Mvc.Infrastructure.ControllerActionInvoker Execution plan of "exception" filters (in the following order): ["None"]
[2026-02-18T13:49:18.2461648+01:00] |DBUG| #70 [DomuWaveApp - EAGLEFLY] Microsoft.AspNetCore.Mvc.Infrastructure.ControllerActionInvoker Execution plan of "result" filters (in the following order): ["Microsoft.AspNetCore.Mvc.ViewFeatures.Filters.SaveTempDataFilter", "Microsoft.AspNetCore.Mvc.Infrastructure.ClientErrorResultFilter (Order: -2000)", "CPQ.Core.ActionFilters.TokenAuthorizeAttribute (Order: 0)", "CPQ.Core.ActionFilters.AuthorizationApiFilter (Order: 0)"]
[2026-02-18T13:49:18.2497936+01:00] |DBUG| #70 [DomuWaveApp - EAGLEFLY] Microsoft.AspNetCore.Mvc.Infrastructure.ControllerActionInvoker Executing controller factory for controller "DomuWave.Microservice.Controllers.CommunicationsController" ("DomuWave.Application")
[2026-02-18T13:49:18.2535877+01:00] |DBUG| #70 [DomuWaveApp - EAGLEFLY] Microsoft.AspNetCore.Mvc.Infrastructure.ControllerActionInvoker Executed controller factory for controller "DomuWave.Microservice.Controllers.CommunicationsController" ("DomuWave.Application")
[2026-02-18T13:49:18.2565139+01:00] |DBUG| #70 [DomuWaveApp - EAGLEFLY] Microsoft.AspNetCore.Mvc.ModelBinding.ParameterBinder Attempting to bind parameter '"cancellationToken"' of type '"System.Threading.CancellationToken"' ...
[2026-02-18T13:49:18.2624389+01:00] |DBUG| #70 [DomuWaveApp - EAGLEFLY] Microsoft.AspNetCore.Mvc.ModelBinding.ParameterBinder Done attempting to bind parameter '"cancellationToken"' of type '"System.Threading.CancellationToken"'.
[2026-02-18T13:49:18.2650858+01:00] |DBUG| #70 [DomuWaveApp - EAGLEFLY] Microsoft.AspNetCore.Mvc.ModelBinding.ParameterBinder Attempting to validate the bound parameter '"cancellationToken"' of type '"System.Threading.CancellationToken"' ...
[2026-02-18T13:49:18.2679227+01:00] |DBUG| #70 [DomuWaveApp - EAGLEFLY] Microsoft.AspNetCore.Mvc.ModelBinding.ParameterBinder Done attempting to validate the bound parameter '"cancellationToken"' of type '"System.Threading.CancellationToken"'.
[2026-02-18T13:49:37.0598589+01:00] |INFO| #70 [DomuWaveApp - EAGLEFLY] CPQ.Core.ActionFilters.TokenAuthorizeAttribute "f54db7ee-b519-4d52-92a3-c59bbe83bc24"  "HTTP request GET /api/Communications" 
[2026-02-18T13:49:37.0649507+01:00] |INFO| #70 [DomuWaveApp - EAGLEFLY] CPQ.Core.ActionFilters.TokenAuthorizeAttribute "f54db7ee-b519-4d52-92a3-c59bbe83bc24" Missing token
[2026-02-18T13:49:37.0746197+01:00] |EROR| #70 [DomuWaveApp - EAGLEFLY] CPQ.Core.ActionFilters.TokenAuthorizeAttribute "f54db7ee-b519-4d52-92a3-c59bbe83bc24" Error while try to resolve user.
CPQ.Core.Exceptions.MissingTokenException: Exception of type 'CPQ.Core.Exceptions.MissingTokenException' was thrown.
   at CPQ.Core.ActionFilters.TokenAuthorizeAttribute.OnActionExecutionAsync(ActionExecutingContext context, ActionExecutionDelegate next)
[2026-02-18T13:49:37.0831224+01:00] |INFO| #70 [DomuWaveApp - EAGLEFLY] Microsoft.AspNetCore.Mvc.Infrastructure.ControllerActionInvoker Executed action "DomuWave.Microservice.Controllers.CommunicationsController.GetAll (DomuWave.Application)" in 18833.4813ms
[2026-02-18T13:49:37.0887040+01:00] |EROR| #70 [DomuWaveApp - EAGLEFLY] CPQ.Core.Middlewares.TraceInfoRequestMiddleware EXCEPTION:["CPQ.Core.Exceptions.MissingTokenException"]
[2026-02-18T13:49:37.0913361+01:00] |EROR| #70 [DomuWaveApp - EAGLEFLY] CPQ.Core.Middlewares.TraceInfoRequestMiddleware HTTP request information:
		CORRELATION-ID: "f54db7ee-b519-4d52-92a3-c59bbe83bc24"
		METHOD: "GET"
		TOKEN: null
		PATH: "/api/Communications"
		QUERYSTRING: ""
		HEADERS: "[Accept:text/plain]
		[Connection:keep-alive]
		[Host:localhost:60101]
		[User-Agent:Mozilla/5.0 (Windows NT 10.0; Win64; x64) AppleWebKit/537.36 (KHTML, like Gecko) Chrome/145.0.0.0 Safari/537.36]
		[Accept-Encoding:gzip, deflate, br, zstd]
		[Accept-Language:it,en-US;q=0.9,en;q=0.8]
		[Referer:http://localhost:60101/swagger/index.html]
		[sec-ch-ua-platform:\"Windows\"]
		[sec-ch-ua:\"Not:A-Brand\";v=\"99\", \"Google Chrome\";v=\"145\", \"Chromium\";v=\"145\"]
		[sec-ch-ua-mobile:?0]
		[Sec-Fetch-Site:same-origin]
		[Sec-Fetch-Mode:cors]
		[Sec-Fetch-Dest:empty]
		[X-Correlation-Id:f54db7ee-b519-4d52-92a3-c59bbe83bc24]
"		SCHEMA: "http"
		HOST: "localhost:60101"
		BODY: ""
[2026-02-18T13:49:37.1078262+01:00] |INFO| #70 [DomuWaveApp - EAGLEFLY] CPQ.Core.Middlewares.NHibernateMiddleware "f54db7ee-b519-4d52-92a3-c59bbe83bc24" ROLLBACK ALL SESSION FACTORY
[2026-02-18T13:49:37.1101964+01:00] |INFO| #70 [DomuWaveApp - EAGLEFLY] CPQ.Core.Persistence.SessionFactories.DefaultSessionFactoryProvider "f54db7ee-b519-4d52-92a3-c59bbe83bc24" ** NO TRANSACTION OPEN CLOSE SESSION ** (Async) " [DB:DomuWave - 16.00.1165]"
[2026-02-18T13:49:37.1189661+01:00] |INFO| #70 [DomuWaveApp - EAGLEFLY] CPQ.Core.Persistence.SessionFactories.DefaultSessionFactoryProvider "f54db7ee-b519-4d52-92a3-c59bbe83bc24" -- ROLLBACK --  (Async)  [DB:"eaglefly - RistoApp_Auth - sql ver: 16.00.1165"]  TRANSACTION o__O' 
[2026-02-18T13:49:37.1219389+01:00] |INFO| #70 [DomuWaveApp - EAGLEFLY] CPQ.Core.Middlewares.NHibernateMiddleware "f54db7ee-b519-4d52-92a3-c59bbe83bc24" CALL  DEQUEUE ALL  [UNSUCCESS] ACTION
[2026-02-18T13:49:37.1470802+01:00] |INFO| #70 [DomuWaveApp - EAGLEFLY] CPQ.Core.Services.StoreCommitAction "f54db7ee-b519-4d52-92a3-c59bbe83bc24" dequeue  in progress (0) actions delegate.  On success:False UOW 
[2026-02-18T13:49:37.1633339+01:00] |INFO| #70 [DomuWaveApp - EAGLEFLY] CPQ.Core.Middlewares.TraceInfoRequestMiddleware "f54db7ee-b519-4d52-92a3-c59bbe83bc24"[User]:null "HTTP request GET /api/Communications" 
[2026-02-18T13:49:37.1682050+01:00] |INFO| #70 [DomuWaveApp - EAGLEFLY] CPQ.Core.Middlewares.TraceInfoRequestMiddleware [Req]: Time(milliseconds):"18987"
[2026-02-18T13:49:37.1821915+01:00] |DBUG| #70 [DomuWaveApp - EAGLEFLY] Microsoft.AspNetCore.Server.Kestrel.Connections Connection id ""0HNJETFQ32O59"" completed keep alive response.
[2026-02-18T13:49:37.1893120+01:00] |INFO| #70 [DomuWaveApp - EAGLEFLY] Microsoft.AspNetCore.Hosting.Diagnostics Request finished "HTTP/1.1" "GET" "http"://"localhost:60101""""/api/Communications""" - 401 null null 19022.2839ms
[2026-02-18T13:50:41.4574377+01:00] |DBUG| #3 [DomuWaveApp - EAGLEFLY] Microsoft.AspNetCore.Server.Kestrel.Connections Connection id ""0HNJETFQ32O5A"" accepted.
[2026-02-18T13:50:41.4632088+01:00] |DBUG| #73 [DomuWaveApp - EAGLEFLY] Microsoft.AspNetCore.Server.Kestrel.Connections Connection id ""0HNJETFQ32O5A"" started.
[2026-02-18T13:50:41.4678208+01:00] |INFO| #73 [DomuWaveApp - EAGLEFLY] Microsoft.AspNetCore.Hosting.Diagnostics Request starting "HTTP/1.1" "GET" "http"://"localhost:60101""""/api/communications""" - null null
[2026-02-18T13:50:41.4712340+01:00] |INFO| #73 [DomuWaveApp - EAGLEFLY] CPQ.Core.Middlewares.CorrelationServiceMiddleware x-correlation-id header not found in the request. Generating a new correlation ID.
[2026-02-18T13:50:41.4729881+01:00] |INFO| #73 [DomuWaveApp - EAGLEFLY] CPQ.Core.Middlewares.CorrelationServiceMiddleware Generated new correlation ID: eff8e5f7-5935-4f19-9d4d-6d64128e0de9
[2026-02-18T13:50:41.4757036+01:00] |DBUG| #73 [DomuWaveApp - EAGLEFLY] Microsoft.AspNetCore.Routing.Matching.DfaMatcher 1 candidate(s) found for the request path '"/api/communications"'
[2026-02-18T13:50:41.4772936+01:00] |DBUG| #73 [DomuWaveApp - EAGLEFLY] Microsoft.AspNetCore.Routing.Matching.DfaMatcher Endpoint '"DomuWave.Microservice.Controllers.CommunicationsController.GetAll (DomuWave.Application)"' with route pattern '"api/Communications"' is valid for the request path '"/api/communications"'
[2026-02-18T13:50:41.4792242+01:00] |DBUG| #73 [DomuWaveApp - EAGLEFLY] Microsoft.AspNetCore.Routing.EndpointRoutingMiddleware Request matched endpoint '"DomuWave.Microservice.Controllers.CommunicationsController.GetAll (DomuWave.Application)"'
[2026-02-18T13:50:41.4847899+01:00] |DBUG| #73 [DomuWaveApp - EAGLEFLY] Microsoft.AspNetCore.StaticFiles.StaticFileMiddleware Static files was skipped as the request already matched an endpoint.
[2026-02-18T13:50:41.4881507+01:00] |DBUG| #73 [DomuWaveApp - EAGLEFLY] Microsoft.AspNetCore.Routing.Tree.TreeRouter Request successfully matched the route with name 'null' and template '"api/Communications"'
[2026-02-18T13:50:41.4910890+01:00] |DBUG| #73 [DomuWaveApp - EAGLEFLY] Microsoft.AspNetCore.Mvc.Infrastructure.ActionSelector Action '"DomuWave.Microservice.Controllers.CommunicationsController.Create (DomuWave.Application)"' with id '"41956ecb-6b5d-4b24-b27f-6548a53c0684"' did not match the constraint '"Microsoft.AspNetCore.Mvc.ActionConstraints.HttpMethodActionConstraint"'
[2026-02-18T13:50:41.4949880+01:00] |INFO| #73 [DomuWaveApp - EAGLEFLY] CPQ.Core.Persistence.SessionFactories.DefaultSessionFactoryProvider  "eff8e5f7-5935-4f19-9d4d-6d64128e0de9" ## OPEN TRANSACTION ## [DB:"eaglefly - RistoApp_Auth - sql ver:16.00.1165  - Open"]      [FactoryKey:"AUTH"] [IsolationLevel :ReadUncommitted] 
[2026-02-18T13:50:41.5045364+01:00] |INFO| #73 [DomuWaveApp - EAGLEFLY] Microsoft.AspNetCore.Mvc.Infrastructure.ControllerActionInvoker Route matched with "{action = \"GetAll\", controller = \"Communications\"}". Executing controller action with signature "System.Threading.Tasks.Task`1[Microsoft.AspNetCore.Mvc.IActionResult] GetAll(System.Threading.CancellationToken)" on controller "DomuWave.Microservice.Controllers.CommunicationsController" ("DomuWave.Application").
[2026-02-18T13:50:41.5085513+01:00] |DBUG| #73 [DomuWaveApp - EAGLEFLY] Microsoft.AspNetCore.Mvc.Infrastructure.ControllerActionInvoker Execution plan of "authorization" filters (in the following order): ["None"]
[2026-02-18T13:50:41.5111160+01:00] |DBUG| #73 [DomuWaveApp - EAGLEFLY] Microsoft.AspNetCore.Mvc.Infrastructure.ControllerActionInvoker Execution plan of "resource" filters (in the following order): ["Microsoft.AspNetCore.Mvc.ViewFeatures.Filters.SaveTempDataFilter"]
[2026-02-18T13:50:41.5164761+01:00] |DBUG| #73 [DomuWaveApp - EAGLEFLY] Microsoft.AspNetCore.Mvc.Infrastructure.ControllerActionInvoker Execution plan of "action" filters (in the following order): ["Microsoft.AspNetCore.Mvc.ModelBinding.UnsupportedContentTypeFilter (Order: -3000)", "Microsoft.AspNetCore.Mvc.Infrastructure.ModelStateInvalidFilter (Order: -2000)", "DomuWave.Application.Filters.TenantHeaderFilter", "DomuWave.Application.Filters.SystemBookHeaderFilter", "CPQ.Core.ActionFilters.TokenAuthorizeAttribute (Order: 0)", "DomuWave.Application.Filters.TenantHeaderFilter", "CPQ.Core.ActionFilters.AuthorizationApiFilter (Order: 0)"]
[2026-02-18T13:50:41.5203556+01:00] |DBUG| #73 [DomuWaveApp - EAGLEFLY] Microsoft.AspNetCore.Mvc.Infrastructure.ControllerActionInvoker Execution plan of "exception" filters (in the following order): ["None"]
[2026-02-18T13:50:41.5223839+01:00] |DBUG| #73 [DomuWaveApp - EAGLEFLY] Microsoft.AspNetCore.Mvc.Infrastructure.ControllerActionInvoker Execution plan of "result" filters (in the following order): ["Microsoft.AspNetCore.Mvc.ViewFeatures.Filters.SaveTempDataFilter", "Microsoft.AspNetCore.Mvc.Infrastructure.ClientErrorResultFilter (Order: -2000)", "CPQ.Core.ActionFilters.TokenAuthorizeAttribute (Order: 0)", "CPQ.Core.ActionFilters.AuthorizationApiFilter (Order: 0)"]
[2026-02-18T13:50:41.5315189+01:00] |DBUG| #73 [DomuWaveApp - EAGLEFLY] Microsoft.AspNetCore.Mvc.Infrastructure.ControllerActionInvoker Executing controller factory for controller "DomuWave.Microservice.Controllers.CommunicationsController" ("DomuWave.Application")
[2026-02-18T13:50:41.5344581+01:00] |DBUG| #73 [DomuWaveApp - EAGLEFLY] Microsoft.AspNetCore.Mvc.Infrastructure.ControllerActionInvoker Executed controller factory for controller "DomuWave.Microservice.Controllers.CommunicationsController" ("DomuWave.Application")
[2026-02-18T13:50:41.5371998+01:00] |DBUG| #73 [DomuWaveApp - EAGLEFLY] Microsoft.AspNetCore.Mvc.ModelBinding.ParameterBinder Attempting to bind parameter '"cancellationToken"' of type '"System.Threading.CancellationToken"' ...
[2026-02-18T13:50:41.5395094+01:00] |DBUG| #73 [DomuWaveApp - EAGLEFLY] Microsoft.AspNetCore.Mvc.ModelBinding.ParameterBinder Done attempting to bind parameter '"cancellationToken"' of type '"System.Threading.CancellationToken"'.
[2026-02-18T13:50:41.5418429+01:00] |DBUG| #73 [DomuWaveApp - EAGLEFLY] Microsoft.AspNetCore.Mvc.ModelBinding.ParameterBinder Attempting to validate the bound parameter '"cancellationToken"' of type '"System.Threading.CancellationToken"' ...
[2026-02-18T13:50:41.5435744+01:00] |DBUG| #73 [DomuWaveApp - EAGLEFLY] Microsoft.AspNetCore.Mvc.ModelBinding.ParameterBinder Done attempting to validate the bound parameter '"cancellationToken"' of type '"System.Threading.CancellationToken"'.
[2026-02-18T13:50:42.8479723+01:00] |INFO| #73 [DomuWaveApp - EAGLEFLY] CPQ.Core.ActionFilters.TokenAuthorizeAttribute "eff8e5f7-5935-4f19-9d4d-6d64128e0de9"  "HTTP request GET /api/communications" 
[2026-02-18T13:50:42.8541636+01:00] |INFO| #73 [DomuWaveApp - EAGLEFLY] CPQ.Core.ActionFilters.TokenAuthorizeAttribute "eff8e5f7-5935-4f19-9d4d-6d64128e0de9" Missing token
[2026-02-18T13:50:42.8561564+01:00] |EROR| #73 [DomuWaveApp - EAGLEFLY] CPQ.Core.ActionFilters.TokenAuthorizeAttribute "eff8e5f7-5935-4f19-9d4d-6d64128e0de9" Error while try to resolve user.
CPQ.Core.Exceptions.MissingTokenException: Exception of type 'CPQ.Core.Exceptions.MissingTokenException' was thrown.
   at CPQ.Core.ActionFilters.TokenAuthorizeAttribute.OnActionExecutionAsync(ActionExecutingContext context, ActionExecutionDelegate next)
[2026-02-18T13:50:42.8667538+01:00] |INFO| #73 [DomuWaveApp - EAGLEFLY] Microsoft.AspNetCore.Mvc.Infrastructure.ControllerActionInvoker Executed action "DomuWave.Microservice.Controllers.CommunicationsController.GetAll (DomuWave.Application)" in 1335.3483ms
[2026-02-18T13:50:42.8689174+01:00] |EROR| #73 [DomuWaveApp - EAGLEFLY] CPQ.Core.Middlewares.TraceInfoRequestMiddleware EXCEPTION:["CPQ.Core.Exceptions.MissingTokenException"]
[2026-02-18T13:50:42.8812793+01:00] |EROR| #73 [DomuWaveApp - EAGLEFLY] CPQ.Core.Middlewares.TraceInfoRequestMiddleware HTTP request information:
		CORRELATION-ID: "eff8e5f7-5935-4f19-9d4d-6d64128e0de9"
		METHOD: "GET"
		TOKEN: null
		PATH: "/api/communications"
		QUERYSTRING: ""
		HEADERS: "[Accept:application/json, text/plain, */*]
		[Connection:keep-alive]
		[Host:localhost:60101]
		[User-Agent:bruno-runtime/3.0.2]
		[Accept-Encoding:gzip, compress, deflate, br]
		[Authorization:Bearer {{token}}]
		[request-start-time:1771419041438]
		[X-Correlation-Id:eff8e5f7-5935-4f19-9d4d-6d64128e0de9]
"		SCHEMA: "http"
		HOST: "localhost:60101"
		BODY: ""
[2026-02-18T13:50:42.8893279+01:00] |INFO| #73 [DomuWaveApp - EAGLEFLY] CPQ.Core.Middlewares.NHibernateMiddleware "eff8e5f7-5935-4f19-9d4d-6d64128e0de9" ROLLBACK ALL SESSION FACTORY
[2026-02-18T13:50:42.8907164+01:00] |INFO| #73 [DomuWaveApp - EAGLEFLY] CPQ.Core.Persistence.SessionFactories.DefaultSessionFactoryProvider "eff8e5f7-5935-4f19-9d4d-6d64128e0de9" ** NO TRANSACTION OPEN CLOSE SESSION ** (Async) " [DB:DomuWave - 16.00.1165]"
[2026-02-18T13:50:42.8919907+01:00] |INFO| #73 [DomuWaveApp - EAGLEFLY] CPQ.Core.Persistence.SessionFactories.DefaultSessionFactoryProvider "eff8e5f7-5935-4f19-9d4d-6d64128e0de9" -- ROLLBACK --  (Async)  [DB:"eaglefly - RistoApp_Auth - sql ver: 16.00.1165"]  TRANSACTION o__O' 
[2026-02-18T13:50:42.8930617+01:00] |INFO| #73 [DomuWaveApp - EAGLEFLY] CPQ.Core.Middlewares.NHibernateMiddleware "eff8e5f7-5935-4f19-9d4d-6d64128e0de9" CALL  DEQUEUE ALL  [UNSUCCESS] ACTION
[2026-02-18T13:50:42.8938879+01:00] |INFO| #73 [DomuWaveApp - EAGLEFLY] CPQ.Core.Services.StoreCommitAction "eff8e5f7-5935-4f19-9d4d-6d64128e0de9" dequeue  in progress (0) actions delegate.  On success:False UOW 
[2026-02-18T13:50:42.8953922+01:00] |INFO| #73 [DomuWaveApp - EAGLEFLY] CPQ.Core.Middlewares.TraceInfoRequestMiddleware "eff8e5f7-5935-4f19-9d4d-6d64128e0de9"[User]:null "HTTP request GET /api/communications" 
[2026-02-18T13:50:42.8968795+01:00] |INFO| #73 [DomuWaveApp - EAGLEFLY] CPQ.Core.Middlewares.TraceInfoRequestMiddleware [Req]: Time(milliseconds):"1421"
[2026-02-18T13:50:42.8985076+01:00] |DBUG| #73 [DomuWaveApp - EAGLEFLY] Microsoft.AspNetCore.Server.Kestrel.Connections Connection id ""0HNJETFQ32O5A"" completed keep alive response.
[2026-02-18T13:50:42.9004294+01:00] |INFO| #73 [DomuWaveApp - EAGLEFLY] Microsoft.AspNetCore.Hosting.Diagnostics Request finished "HTTP/1.1" "GET" "http"://"localhost:60101""""/api/communications""" - 401 null null 1432.656ms
[2026-02-18T13:50:47.9019961+01:00] |DBUG| #73 [DomuWaveApp - EAGLEFLY] Microsoft.AspNetCore.Server.Kestrel.Transport.Sockets Connection id ""0HNJETFQ32O5A"" received FIN.
[2026-02-18T13:50:47.9083130+01:00] |DBUG| #73 [DomuWaveApp - EAGLEFLY] Microsoft.AspNetCore.Server.Kestrel.Connections Connection id ""0HNJETFQ32O5A"" disconnecting.
[2026-02-18T13:50:47.9128942+01:00] |DBUG| #75 [DomuWaveApp - EAGLEFLY] Microsoft.AspNetCore.Server.Kestrel.Transport.Sockets Connection id ""0HNJETFQ32O5A"" sending FIN because: ""The Socket transport's send loop completed gracefully.""
[2026-02-18T13:50:47.9323217+01:00] |DBUG| #73 [DomuWaveApp - EAGLEFLY] Microsoft.AspNetCore.Server.Kestrel.Connections Connection id ""0HNJETFQ32O5A"" stopped.
[2026-02-18T13:51:11.3373645+01:00] |DBUG| #3 [DomuWaveApp - EAGLEFLY] Microsoft.AspNetCore.Server.Kestrel.Connections Connection id ""0HNJETFQ32O5B"" accepted.
[2026-02-18T13:51:11.3423314+01:00] |DBUG| #76 [DomuWaveApp - EAGLEFLY] Microsoft.AspNetCore.Server.Kestrel.Connections Connection id ""0HNJETFQ32O5B"" started.
[2026-02-18T13:51:11.3456497+01:00] |INFO| #76 [DomuWaveApp - EAGLEFLY] Microsoft.AspNetCore.Hosting.Diagnostics Request starting "HTTP/1.1" "GET" "http"://"localhost:60101""""/api/communications""" - null null
[2026-02-18T13:51:11.3535541+01:00] |INFO| #76 [DomuWaveApp - EAGLEFLY] CPQ.Core.Middlewares.CorrelationServiceMiddleware x-correlation-id header not found in the request. Generating a new correlation ID.
[2026-02-18T13:51:11.3567330+01:00] |INFO| #76 [DomuWaveApp - EAGLEFLY] CPQ.Core.Middlewares.CorrelationServiceMiddleware Generated new correlation ID: a97391a7-3fe5-404d-ac19-713be77f6cd5
[2026-02-18T13:51:11.3584439+01:00] |DBUG| #76 [DomuWaveApp - EAGLEFLY] Microsoft.AspNetCore.Routing.Matching.DfaMatcher 1 candidate(s) found for the request path '"/api/communications"'
[2026-02-18T13:51:11.3602659+01:00] |DBUG| #76 [DomuWaveApp - EAGLEFLY] Microsoft.AspNetCore.Routing.Matching.DfaMatcher Endpoint '"DomuWave.Microservice.Controllers.CommunicationsController.GetAll (DomuWave.Application)"' with route pattern '"api/Communications"' is valid for the request path '"/api/communications"'
[2026-02-18T13:51:11.3630688+01:00] |DBUG| #76 [DomuWaveApp - EAGLEFLY] Microsoft.AspNetCore.Routing.EndpointRoutingMiddleware Request matched endpoint '"DomuWave.Microservice.Controllers.CommunicationsController.GetAll (DomuWave.Application)"'
[2026-02-18T13:51:11.3648468+01:00] |DBUG| #76 [DomuWaveApp - EAGLEFLY] Microsoft.AspNetCore.StaticFiles.StaticFileMiddleware Static files was skipped as the request already matched an endpoint.
[2026-02-18T13:51:11.3660181+01:00] |DBUG| #76 [DomuWaveApp - EAGLEFLY] Microsoft.AspNetCore.Routing.Tree.TreeRouter Request successfully matched the route with name 'null' and template '"api/Communications"'
[2026-02-18T13:51:11.3675978+01:00] |DBUG| #76 [DomuWaveApp - EAGLEFLY] Microsoft.AspNetCore.Mvc.Infrastructure.ActionSelector Action '"DomuWave.Microservice.Controllers.CommunicationsController.Create (DomuWave.Application)"' with id '"41956ecb-6b5d-4b24-b27f-6548a53c0684"' did not match the constraint '"Microsoft.AspNetCore.Mvc.ActionConstraints.HttpMethodActionConstraint"'
[2026-02-18T13:51:11.3757834+01:00] |INFO| #76 [DomuWaveApp - EAGLEFLY] CPQ.Core.Persistence.SessionFactories.DefaultSessionFactoryProvider  "a97391a7-3fe5-404d-ac19-713be77f6cd5" ## OPEN TRANSACTION ## [DB:"eaglefly - RistoApp_Auth - sql ver:16.00.1165  - Open"]      [FactoryKey:"AUTH"] [IsolationLevel :ReadUncommitted] 
[2026-02-18T13:51:11.3819709+01:00] |INFO| #76 [DomuWaveApp - EAGLEFLY] Microsoft.AspNetCore.Mvc.Infrastructure.ControllerActionInvoker Route matched with "{action = \"GetAll\", controller = \"Communications\"}". Executing controller action with signature "System.Threading.Tasks.Task`1[Microsoft.AspNetCore.Mvc.IActionResult] GetAll(System.Threading.CancellationToken)" on controller "DomuWave.Microservice.Controllers.CommunicationsController" ("DomuWave.Application").
[2026-02-18T13:51:11.3868983+01:00] |DBUG| #76 [DomuWaveApp - EAGLEFLY] Microsoft.AspNetCore.Mvc.Infrastructure.ControllerActionInvoker Execution plan of "authorization" filters (in the following order): ["None"]
[2026-02-18T13:51:11.3904077+01:00] |DBUG| #76 [DomuWaveApp - EAGLEFLY] Microsoft.AspNetCore.Mvc.Infrastructure.ControllerActionInvoker Execution plan of "resource" filters (in the following order): ["Microsoft.AspNetCore.Mvc.ViewFeatures.Filters.SaveTempDataFilter"]
[2026-02-18T13:51:11.3926699+01:00] |DBUG| #76 [DomuWaveApp - EAGLEFLY] Microsoft.AspNetCore.Mvc.Infrastructure.ControllerActionInvoker Execution plan of "action" filters (in the following order): ["Microsoft.AspNetCore.Mvc.ModelBinding.UnsupportedContentTypeFilter (Order: -3000)", "Microsoft.AspNetCore.Mvc.Infrastructure.ModelStateInvalidFilter (Order: -2000)", "DomuWave.Application.Filters.TenantHeaderFilter", "DomuWave.Application.Filters.SystemBookHeaderFilter", "CPQ.Core.ActionFilters.TokenAuthorizeAttribute (Order: 0)", "DomuWave.Application.Filters.TenantHeaderFilter", "CPQ.Core.ActionFilters.AuthorizationApiFilter (Order: 0)"]
[2026-02-18T13:51:11.3956009+01:00] |DBUG| #76 [DomuWaveApp - EAGLEFLY] Microsoft.AspNetCore.Mvc.Infrastructure.ControllerActionInvoker Execution plan of "exception" filters (in the following order): ["None"]
[2026-02-18T13:51:11.3971289+01:00] |DBUG| #76 [DomuWaveApp - EAGLEFLY] Microsoft.AspNetCore.Mvc.Infrastructure.ControllerActionInvoker Execution plan of "result" filters (in the following order): ["Microsoft.AspNetCore.Mvc.ViewFeatures.Filters.SaveTempDataFilter", "Microsoft.AspNetCore.Mvc.Infrastructure.ClientErrorResultFilter (Order: -2000)", "CPQ.Core.ActionFilters.TokenAuthorizeAttribute (Order: 0)", "CPQ.Core.ActionFilters.AuthorizationApiFilter (Order: 0)"]
[2026-02-18T13:51:11.4005891+01:00] |DBUG| #76 [DomuWaveApp - EAGLEFLY] Microsoft.AspNetCore.Mvc.Infrastructure.ControllerActionInvoker Executing controller factory for controller "DomuWave.Microservice.Controllers.CommunicationsController" ("DomuWave.Application")
[2026-02-18T13:51:11.4053365+01:00] |DBUG| #76 [DomuWaveApp - EAGLEFLY] Microsoft.AspNetCore.Mvc.Infrastructure.ControllerActionInvoker Executed controller factory for controller "DomuWave.Microservice.Controllers.CommunicationsController" ("DomuWave.Application")
[2026-02-18T13:51:11.4075638+01:00] |DBUG| #76 [DomuWaveApp - EAGLEFLY] Microsoft.AspNetCore.Mvc.ModelBinding.ParameterBinder Attempting to bind parameter '"cancellationToken"' of type '"System.Threading.CancellationToken"' ...
[2026-02-18T13:51:11.4107712+01:00] |DBUG| #76 [DomuWaveApp - EAGLEFLY] Microsoft.AspNetCore.Mvc.ModelBinding.ParameterBinder Done attempting to bind parameter '"cancellationToken"' of type '"System.Threading.CancellationToken"'.
[2026-02-18T13:51:11.4135283+01:00] |DBUG| #76 [DomuWaveApp - EAGLEFLY] Microsoft.AspNetCore.Mvc.ModelBinding.ParameterBinder Attempting to validate the bound parameter '"cancellationToken"' of type '"System.Threading.CancellationToken"' ...
[2026-02-18T13:51:11.4161718+01:00] |DBUG| #76 [DomuWaveApp - EAGLEFLY] Microsoft.AspNetCore.Mvc.ModelBinding.ParameterBinder Done attempting to validate the bound parameter '"cancellationToken"' of type '"System.Threading.CancellationToken"'.
[2026-02-18T13:51:19.9698894+01:00] |INFO| #76 [DomuWaveApp - EAGLEFLY] CPQ.Core.Services.UserService "a97391a7-3fe5-404d-ac19-713be77f6cd5" Get by token "JowGcWLLayCG5nCn6SYNqNnRYeYzRbrjmBDCR7hnsCg="
[2026-02-18T13:51:20.5796761+01:00] |INFO| #76 [DomuWaveApp - EAGLEFLY] CPQ.Core.Persistence.SqlDebugOutputInterceptor NHibernate: 
[2026-02-18T13:51:20.5828712+01:00] |INFO| #76 [DomuWaveApp - EAGLEFLY] CPQ.Core.Persistence.SqlDebugOutputInterceptor /* [expression] */select user0_.UserId as userid1_0_, user0_.IsSystemUser as issystemuser3_0_, user0_.Token as token4_0_, user0_.Code as code5_0_, user0_.AvatarPath as avatarpath6_0_, user0_.Login as login7_0_, user0_.Email as email8_0_, user0_.FirstName as firstname9_0_, user0_.LastName as lastname10_0_, user0_.IsActive as isactive11_0_, user0_.Password as password12_0_, user0_.SupervisorUserId as supervisoruserid13_0_, user0_.IsDeleted as isdeleted14_0_, user0_.PasswordExpired as passwordexpired15_0_, user0_.[Path] as Path16_0_, user0_.HomePageMenuId as homepagemenuid17_0_, user0_.RoleId as roleid18_0_ from dbo.base_Users user0_ where user0_.Discriminator=N'ORYX' and user0_.Token=? ORDER BY CURRENT_TIMESTAMP OFFSET 0 ROWS FETCH FIRST 1 ROWS ONLY
[2026-02-18T13:51:23.1611332+01:00] |INFO| #3 [DomuWaveApp - EAGLEFLY] CPQ.Core.Persistence.SqlDebugOutputInterceptor NHibernate: 
[2026-02-18T13:51:23.1639567+01:00] |INFO| #3 [DomuWaveApp - EAGLEFLY] CPQ.Core.Persistence.SqlDebugOutputInterceptor /* load collection CPQ.Core.Memberships.User.Groups */ SELECT groups0_.UserId as userid1_1_1_, groups0_.GroupId as groupid2_1_1_, group1_.GroupId as groupid1_5_0_, group1_.Code as code3_5_0_, group1_.Description as description4_5_0_, group1_.Weight as weight5_5_0_, group1_.IsActive as isactive6_5_0_, group1_.IsFieldForceGroup as isfieldforcegroup7_5_0_, group1_.IsSystemEntity as issystementity8_5_0_, group1_.IsDefault as isdefault9_5_0_, group1_.IsDeleted as isdeleted10_5_0_, group1_.CompanyType as companytype11_5_0_, group1_.CompanyId as companyid12_5_0_, group1_.ParentId as parentid13_5_0_ FROM dbo.syn_auth_UsersGroups groups0_ left outer join dbo.syn_auth_Groups group1_ on groups0_.GroupId=group1_.GroupId WHERE groups0_.UserId=?
[2026-02-18T13:51:23.2433602+01:00] |INFO| #3 [DomuWaveApp - EAGLEFLY] CPQ.Core.Persistence.SqlDebugOutputInterceptor NHibernate: 
[2026-02-18T13:51:23.2458479+01:00] |INFO| #3 [DomuWaveApp - EAGLEFLY] CPQ.Core.Persistence.SqlDebugOutputInterceptor /* load CPQ.Core.Memberships.Role */ SELECT role0_.GroupId as groupid1_5_0_, role0_.Code as code3_5_0_, role0_.Description as description4_5_0_, role0_.Weight as weight5_5_0_, role0_.IsActive as isactive6_5_0_, role0_.IsFieldForceGroup as isfieldforcegroup7_5_0_, role0_.IsSystemEntity as issystementity8_5_0_, role0_.IsDefault as isdefault9_5_0_, role0_.IsDeleted as isdeleted10_5_0_, role0_.CompanyType as companytype11_5_0_, role0_.CompanyId as companyid12_5_0_, role0_.ParentId as parentid13_5_0_ FROM dbo.syn_auth_Groups role0_ WHERE role0_.GroupId=? and role0_.Discriminator=N'role' and ( role0_.IsDeleted = 0) 
[2026-02-18T13:51:26.3008090+01:00] |INFO| #3 [DomuWaveApp - EAGLEFLY] Microsoft.AspNetCore.Mvc.Infrastructure.ControllerActionInvoker Executed action "DomuWave.Microservice.Controllers.CommunicationsController.GetAll (DomuWave.Application)" in 14900.4033ms
[2026-02-18T13:51:26.3044181+01:00] |EROR| #3 [DomuWaveApp - EAGLEFLY] CPQ.Core.Middlewares.TraceInfoRequestMiddleware EXCEPTION:["System.FormatException"]
[2026-02-18T13:51:26.3054760+01:00] |EROR| #3 [DomuWaveApp - EAGLEFLY] CPQ.Core.Middlewares.TraceInfoRequestMiddleware HTTP request information:
		CORRELATION-ID: "a97391a7-3fe5-404d-ac19-713be77f6cd5"
		METHOD: "GET"
		TOKEN: "JowGcWLLayCG5nCn6SYNqNnRYeYzRbrjmBDCR7hnsCg="
		PATH: "/api/communications"
		QUERYSTRING: ""
		HEADERS: "[Accept:application/json, text/plain, */*]
		[Connection:keep-alive]
		[Host:localhost:60101]
		[User-Agent:bruno-runtime/3.0.2]
		[Accept-Encoding:gzip, compress, deflate, br]
		[Authorization:Bearer {{token}}]
		[X-Auth-Token:JowGcWLLayCG5nCn6SYNqNnRYeYzRbrjmBDCR7hnsCg=]
		[request-start-time:1771419071334]
		[X-Correlation-Id:a97391a7-3fe5-404d-ac19-713be77f6cd5]
"		SCHEMA: "http"
		HOST: "localhost:60101"
		BODY: ""
[2026-02-18T13:51:26.3087416+01:00] |INFO| #3 [DomuWaveApp - EAGLEFLY] CPQ.Core.Middlewares.NHibernateMiddleware "a97391a7-3fe5-404d-ac19-713be77f6cd5" ROLLBACK ALL SESSION FACTORY
[2026-02-18T13:51:26.3098410+01:00] |INFO| #3 [DomuWaveApp - EAGLEFLY] CPQ.Core.Persistence.SessionFactories.DefaultSessionFactoryProvider "a97391a7-3fe5-404d-ac19-713be77f6cd5" ** NO TRANSACTION OPEN CLOSE SESSION ** (Async) " [DB:DomuWave - 16.00.1165]"
[2026-02-18T13:51:26.3112456+01:00] |INFO| #3 [DomuWaveApp - EAGLEFLY] CPQ.Core.Persistence.SessionFactories.DefaultSessionFactoryProvider "a97391a7-3fe5-404d-ac19-713be77f6cd5" -- ROLLBACK --  (Async)  [DB:"eaglefly - RistoApp_Auth - sql ver: 16.00.1165"]  TRANSACTION o__O' 
[2026-02-18T13:51:26.3131898+01:00] |INFO| #3 [DomuWaveApp - EAGLEFLY] CPQ.Core.Middlewares.NHibernateMiddleware "a97391a7-3fe5-404d-ac19-713be77f6cd5" CALL  DEQUEUE ALL  [UNSUCCESS] ACTION
[2026-02-18T13:51:26.3143630+01:00] |INFO| #3 [DomuWaveApp - EAGLEFLY] CPQ.Core.Services.StoreCommitAction "a97391a7-3fe5-404d-ac19-713be77f6cd5" dequeue  in progress (0) actions delegate.  On success:False UOW 
[2026-02-18T13:51:26.3191746+01:00] |EROR| #3 [DomuWaveApp - EAGLEFLY] CPQ.Core.Middlewares.ExceptionMiddleware An exception occurred! [User]:"JowGcWLLayCG5nCn6SYNqNnRYeYzRbrjmBDCR7hnsCg=" - [Method]:"GET" -  [Url]:"/api/communications"""
System.FormatException: Unrecognized Guid format.
   at System.Guid.GuidResult.SetFailure(ParseFailure failureKind)
   at System.Guid.TryParseGuid(ReadOnlySpan`1 guidString, GuidResult& result)
   at System.Guid..ctor(String g)
   at DomuWave.Application.Filters.TenantHeaderFilter.OnActionExecutionAsync(ActionExecutingContext context, ActionExecutionDelegate next) in C:\Projects\Works\DomuWave\DomuWave.Application\Filters\TenantHeaderFilter.cs:line 50
   at Microsoft.AspNetCore.Mvc.Infrastructure.ControllerActionInvoker.<InvokeNextActionFilterAsync>g__Awaited|10_0(ControllerActionInvoker invoker, Task lastTask, State next, Scope scope, Object state, Boolean isCompleted)
   at Microsoft.AspNetCore.Mvc.Infrastructure.ControllerActionInvoker.Rethrow(ActionExecutedContextSealed context)
   at Microsoft.AspNetCore.Mvc.Infrastructure.ControllerActionInvoker.Next(State& next, Scope& scope, Object& state, Boolean& isCompleted)
   at Microsoft.AspNetCore.Mvc.Infrastructure.ControllerActionInvoker.<InvokeInnerFilterAsync>g__Awaited|13_0(ControllerActionInvoker invoker, Task lastTask, State next, Scope scope, Object state, Boolean isCompleted)
   at Microsoft.AspNetCore.Mvc.Infrastructure.ResourceInvoker.<InvokeNextResourceFilter>g__Awaited|25_0(ResourceInvoker invoker, Task lastTask, State next, Scope scope, Object state, Boolean isCompleted)
   at Microsoft.AspNetCore.Mvc.Infrastructure.ResourceInvoker.Rethrow(ResourceExecutedContextSealed context)
   at Microsoft.AspNetCore.Mvc.Infrastructure.ResourceInvoker.Next(State& next, Scope& scope, Object& state, Boolean& isCompleted)
   at Microsoft.AspNetCore.Mvc.Infrastructure.ResourceInvoker.<InvokeFilterPipelineAsync>g__Awaited|20_0(ResourceInvoker invoker, Task lastTask, State next, Scope scope, Object state, Boolean isCompleted)
   at Microsoft.AspNetCore.Mvc.Infrastructure.ResourceInvoker.<InvokeAsync>g__Logged|17_1(ResourceInvoker invoker)
   at Microsoft.AspNetCore.Mvc.Infrastructure.ResourceInvoker.<InvokeAsync>g__Logged|17_1(ResourceInvoker invoker)
   at Microsoft.AspNetCore.Builder.RouterMiddleware.Invoke(HttpContext httpContext)
   at Swashbuckle.AspNetCore.SwaggerUI.SwaggerUIMiddleware.Invoke(HttpContext httpContext)
   at Swashbuckle.AspNetCore.Swagger.SwaggerMiddleware.Invoke(HttpContext httpContext, ISwaggerProvider swaggerProvider)
   at Microsoft.AspNetCore.Authorization.AuthorizationMiddleware.Invoke(HttpContext context)
   at CPQ.Core.Middlewares.TraceInfoRequestMiddleware.InvokeAsync(HttpContext context)
   at CPQ.Core.Middlewares.NHibernateMiddleware.InvokeAsync(HttpContext context, IStoreCommitAction storeCommitAction, ISessionFactoryProvider sessionFactoryProvider, ICorrelationService correlationService)
   at CPQ.Core.Middlewares.NHibernateMiddleware.InvokeAsync(HttpContext context, IStoreCommitAction storeCommitAction, ISessionFactoryProvider sessionFactoryProvider, ICorrelationService correlationService)
   at CPQ.Core.Middlewares.CorrelationServiceMiddleware.InvokeAsync(HttpContext context, IServiceProvider appApplicationServices)
   at CPQ.Core.Middlewares.ExceptionMiddleware.InvokeAsync(HttpContext context)
[2026-02-18T13:51:26.3305640+01:00] |INFO| #3 [DomuWaveApp - EAGLEFLY] CPQ.Core.Middlewares.TraceInfoRequestMiddleware "a97391a7-3fe5-404d-ac19-713be77f6cd5"[User]:"JowGcWLLayCG5nCn6SYNqNnRYeYzRbrjmBDCR7hnsCg=" "HTTP request GET /api/communications" 
[2026-02-18T13:51:26.3316843+01:00] |INFO| #3 [DomuWaveApp - EAGLEFLY] CPQ.Core.Middlewares.TraceInfoRequestMiddleware [Req]: Time(milliseconds):"14973"
[2026-02-18T13:51:26.3330856+01:00] |DBUG| #3 [DomuWaveApp - EAGLEFLY] Microsoft.AspNetCore.Server.Kestrel.Connections Connection id ""0HNJETFQ32O5B"" completed keep alive response.
[2026-02-18T13:51:26.3339941+01:00] |INFO| #3 [DomuWaveApp - EAGLEFLY] Microsoft.AspNetCore.Hosting.Diagnostics Request finished "HTTP/1.1" "GET" "http"://"localhost:60101""""/api/communications""" - 500 null null 14988.3941ms
[2026-02-18T13:51:31.3447597+01:00] |DBUG| #3 [DomuWaveApp - EAGLEFLY] Microsoft.AspNetCore.Server.Kestrel.Transport.Sockets Connection id ""0HNJETFQ32O5B"" received FIN.
[2026-02-18T13:51:31.3572086+01:00] |DBUG| #3 [DomuWaveApp - EAGLEFLY] Microsoft.AspNetCore.Server.Kestrel.Connections Connection id ""0HNJETFQ32O5B"" disconnecting.
[2026-02-18T13:51:31.3668641+01:00] |DBUG| #75 [DomuWaveApp - EAGLEFLY] Microsoft.AspNetCore.Server.Kestrel.Transport.Sockets Connection id ""0HNJETFQ32O5B"" sending FIN because: ""The Socket transport's send loop completed gracefully.""
[2026-02-18T13:51:31.3722484+01:00] |DBUG| #3 [DomuWaveApp - EAGLEFLY] Microsoft.AspNetCore.Server.Kestrel.Connections Connection id ""0HNJETFQ32O5B"" stopped.
