[2026-07-28T11:51:03.5845080+02:00] |INFO| #1 [DomuWaveUnified - EAGLEFLY]  Check env
[2026-07-28T11:51:03.7658123+02:00] |INFO| #1 [DomuWaveUnified - EAGLEFLY]  current ASPNETCORE_ENVIRONMENT: "Development"
[2026-07-28T11:51:03.7921165+02:00] |INFO| #1 [DomuWaveUnified - EAGLEFLY]  ASPNETCORE_ENVIRONMENT: "Development"
[2026-07-28T11:51:03.7965974+02:00] |INFO| #1 [DomuWaveUnified - EAGLEFLY]  Init build host
[2026-07-28T11:51:14.9273956+02:00] |INFO| #1 [DomuWaveUnified - EAGLEFLY]  WebRoot: "C:\Projects\Works\DomuWave\DomuWave.Web\wwwroot" (exists: True)
[2026-07-28T11:51:16.6247079+02:00] |DBUG| #1 [DomuWaveUnified - EAGLEFLY] Microsoft.AspNetCore.Mvc.Razor.Compilation.DefaultViewCompiler Initializing Razor view compiler with compiled view: '"/Views/Home/Index.cshtml"'.
[2026-07-28T11:51:16.6359966+02:00] |DBUG| #1 [DomuWaveUnified - EAGLEFLY] Microsoft.AspNetCore.Mvc.Razor.Compilation.DefaultViewCompiler Initializing Razor view compiler with compiled view: '"/Views/Shared/_Layout.cshtml"'.
[2026-07-28T11:51:16.6421246+02:00] |DBUG| #1 [DomuWaveUnified - EAGLEFLY] Microsoft.AspNetCore.Mvc.Razor.Compilation.DefaultViewCompiler Initializing Razor view compiler with compiled view: '"/Views/_ViewImports.cshtml"'.
[2026-07-28T11:51:16.6463643+02:00] |DBUG| #1 [DomuWaveUnified - EAGLEFLY] Microsoft.AspNetCore.Mvc.Razor.Compilation.DefaultViewCompiler Initializing Razor view compiler with compiled view: '"/Views/_ViewStart.cshtml"'.
[2026-07-28T11:51:16.6739731+02:00] |DBUG| #1 [DomuWaveUnified - EAGLEFLY] Microsoft.AspNetCore.Mvc.ModelBinding.ModelBinderFactory Registered model binder providers, in the following order: ["Microsoft.AspNetCore.Mvc.ModelBinding.Binders.BinderTypeModelBinderProvider", "Microsoft.AspNetCore.Mvc.ModelBinding.Binders.ServicesModelBinderProvider", "Microsoft.AspNetCore.Mvc.ModelBinding.Binders.BodyModelBinderProvider", "Microsoft.AspNetCore.Mvc.ModelBinding.Binders.HeaderModelBinderProvider", "Microsoft.AspNetCore.Mvc.ModelBinding.Binders.FloatingPointTypeModelBinderProvider", "Microsoft.AspNetCore.Mvc.ModelBinding.Binders.EnumTypeModelBinderProvider", "Microsoft.AspNetCore.Mvc.ModelBinding.Binders.DateTimeModelBinderProvider", "Microsoft.AspNetCore.Mvc.ModelBinding.Binders.SimpleTypeModelBinderProvider", "Microsoft.AspNetCore.Mvc.ModelBinding.Binders.TryParseModelBinderProvider", "Microsoft.AspNetCore.Mvc.ModelBinding.Binders.CancellationTokenModelBinderProvider"]
[2026-07-28T11:51:16.7151729+02:00] |INFO| #1 [DomuWaveUnified - EAGLEFLY] Microsoft.AspNetCore.DataProtection.KeyManagement.XmlKeyManager User profile is available. Using '"C:\Users\orazi\AppData\Local\ASP.NET\DataProtection-Keys"' as key repository and Windows DPAPI to encrypt keys at rest.
[2026-07-28T11:51:17.1418875+02:00] |DBUG| #1 [DomuWaveUnified - EAGLEFLY] Microsoft.Extensions.Hosting.Internal.Host Hosting starting
[2026-07-28T11:51:17.1959007+02:00] |DBUG| #1 [DomuWaveUnified - EAGLEFLY] Microsoft.AspNetCore.DataProtection.Repositories.FileSystemXmlRepository Reading data from file '"C:\Users\orazi\AppData\Local\ASP.NET\DataProtection-Keys\key-1810ad11-f48e-4a84-b7fb-f6599f3ebd9d.xml"'.
[2026-07-28T11:51:17.2463118+02:00] |DBUG| #1 [DomuWaveUnified - EAGLEFLY] Microsoft.AspNetCore.DataProtection.Repositories.FileSystemXmlRepository Reading data from file '"C:\Users\orazi\AppData\Local\ASP.NET\DataProtection-Keys\key-758b5018-ec67-4c5b-996b-56c2bae6d95c.xml"'.
[2026-07-28T11:51:17.2862927+02:00] |DBUG| #1 [DomuWaveUnified - EAGLEFLY] Microsoft.AspNetCore.DataProtection.Repositories.FileSystemXmlRepository Reading data from file '"C:\Users\orazi\AppData\Local\ASP.NET\DataProtection-Keys\key-98854333-55e6-4965-91a3-2072ff0369d8.xml"'.
[2026-07-28T11:51:17.3434801+02:00] |DBUG| #1 [DomuWaveUnified - EAGLEFLY] Microsoft.AspNetCore.DataProtection.Repositories.FileSystemXmlRepository Reading data from file '"C:\Users\orazi\AppData\Local\ASP.NET\DataProtection-Keys\key-b0bfc2ce-4f63-4c6d-80cd-ff9e36348fda.xml"'.
[2026-07-28T11:51:17.3847738+02:00] |DBUG| #1 [DomuWaveUnified - EAGLEFLY] Microsoft.AspNetCore.DataProtection.Repositories.FileSystemXmlRepository Reading data from file '"C:\Users\orazi\AppData\Local\ASP.NET\DataProtection-Keys\key-ca0ad485-4dfe-4215-9ed4-2366507a9e3f.xml"'.
[2026-07-28T11:51:17.4382250+02:00] |DBUG| #1 [DomuWaveUnified - EAGLEFLY] Microsoft.AspNetCore.DataProtection.KeyManagement.XmlKeyManager Found key {1810ad11-f48e-4a84-b7fb-f6599f3ebd9d}.
[2026-07-28T11:51:17.4469318+02:00] |DBUG| #1 [DomuWaveUnified - EAGLEFLY] Microsoft.AspNetCore.DataProtection.KeyManagement.XmlKeyManager Found key {758b5018-ec67-4c5b-996b-56c2bae6d95c}.
[2026-07-28T11:51:17.4531342+02:00] |DBUG| #1 [DomuWaveUnified - EAGLEFLY] Microsoft.AspNetCore.DataProtection.KeyManagement.XmlKeyManager Found key {98854333-55e6-4965-91a3-2072ff0369d8}.
[2026-07-28T11:51:17.4592901+02:00] |DBUG| #1 [DomuWaveUnified - EAGLEFLY] Microsoft.AspNetCore.DataProtection.KeyManagement.XmlKeyManager Found key {b0bfc2ce-4f63-4c6d-80cd-ff9e36348fda}.
[2026-07-28T11:51:17.4696169+02:00] |DBUG| #1 [DomuWaveUnified - EAGLEFLY] Microsoft.AspNetCore.DataProtection.KeyManagement.XmlKeyManager Found key {ca0ad485-4dfe-4215-9ed4-2366507a9e3f}.
[2026-07-28T11:51:17.4969045+02:00] |DBUG| #1 [DomuWaveUnified - EAGLEFLY] Microsoft.AspNetCore.DataProtection.KeyManagement.DefaultKeyResolver Considering key {1810ad11-f48e-4a84-b7fb-f6599f3ebd9d} with expiration date 2026-07-30 04:48:56Z as default key.
[2026-07-28T11:51:17.5098149+02:00] |DBUG| #1 [DomuWaveUnified - EAGLEFLY] Microsoft.AspNetCore.DataProtection.TypeForwardingActivator Forwarded activator type request from "Microsoft.AspNetCore.DataProtection.XmlEncryption.DpapiXmlDecryptor, Microsoft.AspNetCore.DataProtection, Version=9.0.0.0, Culture=neutral, PublicKeyToken=adb9793829ddae60" to "Microsoft.AspNetCore.DataProtection.XmlEncryption.DpapiXmlDecryptor, Microsoft.AspNetCore.DataProtection, Culture=neutral, PublicKeyToken=adb9793829ddae60"
[2026-07-28T11:51:17.5235478+02:00] |DBUG| #1 [DomuWaveUnified - EAGLEFLY] Microsoft.AspNetCore.DataProtection.XmlEncryption.DpapiXmlDecryptor Decrypting secret element using Windows DPAPI.
[2026-07-28T11:51:17.5290108+02:00] |DBUG| #1 [DomuWaveUnified - EAGLEFLY] Microsoft.AspNetCore.DataProtection.TypeForwardingActivator Forwarded activator type request from "Microsoft.AspNetCore.DataProtection.AuthenticatedEncryption.ConfigurationModel.AuthenticatedEncryptorDescriptorDeserializer, Microsoft.AspNetCore.DataProtection, Version=9.0.0.0, Culture=neutral, PublicKeyToken=adb9793829ddae60" to "Microsoft.AspNetCore.DataProtection.AuthenticatedEncryption.ConfigurationModel.AuthenticatedEncryptorDescriptorDeserializer, Microsoft.AspNetCore.DataProtection, Culture=neutral, PublicKeyToken=adb9793829ddae60"
[2026-07-28T11:51:17.5435575+02:00] |DBUG| #1 [DomuWaveUnified - EAGLEFLY] Microsoft.AspNetCore.DataProtection.AuthenticatedEncryption.CngCbcAuthenticatedEncryptorFactory Opening CNG algorithm '"AES"' from provider 'null' with chaining mode CBC.
[2026-07-28T11:51:17.5497002+02:00] |DBUG| #1 [DomuWaveUnified - EAGLEFLY] Microsoft.AspNetCore.DataProtection.AuthenticatedEncryption.CngCbcAuthenticatedEncryptorFactory Opening CNG algorithm '"SHA256"' from provider 'null' with HMAC.
[2026-07-28T11:51:17.5600901+02:00] |DBUG| #1 [DomuWaveUnified - EAGLEFLY] Microsoft.AspNetCore.DataProtection.KeyManagement.DefaultKeyResolver Default key expiration imminent and repository contains no viable successor. Caller should generate a successor.
[2026-07-28T11:51:17.5642681+02:00] |DBUG| #1 [DomuWaveUnified - EAGLEFLY] Microsoft.AspNetCore.DataProtection.KeyManagement.KeyRingProvider Policy resolution states that a new key should be added to the key ring.
[2026-07-28T11:51:17.5781268+02:00] |INFO| #1 [DomuWaveUnified - EAGLEFLY] Microsoft.AspNetCore.DataProtection.KeyManagement.XmlKeyManager Creating key {d3f27577-ee3f-482d-9f6e-bdff7dcf28f7} with creation date 2026-07-28 09:51:17Z, activation date 2026-07-30 04:48:56Z, and expiration date 2026-10-26 09:51:17Z.
[2026-07-28T11:51:17.5977813+02:00] |DBUG| #1 [DomuWaveUnified - EAGLEFLY] Microsoft.AspNetCore.DataProtection.KeyManagement.XmlKeyManager Descriptor deserializer type for key {d3f27577-ee3f-482d-9f6e-bdff7dcf28f7} is '"Microsoft.AspNetCore.DataProtection.AuthenticatedEncryption.ConfigurationModel.AuthenticatedEncryptorDescriptorDeserializer, Microsoft.AspNetCore.DataProtection, Version=8.0.0.0, Culture=neutral, PublicKeyToken=adb9793829ddae60"'.
[2026-07-28T11:51:17.6063613+02:00] |DBUG| #1 [DomuWaveUnified - EAGLEFLY] Microsoft.AspNetCore.DataProtection.KeyManagement.XmlKeyManager No key escrow sink found. Not writing key {d3f27577-ee3f-482d-9f6e-bdff7dcf28f7} to escrow.
[2026-07-28T11:51:17.6181493+02:00] |DBUG| #1 [DomuWaveUnified - EAGLEFLY] Microsoft.AspNetCore.DataProtection.XmlEncryption.DpapiXmlEncryptor Encrypting to Windows DPAPI for current user account ("EAGLEFLY\orazi").
[2026-07-28T11:51:17.6320789+02:00] |INFO| #1 [DomuWaveUnified - EAGLEFLY] Microsoft.AspNetCore.DataProtection.Repositories.FileSystemXmlRepository Writing data to file '"C:\Users\orazi\AppData\Local\ASP.NET\DataProtection-Keys\key-d3f27577-ee3f-482d-9f6e-bdff7dcf28f7.xml"'.
[2026-07-28T11:51:17.6478744+02:00] |DBUG| #1 [DomuWaveUnified - EAGLEFLY] Microsoft.AspNetCore.DataProtection.KeyManagement.XmlKeyManager Key cache expiration token triggered by '"CreateNewKey"' operation.
[2026-07-28T11:51:17.6580649+02:00] |DBUG| #1 [DomuWaveUnified - EAGLEFLY] Microsoft.AspNetCore.DataProtection.Repositories.FileSystemXmlRepository Reading data from file '"C:\Users\orazi\AppData\Local\ASP.NET\DataProtection-Keys\key-1810ad11-f48e-4a84-b7fb-f6599f3ebd9d.xml"'.
[2026-07-28T11:51:17.6715087+02:00] |DBUG| #1 [DomuWaveUnified - EAGLEFLY] Microsoft.AspNetCore.DataProtection.Repositories.FileSystemXmlRepository Reading data from file '"C:\Users\orazi\AppData\Local\ASP.NET\DataProtection-Keys\key-758b5018-ec67-4c5b-996b-56c2bae6d95c.xml"'.
[2026-07-28T11:51:17.6791430+02:00] |DBUG| #1 [DomuWaveUnified - EAGLEFLY] Microsoft.AspNetCore.DataProtection.Repositories.FileSystemXmlRepository Reading data from file '"C:\Users\orazi\AppData\Local\ASP.NET\DataProtection-Keys\key-98854333-55e6-4965-91a3-2072ff0369d8.xml"'.
[2026-07-28T11:51:17.6898599+02:00] |DBUG| #1 [DomuWaveUnified - EAGLEFLY] Microsoft.AspNetCore.DataProtection.Repositories.FileSystemXmlRepository Reading data from file '"C:\Users\orazi\AppData\Local\ASP.NET\DataProtection-Keys\key-b0bfc2ce-4f63-4c6d-80cd-ff9e36348fda.xml"'.
[2026-07-28T11:51:17.6990063+02:00] |DBUG| #1 [DomuWaveUnified - EAGLEFLY] Microsoft.AspNetCore.DataProtection.Repositories.FileSystemXmlRepository Reading data from file '"C:\Users\orazi\AppData\Local\ASP.NET\DataProtection-Keys\key-ca0ad485-4dfe-4215-9ed4-2366507a9e3f.xml"'.
[2026-07-28T11:51:17.7061795+02:00] |DBUG| #1 [DomuWaveUnified - EAGLEFLY] Microsoft.AspNetCore.DataProtection.Repositories.FileSystemXmlRepository Reading data from file '"C:\Users\orazi\AppData\Local\ASP.NET\DataProtection-Keys\key-d3f27577-ee3f-482d-9f6e-bdff7dcf28f7.xml"'.
[2026-07-28T11:51:17.7121966+02:00] |DBUG| #1 [DomuWaveUnified - EAGLEFLY] Microsoft.AspNetCore.DataProtection.KeyManagement.XmlKeyManager Found key {1810ad11-f48e-4a84-b7fb-f6599f3ebd9d}.
[2026-07-28T11:51:17.7194210+02:00] |DBUG| #1 [DomuWaveUnified - EAGLEFLY] Microsoft.AspNetCore.DataProtection.KeyManagement.XmlKeyManager Found key {758b5018-ec67-4c5b-996b-56c2bae6d95c}.
[2026-07-28T11:51:17.7247107+02:00] |DBUG| #1 [DomuWaveUnified - EAGLEFLY] Microsoft.AspNetCore.DataProtection.KeyManagement.XmlKeyManager Found key {98854333-55e6-4965-91a3-2072ff0369d8}.
[2026-07-28T11:51:17.7290432+02:00] |DBUG| #1 [DomuWaveUnified - EAGLEFLY] Microsoft.AspNetCore.DataProtection.KeyManagement.XmlKeyManager Found key {b0bfc2ce-4f63-4c6d-80cd-ff9e36348fda}.
[2026-07-28T11:51:17.7342360+02:00] |DBUG| #1 [DomuWaveUnified - EAGLEFLY] Microsoft.AspNetCore.DataProtection.KeyManagement.XmlKeyManager Found key {ca0ad485-4dfe-4215-9ed4-2366507a9e3f}.
[2026-07-28T11:51:17.7397908+02:00] |DBUG| #1 [DomuWaveUnified - EAGLEFLY] Microsoft.AspNetCore.DataProtection.KeyManagement.XmlKeyManager Found key {d3f27577-ee3f-482d-9f6e-bdff7dcf28f7}.
[2026-07-28T11:51:17.7444980+02:00] |DBUG| #1 [DomuWaveUnified - EAGLEFLY] Microsoft.AspNetCore.DataProtection.KeyManagement.DefaultKeyResolver Considering key {1810ad11-f48e-4a84-b7fb-f6599f3ebd9d} with expiration date 2026-07-30 04:48:56Z as default key.
[2026-07-28T11:51:17.7506143+02:00] |DBUG| #1 [DomuWaveUnified - EAGLEFLY] Microsoft.AspNetCore.DataProtection.TypeForwardingActivator Forwarded activator type request from "Microsoft.AspNetCore.DataProtection.XmlEncryption.DpapiXmlDecryptor, Microsoft.AspNetCore.DataProtection, Version=9.0.0.0, Culture=neutral, PublicKeyToken=adb9793829ddae60" to "Microsoft.AspNetCore.DataProtection.XmlEncryption.DpapiXmlDecryptor, Microsoft.AspNetCore.DataProtection, Culture=neutral, PublicKeyToken=adb9793829ddae60"
[2026-07-28T11:51:17.7562688+02:00] |DBUG| #1 [DomuWaveUnified - EAGLEFLY] Microsoft.AspNetCore.DataProtection.XmlEncryption.DpapiXmlDecryptor Decrypting secret element using Windows DPAPI.
[2026-07-28T11:51:17.7608705+02:00] |DBUG| #1 [DomuWaveUnified - EAGLEFLY] Microsoft.AspNetCore.DataProtection.TypeForwardingActivator Forwarded activator type request from "Microsoft.AspNetCore.DataProtection.AuthenticatedEncryption.ConfigurationModel.AuthenticatedEncryptorDescriptorDeserializer, Microsoft.AspNetCore.DataProtection, Version=9.0.0.0, Culture=neutral, PublicKeyToken=adb9793829ddae60" to "Microsoft.AspNetCore.DataProtection.AuthenticatedEncryption.ConfigurationModel.AuthenticatedEncryptorDescriptorDeserializer, Microsoft.AspNetCore.DataProtection, Culture=neutral, PublicKeyToken=adb9793829ddae60"
[2026-07-28T11:51:17.7685003+02:00] |DBUG| #1 [DomuWaveUnified - EAGLEFLY] Microsoft.AspNetCore.DataProtection.AuthenticatedEncryption.CngCbcAuthenticatedEncryptorFactory Opening CNG algorithm '"AES"' from provider 'null' with chaining mode CBC.
[2026-07-28T11:51:17.7740654+02:00] |DBUG| #1 [DomuWaveUnified - EAGLEFLY] Microsoft.AspNetCore.DataProtection.AuthenticatedEncryption.CngCbcAuthenticatedEncryptorFactory Opening CNG algorithm '"SHA256"' from provider 'null' with HMAC.
[2026-07-28T11:51:17.7814123+02:00] |DBUG| #1 [DomuWaveUnified - EAGLEFLY] Microsoft.AspNetCore.DataProtection.KeyManagement.KeyRingProvider Using key {1810ad11-f48e-4a84-b7fb-f6599f3ebd9d} as the default key.
[2026-07-28T11:51:17.7890081+02:00] |DBUG| #1 [DomuWaveUnified - EAGLEFLY] Microsoft.AspNetCore.DataProtection.Internal.DataProtectionHostedService Key ring with default key {1810ad11-f48e-4a84-b7fb-f6599f3ebd9d} was loaded during application startup.
[2026-07-28T11:51:18.7608497+02:00] |WARN| #1 [DomuWaveUnified - EAGLEFLY] Microsoft.AspNetCore.Hosting.Diagnostics Overriding HTTP_PORTS '"40300"' and HTTPS_PORTS '""'. Binding to values defined by URLS instead '"http://localhost:40300"'.
[2026-07-28T11:51:18.7626552+02:00] |INFO| #9 [DomuWaveUnified - EAGLEFLY] LicenseManager.Client.Background.TokenRefreshBackgroundService TokenRefreshBackgroundService avviato. Check ogni 01:00:00.
[2026-07-28T11:51:18.7641590+02:00] |INFO| #11 [DomuWaveUnified - EAGLEFLY] LicenseManager.Client.Background.UsageSyncBackgroundService UsageSyncBackgroundService avviato. Sync ogni 00:05:00.
[2026-07-28T11:51:18.7757377+02:00] |DBUG| #1 [DomuWaveUnified - EAGLEFLY] Microsoft.AspNetCore.Watch.BrowserRefresh.BlazorWasmHotReloadMiddleware Middleware loaded
[2026-07-28T11:51:18.7906664+02:00] |DBUG| #1 [DomuWaveUnified - EAGLEFLY] Microsoft.AspNetCore.Watch.BrowserRefresh.BrowserScriptMiddleware Middleware loaded. Script "/_framework/aspnetcore-browser-refresh.js" ("14937" B).
[2026-07-28T11:51:18.7990082+02:00] |DBUG| #1 [DomuWaveUnified - EAGLEFLY] Microsoft.AspNetCore.Watch.BrowserRefresh.BrowserScriptMiddleware Middleware loaded. Script "/_framework/blazor-hotreload.js" ("799" B).
[2026-07-28T11:51:18.9831851+02:00] |DBUG| #1 [DomuWaveUnified - EAGLEFLY] Microsoft.AspNetCore.Watch.BrowserRefresh.BrowserRefreshMiddleware Middleware loaded: DOTNET_MODIFIABLE_ASSEMBLIES="debug", __ASPNETCORE_BROWSER_TOOLS="true"
[2026-07-28T11:51:19.0565511+02:00] |INFO| #1 [DomuWaveUnified - EAGLEFLY] Microsoft.Hosting.Lifetime Now listening on: "http://localhost:40300"
[2026-07-28T11:51:19.0632444+02:00] |DBUG| #1 [DomuWaveUnified - EAGLEFLY] Microsoft.AspNetCore.Hosting.Diagnostics Loaded hosting startup assembly "DomuWave.Unified"
[2026-07-28T11:51:19.0689701+02:00] |DBUG| #1 [DomuWaveUnified - EAGLEFLY] Microsoft.AspNetCore.Hosting.Diagnostics Loaded hosting startup assembly "Microsoft.AspNetCore.Watch.BrowserRefresh"
[2026-07-28T11:51:19.0753199+02:00] |DBUG| #1 [DomuWaveUnified - EAGLEFLY] Microsoft.AspNetCore.Hosting.Diagnostics Loaded hosting startup assembly "Microsoft.WebTools.ApiEndpointDiscovery"
[2026-07-28T11:51:19.0848416+02:00] |DBUG| #1 [DomuWaveUnified - EAGLEFLY] Microsoft.AspNetCore.Hosting.Diagnostics Loaded hosting startup assembly "Microsoft.WebTools.BrowserLink.Net"
[2026-07-28T11:51:19.2197003+02:00] |DBUG| #11 [DomuWaveUnified - EAGLEFLY] Microsoft.AspNetCore.Server.Kestrel.Connections Connection id ""0HNNCHN32EDPJ"" accepted.
[2026-07-28T11:51:19.2226439+02:00] |DBUG| #15 [DomuWaveUnified - EAGLEFLY] Microsoft.AspNetCore.Server.Kestrel.Transport.Sockets Connection id ""0HNNCHN32EDPJ"" received FIN.
[2026-07-28T11:51:19.2297151+02:00] |DBUG| #9 [DomuWaveUnified - EAGLEFLY] Microsoft.AspNetCore.Server.Kestrel.Connections Connection id ""0HNNCHN32EDPJ"" started.
[2026-07-28T11:51:19.2445620+02:00] |DBUG| #9 [DomuWaveUnified - EAGLEFLY] Microsoft.AspNetCore.Server.Kestrel.Transport.Sockets Connection id ""0HNNCHN32EDPJ"" sending FIN because: ""The Socket transport's send loop completed gracefully.""
[2026-07-28T11:51:19.2568787+02:00] |DBUG| #9 [DomuWaveUnified - EAGLEFLY] Microsoft.AspNetCore.Server.Kestrel.Connections Connection id ""0HNNCHN32EDPJ"" disconnecting.
[2026-07-28T11:51:19.2725030+02:00] |DBUG| #9 [DomuWaveUnified - EAGLEFLY] Microsoft.AspNetCore.Server.Kestrel.Connections Connection id ""0HNNCHN32EDPJ"" stopped.
[2026-07-28T11:51:19.3976168+02:00] |INFO| #1 [DomuWaveUnified - EAGLEFLY] Microsoft.Hosting.Lifetime Application started. Press Ctrl+C to shut down.
[2026-07-28T11:51:19.4033401+02:00] |INFO| #1 [DomuWaveUnified - EAGLEFLY] Microsoft.Hosting.Lifetime Hosting environment: "Development"
[2026-07-28T11:51:19.4086392+02:00] |INFO| #1 [DomuWaveUnified - EAGLEFLY] Microsoft.Hosting.Lifetime Content root path: "C:\Projects\Works\DomuWave\DomuWave.Unified"
[2026-07-28T11:51:19.4140004+02:00] |DBUG| #1 [DomuWaveUnified - EAGLEFLY] Microsoft.Extensions.Hosting.Internal.Host Hosting started
[2026-07-28T11:51:20.2973540+02:00] |DBUG| #15 [DomuWaveUnified - EAGLEFLY] Microsoft.AspNetCore.Server.Kestrel.Connections Connection id ""0HNNCHN32EDPK"" accepted.
[2026-07-28T11:51:20.3041525+02:00] |DBUG| #11 [DomuWaveUnified - EAGLEFLY] Microsoft.AspNetCore.Server.Kestrel.Connections Connection id ""0HNNCHN32EDPK"" started.
[2026-07-28T11:51:20.3061591+02:00] |DBUG| #15 [DomuWaveUnified - EAGLEFLY] Microsoft.AspNetCore.Server.Kestrel.Connections Connection id ""0HNNCHN32EDPL"" accepted.
[2026-07-28T11:51:20.3209532+02:00] |DBUG| #10 [DomuWaveUnified - EAGLEFLY] Microsoft.AspNetCore.Server.Kestrel.Connections Connection id ""0HNNCHN32EDPL"" started.
[2026-07-28T11:51:20.3964399+02:00] |INFO| #11 [DomuWaveUnified - EAGLEFLY] Microsoft.AspNetCore.Hosting.Diagnostics Request starting "HTTP/1.1" "GET" "http"://"localhost:40300""""/""" - null null
[2026-07-28T11:51:20.7315488+02:00] |DBUG| #67 [DomuWaveUnified - EAGLEFLY] Microsoft.AspNetCore.HostFiltering.HostFilteringMiddleware Wildcard detected, all requests with hosts will be allowed.
[2026-07-28T11:51:20.7500667+02:00] |DBUG| #67 [DomuWaveUnified - EAGLEFLY] Microsoft.AspNetCore.StaticFiles.StaticFileMiddleware The request path "/" does not match a supported file type
[2026-07-28T11:51:20.8573140+02:00] |DBUG| #67 [DomuWaveUnified - EAGLEFLY] Microsoft.AspNetCore.Routing.Matching.DfaMatcher 2 candidate(s) found for the request path '"/"'
[2026-07-28T11:51:20.8761223+02:00] |DBUG| #67 [DomuWaveUnified - EAGLEFLY] Microsoft.AspNetCore.Routing.Matching.DfaMatcher Endpoint '"HTTP: GET /"' with route pattern '"/"' is valid for the request path '"/"'
[2026-07-28T11:51:20.8837951+02:00] |DBUG| #67 [DomuWaveUnified - EAGLEFLY] Microsoft.AspNetCore.Routing.Matching.DfaMatcher Endpoint '"Fallback {*path:nonfile}"' with route pattern '"{*path:nonfile}"' is valid for the request path '"/"'
[2026-07-28T11:51:20.9081157+02:00] |DBUG| #67 [DomuWaveUnified - EAGLEFLY] Microsoft.AspNetCore.Routing.EndpointRoutingMiddleware Request matched endpoint '"HTTP: GET /"'
[2026-07-28T11:51:20.9846697+02:00] |INFO| #67 [DomuWaveUnified - EAGLEFLY] CPQ.Core.Persistence.SessionFactories.DefaultSessionFactoryProvider  "66e4cdca-fdee-4013-bc0a-741c6fd4e05b" ## OPEN TRANSACTION ## [DB:"eaglefly - MSSql217693_PROD - sql ver:16.00.1190  - Open"]      [FactoryKey:"AUTH"] [IsolationLevel :ReadUncommitted] 
[2026-07-28T11:51:21.0281965+02:00] |DBUG| #67 [DomuWaveUnified - EAGLEFLY] Microsoft.AspNetCore.StaticFiles.StaticFileMiddleware Static files was skipped as the request already matched an endpoint.
[2026-07-28T11:51:21.0336610+02:00] |INFO| #67 [DomuWaveUnified - EAGLEFLY] Microsoft.AspNetCore.Routing.EndpointMiddleware Executing endpoint '"HTTP: GET /"'
[2026-07-28T11:51:21.1067037+02:00] |INFO| #11 [DomuWaveUnified - EAGLEFLY] Microsoft.AspNetCore.Routing.EndpointMiddleware Executed endpoint '"HTTP: GET /"'
[2026-07-28T11:51:21.1294222+02:00] |DBUG| #11 [DomuWaveUnified - EAGLEFLY] Microsoft.WebTools.BrowserLink.Net.BrowserLinkMiddleware Response markup is scheduled to include Browser Link script injection.
[2026-07-28T11:51:21.1790452+02:00] |DBUG| #11 [DomuWaveUnified - EAGLEFLY] Microsoft.AspNetCore.Watch.BrowserRefresh.BrowserRefreshMiddleware Response markup is scheduled to include browser refresh script injection.
[2026-07-28T11:51:21.2029886+02:00] |DBUG| #11 [DomuWaveUnified - EAGLEFLY] Microsoft.WebTools.BrowserLink.Net.BrowserLinkMiddleware Response markup was updated to include Browser Link script injection.
[2026-07-28T11:51:21.2203202+02:00] |DBUG| #11 [DomuWaveUnified - EAGLEFLY] Microsoft.AspNetCore.Watch.BrowserRefresh.BrowserRefreshMiddleware Response markup was updated to include browser refresh script injection.
[2026-07-28T11:51:21.2267393+02:00] |DBUG| #11 [DomuWaveUnified - EAGLEFLY] Microsoft.AspNetCore.Server.Kestrel.Connections Connection id ""0HNNCHN32EDPK"" completed keep alive response.
[2026-07-28T11:51:21.2378821+02:00] |DBUG| #67 [DomuWaveUnified - EAGLEFLY] Microsoft.AspNetCore.Server.Kestrel.Connections Connection id ""0HNNCHN32EDPM"" accepted.
[2026-07-28T11:51:21.2388891+02:00] |INFO| #15 [DomuWaveUnified - EAGLEFLY] Microsoft.AspNetCore.Hosting.Diagnostics Request starting "HTTP/1.1" "GET" "http"://"localhost:40300""""/_framework/aspnetcore-browser-refresh.js""" - null null
[2026-07-28T11:51:21.2448952+02:00] |DBUG| #9 [DomuWaveUnified - EAGLEFLY] Microsoft.AspNetCore.Server.Kestrel.Connections Connection id ""0HNNCHN32EDPM"" started.
[2026-07-28T11:51:21.2453900+02:00] |INFO| #11 [DomuWaveUnified - EAGLEFLY] Microsoft.AspNetCore.Hosting.Diagnostics Request finished "HTTP/1.1" "GET" "http"://"localhost:40300""""/""" - 200 null "text/html" 895.6199ms
[2026-07-28T11:51:21.2546800+02:00] |DBUG| #15 [DomuWaveUnified - EAGLEFLY] Microsoft.AspNetCore.Watch.BrowserRefresh.BrowserScriptMiddleware Script injected: "/_framework/aspnetcore-browser-refresh.js"
[2026-07-28T11:51:21.2547436+02:00] |INFO| #9 [DomuWaveUnified - EAGLEFLY] Microsoft.AspNetCore.Hosting.Diagnostics Request starting "HTTP/1.1" "GET" "http"://"localhost:40300""""/assets/css/index.BcTbehGX.css""" - null null
[2026-07-28T11:51:21.2731594+02:00] |INFO| #11 [DomuWaveUnified - EAGLEFLY] Microsoft.AspNetCore.Hosting.Diagnostics Request starting "HTTP/1.1" "GET" "http"://"localhost:40300""""/assets/js/index.DzBKuDDH.js""" - null null
[2026-07-28T11:51:21.2743941+02:00] |DBUG| #15 [DomuWaveUnified - EAGLEFLY] Microsoft.AspNetCore.Server.Kestrel.Connections Connection id ""0HNNCHN32EDPL"" completed keep alive response.
[2026-07-28T11:51:21.2905428+02:00] |INFO| #15 [DomuWaveUnified - EAGLEFLY] Microsoft.AspNetCore.Hosting.Diagnostics Request finished "HTTP/1.1" "GET" "http"://"localhost:40300""""/_framework/aspnetcore-browser-refresh.js""" - 200 14937 "application/javascript; charset=utf-8" 51.8177ms
[2026-07-28T11:51:21.2972059+02:00] |INFO| #15 [DomuWaveUnified - EAGLEFLY] Microsoft.AspNetCore.Hosting.Diagnostics Request starting "HTTP/1.1" "GET" "http"://"localhost:40300""""/_vs/browserLink""" - null null
[2026-07-28T11:51:21.3575414+02:00] |INFO| #71 [DomuWaveUnified - EAGLEFLY] Microsoft.AspNetCore.StaticFiles.StaticFileMiddleware Sending file. Request path: '"/assets/css/index.BcTbehGX.css"'. Physical path: '"C:\Projects\Works\DomuWave\DomuWave.Web\wwwroot\assets\css\index.BcTbehGX.css"'
[2026-07-28T11:51:21.3729627+02:00] |DBUG| #71 [DomuWaveUnified - EAGLEFLY] Microsoft.AspNetCore.Server.Kestrel.Connections Connection id ""0HNNCHN32EDPM"" completed keep alive response.
[2026-07-28T11:51:21.3766332+02:00] |INFO| #71 [DomuWaveUnified - EAGLEFLY] Microsoft.AspNetCore.Hosting.Diagnostics Request finished "HTTP/1.1" "GET" "http"://"localhost:40300""""/assets/css/index.BcTbehGX.css""" - 200 23388 "text/css" 121.9227ms
[2026-07-28T11:51:21.5360413+02:00] |DBUG| #68 [DomuWaveUnified - EAGLEFLY] Microsoft.AspNetCore.Server.Kestrel.Connections Connection id ""0HNNCHN32EDPL"" completed keep alive response.
[2026-07-28T11:51:21.5470202+02:00] |INFO| #68 [DomuWaveUnified - EAGLEFLY] Microsoft.AspNetCore.Hosting.Diagnostics Request finished "HTTP/1.1" "GET" "http"://"localhost:40300""""/_vs/browserLink""" - 200 null "text/javascript; charset=UTF-8" 249.8214ms
[2026-07-28T11:51:21.7906503+02:00] |INFO| #70 [DomuWaveUnified - EAGLEFLY] Microsoft.AspNetCore.StaticFiles.StaticFileMiddleware Sending file. Request path: '"/assets/js/index.DzBKuDDH.js"'. Physical path: '"C:\Projects\Works\DomuWave\DomuWave.Web\wwwroot\assets\js\index.DzBKuDDH.js"'
[2026-07-28T11:51:21.8065228+02:00] |DBUG| #70 [DomuWaveUnified - EAGLEFLY] Microsoft.AspNetCore.Server.Kestrel.Connections Connection id ""0HNNCHN32EDPK"" completed keep alive response.
[2026-07-28T11:51:21.8106530+02:00] |INFO| #70 [DomuWaveUnified - EAGLEFLY] Microsoft.AspNetCore.Hosting.Diagnostics Request finished "HTTP/1.1" "GET" "http"://"localhost:40300""""/assets/js/index.DzBKuDDH.js""" - 200 1243331 "text/javascript" 537.4977ms
[2026-07-28T11:51:21.9913107+02:00] |INFO| #70 [DomuWaveUnified - EAGLEFLY] Microsoft.AspNetCore.Hosting.Diagnostics Request starting "HTTP/1.1" "GET" "http"://"localhost:40300""""/assets/js/AppLayout.D1bpkFXA.js""" - null null
[2026-07-28T11:51:21.9923959+02:00] |INFO| #15 [DomuWaveUnified - EAGLEFLY] Microsoft.AspNetCore.Hosting.Diagnostics Request starting "HTTP/1.1" "GET" "http"://"localhost:40300""""/assets/js/app.BLKcwFXZ.js""" - null null
[2026-07-28T11:51:21.9925180+02:00] |INFO| #10 [DomuWaveUnified - EAGLEFLY] Microsoft.AspNetCore.Hosting.Diagnostics Request starting "HTTP/1.1" "GET" "http"://"localhost:40300""""/assets/js/menuStore.BhWTrUCS.js""" - null null
[2026-07-28T11:51:22.0655872+02:00] |INFO| #9 [DomuWaveUnified - EAGLEFLY] Microsoft.AspNetCore.StaticFiles.StaticFileMiddleware Sending file. Request path: '"/assets/js/AppLayout.D1bpkFXA.js"'. Physical path: '"C:\Projects\Works\DomuWave\DomuWave.Web\wwwroot\assets\js\AppLayout.D1bpkFXA.js"'
[2026-07-28T11:51:22.0661820+02:00] |INFO| #67 [DomuWaveUnified - EAGLEFLY] Microsoft.AspNetCore.StaticFiles.StaticFileMiddleware Sending file. Request path: '"/assets/js/app.BLKcwFXZ.js"'. Physical path: '"C:\Projects\Works\DomuWave\DomuWave.Web\wwwroot\assets\js\app.BLKcwFXZ.js"'
[2026-07-28T11:51:22.0738206+02:00] |INFO| #71 [DomuWaveUnified - EAGLEFLY] Microsoft.AspNetCore.StaticFiles.StaticFileMiddleware Sending file. Request path: '"/assets/js/menuStore.BhWTrUCS.js"'. Physical path: '"C:\Projects\Works\DomuWave\DomuWave.Web\wwwroot\assets\js\menuStore.BhWTrUCS.js"'
[2026-07-28T11:51:22.0766046+02:00] |DBUG| #9 [DomuWaveUnified - EAGLEFLY] Microsoft.AspNetCore.Server.Kestrel.Connections Connection id ""0HNNCHN32EDPK"" completed keep alive response.
[2026-07-28T11:51:22.0843711+02:00] |DBUG| #67 [DomuWaveUnified - EAGLEFLY] Microsoft.AspNetCore.Server.Kestrel.Connections Connection id ""0HNNCHN32EDPM"" completed keep alive response.
[2026-07-28T11:51:22.0907135+02:00] |DBUG| #71 [DomuWaveUnified - EAGLEFLY] Microsoft.AspNetCore.Server.Kestrel.Connections Connection id ""0HNNCHN32EDPL"" completed keep alive response.
[2026-07-28T11:51:22.0944288+02:00] |INFO| #9 [DomuWaveUnified - EAGLEFLY] Microsoft.AspNetCore.Hosting.Diagnostics Request finished "HTTP/1.1" "GET" "http"://"localhost:40300""""/assets/js/AppLayout.D1bpkFXA.js""" - 200 14293 "text/javascript" 103.235ms
[2026-07-28T11:51:22.0975914+02:00] |INFO| #67 [DomuWaveUnified - EAGLEFLY] Microsoft.AspNetCore.Hosting.Diagnostics Request finished "HTTP/1.1" "GET" "http"://"localhost:40300""""/assets/js/app.BLKcwFXZ.js""" - 200 1510 "text/javascript" 105.3384ms
[2026-07-28T11:51:22.1032682+02:00] |INFO| #71 [DomuWaveUnified - EAGLEFLY] Microsoft.AspNetCore.Hosting.Diagnostics Request finished "HTTP/1.1" "GET" "http"://"localhost:40300""""/assets/js/menuStore.BhWTrUCS.js""" - 200 2112 "text/javascript" 110.8821ms
[2026-07-28T11:51:22.1106517+02:00] |INFO| #9 [DomuWaveUnified - EAGLEFLY] Microsoft.AspNetCore.Hosting.Diagnostics Request starting "HTTP/1.1" "GET" "http"://"localhost:40300""""/assets/css/DashboardView.DYwBD-HZ.css""" - null null
[2026-07-28T11:51:22.1182523+02:00] |INFO| #67 [DomuWaveUnified - EAGLEFLY] Microsoft.AspNetCore.Hosting.Diagnostics Request starting "HTTP/1.1" "GET" "http"://"localhost:40300""""/assets/js/_plugin-vue_export-helper.DlAUqK2U.js""" - null null
[2026-07-28T11:51:22.1361930+02:00] |INFO| #71 [DomuWaveUnified - EAGLEFLY] Microsoft.AspNetCore.Hosting.Diagnostics Request starting "HTTP/1.1" "GET" "http"://"localhost:40300""""/assets/css/AppLayout.D82UoWck.css""" - null null
[2026-07-28T11:51:22.1654877+02:00] |INFO| #11 [DomuWaveUnified - EAGLEFLY] Microsoft.AspNetCore.StaticFiles.StaticFileMiddleware Sending file. Request path: '"/assets/css/DashboardView.DYwBD-HZ.css"'. Physical path: '"C:\Projects\Works\DomuWave\DomuWave.Web\wwwroot\assets\css\DashboardView.DYwBD-HZ.css"'
[2026-07-28T11:51:22.1719205+02:00] |DBUG| #11 [DomuWaveUnified - EAGLEFLY] Microsoft.AspNetCore.Server.Kestrel.Connections Connection id ""0HNNCHN32EDPK"" completed keep alive response.
[2026-07-28T11:51:22.1747994+02:00] |INFO| #11 [DomuWaveUnified - EAGLEFLY] Microsoft.AspNetCore.Hosting.Diagnostics Request finished "HTTP/1.1" "GET" "http"://"localhost:40300""""/assets/css/DashboardView.DYwBD-HZ.css""" - 200 1173 "text/css" 64.188ms
[2026-07-28T11:51:22.1814106+02:00] |INFO| #9 [DomuWaveUnified - EAGLEFLY] Microsoft.AspNetCore.StaticFiles.StaticFileMiddleware Sending file. Request path: '"/assets/js/_plugin-vue_export-helper.DlAUqK2U.js"'. Physical path: '"C:\Projects\Works\DomuWave\DomuWave.Web\wwwroot\assets\js\_plugin-vue_export-helper.DlAUqK2U.js"'
[2026-07-28T11:51:22.1851346+02:00] |INFO| #67 [DomuWaveUnified - EAGLEFLY] Microsoft.AspNetCore.StaticFiles.StaticFileMiddleware Sending file. Request path: '"/assets/css/AppLayout.D82UoWck.css"'. Physical path: '"C:\Projects\Works\DomuWave\DomuWave.Web\wwwroot\assets\css\AppLayout.D82UoWck.css"'
[2026-07-28T11:51:22.1935887+02:00] |INFO| #11 [DomuWaveUnified - EAGLEFLY] Microsoft.AspNetCore.Hosting.Diagnostics Request starting "HTTP/1.1" "GET" "http"://"localhost:40300""""/assets/js/useTenantBranding.C5C9_xvr.js""" - null null
[2026-07-28T11:51:22.2016752+02:00] |DBUG| #9 [DomuWaveUnified - EAGLEFLY] Microsoft.AspNetCore.Server.Kestrel.Connections Connection id ""0HNNCHN32EDPM"" completed keep alive response.
[2026-07-28T11:51:22.2067536+02:00] |DBUG| #67 [DomuWaveUnified - EAGLEFLY] Microsoft.AspNetCore.Server.Kestrel.Connections Connection id ""0HNNCHN32EDPL"" completed keep alive response.
[2026-07-28T11:51:22.2166540+02:00] |INFO| #9 [DomuWaveUnified - EAGLEFLY] Microsoft.AspNetCore.Hosting.Diagnostics Request finished "HTTP/1.1" "GET" "http"://"localhost:40300""""/assets/js/_plugin-vue_export-helper.DlAUqK2U.js""" - 200 91 "text/javascript" 98.4183ms
[2026-07-28T11:51:22.2202738+02:00] |INFO| #67 [DomuWaveUnified - EAGLEFLY] Microsoft.AspNetCore.Hosting.Diagnostics Request finished "HTTP/1.1" "GET" "http"://"localhost:40300""""/assets/css/AppLayout.D82UoWck.css""" - 200 14328 "text/css" 84.1065ms
[2026-07-28T11:51:22.2308046+02:00] |INFO| #9 [DomuWaveUnified - EAGLEFLY] Microsoft.AspNetCore.Hosting.Diagnostics Request starting "HTTP/1.1" "GET" "http"://"localhost:40300""""/assets/js/authApiClient.BpQhzNmr.js""" - null null
[2026-07-28T11:51:22.2435576+02:00] |INFO| #67 [DomuWaveUnified - EAGLEFLY] Microsoft.AspNetCore.Hosting.Diagnostics Request starting "HTTP/1.1" "GET" "http"://"localhost:40300""""/assets/js/userService.CB5BLhGr.js""" - null null
[2026-07-28T11:51:22.2493865+02:00] |INFO| #69 [DomuWaveUnified - EAGLEFLY] Microsoft.AspNetCore.StaticFiles.StaticFileMiddleware Sending file. Request path: '"/assets/js/useTenantBranding.C5C9_xvr.js"'. Physical path: '"C:\Projects\Works\DomuWave\DomuWave.Web\wwwroot\assets\js\useTenantBranding.C5C9_xvr.js"'
[2026-07-28T11:51:22.2684031+02:00] |DBUG| #69 [DomuWaveUnified - EAGLEFLY] Microsoft.AspNetCore.Server.Kestrel.Connections Connection id ""0HNNCHN32EDPK"" completed keep alive response.
[2026-07-28T11:51:22.2740361+02:00] |INFO| #69 [DomuWaveUnified - EAGLEFLY] Microsoft.AspNetCore.Hosting.Diagnostics Request finished "HTTP/1.1" "GET" "http"://"localhost:40300""""/assets/js/useTenantBranding.C5C9_xvr.js""" - 200 1016 "text/javascript" 80.4703ms
[2026-07-28T11:51:22.2946818+02:00] |INFO| #10 [DomuWaveUnified - EAGLEFLY] Microsoft.AspNetCore.StaticFiles.StaticFileMiddleware Sending file. Request path: '"/assets/js/userService.CB5BLhGr.js"'. Physical path: '"C:\Projects\Works\DomuWave\DomuWave.Web\wwwroot\assets\js\userService.CB5BLhGr.js"'
[2026-07-28T11:51:22.2955916+02:00] |INFO| #11 [DomuWaveUnified - EAGLEFLY] Microsoft.AspNetCore.StaticFiles.StaticFileMiddleware Sending file. Request path: '"/assets/js/authApiClient.BpQhzNmr.js"'. Physical path: '"C:\Projects\Works\DomuWave\DomuWave.Web\wwwroot\assets\js\authApiClient.BpQhzNmr.js"'
[2026-07-28T11:51:22.3043623+02:00] |DBUG| #10 [DomuWaveUnified - EAGLEFLY] Microsoft.AspNetCore.Server.Kestrel.Connections Connection id ""0HNNCHN32EDPL"" completed keep alive response.
[2026-07-28T11:51:22.3116678+02:00] |DBUG| #11 [DomuWaveUnified - EAGLEFLY] Microsoft.AspNetCore.Server.Kestrel.Connections Connection id ""0HNNCHN32EDPM"" completed keep alive response.
[2026-07-28T11:51:22.3156114+02:00] |INFO| #10 [DomuWaveUnified - EAGLEFLY] Microsoft.AspNetCore.Hosting.Diagnostics Request finished "HTTP/1.1" "GET" "http"://"localhost:40300""""/assets/js/userService.CB5BLhGr.js""" - 200 1045 "text/javascript" 72.097ms
[2026-07-28T11:51:22.3216424+02:00] |INFO| #11 [DomuWaveUnified - EAGLEFLY] Microsoft.AspNetCore.Hosting.Diagnostics Request finished "HTTP/1.1" "GET" "http"://"localhost:40300""""/assets/js/authApiClient.BpQhzNmr.js""" - 200 1653 "text/javascript" 90.5899ms
[2026-07-28T11:51:22.3592901+02:00] |INFO| #11 [DomuWaveUnified - EAGLEFLY] Microsoft.AspNetCore.Hosting.Diagnostics Request starting "HTTP/1.1" "GET" "http"://"localhost:40300""""/assets/js/logostudiogalli.Bo4Oop1B.js""" - null null
[2026-07-28T11:51:22.3600347+02:00] |INFO| #10 [DomuWaveUnified - EAGLEFLY] Microsoft.AspNetCore.Hosting.Diagnostics Request starting "HTTP/1.1" "GET" "http"://"localhost:40300""""/assets/js/DashboardView.DioJA_A9.js""" - null null
[2026-07-28T11:51:22.4010018+02:00] |INFO| #9 [DomuWaveUnified - EAGLEFLY] Microsoft.AspNetCore.StaticFiles.StaticFileMiddleware Sending file. Request path: '"/assets/js/logostudiogalli.Bo4Oop1B.js"'. Physical path: '"C:\Projects\Works\DomuWave\DomuWave.Web\wwwroot\assets\js\logostudiogalli.Bo4Oop1B.js"'
[2026-07-28T11:51:22.4133484+02:00] |DBUG| #9 [DomuWaveUnified - EAGLEFLY] Microsoft.AspNetCore.Server.Kestrel.Connections Connection id ""0HNNCHN32EDPM"" completed keep alive response.
[2026-07-28T11:51:22.4219264+02:00] |INFO| #71 [DomuWaveUnified - EAGLEFLY] Microsoft.AspNetCore.StaticFiles.StaticFileMiddleware Sending file. Request path: '"/assets/js/DashboardView.DioJA_A9.js"'. Physical path: '"C:\Projects\Works\DomuWave\DomuWave.Web\wwwroot\assets\js\DashboardView.DioJA_A9.js"'
[2026-07-28T11:51:22.4238769+02:00] |INFO| #9 [DomuWaveUnified - EAGLEFLY] Microsoft.AspNetCore.Hosting.Diagnostics Request finished "HTTP/1.1" "GET" "http"://"localhost:40300""""/assets/js/logostudiogalli.Bo4Oop1B.js""" - 200 63 "text/javascript" 64.6156ms
[2026-07-28T11:51:22.4320930+02:00] |DBUG| #71 [DomuWaveUnified - EAGLEFLY] Microsoft.AspNetCore.Server.Kestrel.Connections Connection id ""0HNNCHN32EDPL"" completed keep alive response.
[2026-07-28T11:51:22.4538530+02:00] |INFO| #71 [DomuWaveUnified - EAGLEFLY] Microsoft.AspNetCore.Hosting.Diagnostics Request finished "HTTP/1.1" "GET" "http"://"localhost:40300""""/assets/js/DashboardView.DioJA_A9.js""" - 200 4627 "text/javascript" 93.7961ms
[2026-07-28T11:51:22.6117154+02:00] |INFO| #71 [DomuWaveUnified - EAGLEFLY] Microsoft.AspNetCore.Hosting.Diagnostics Request starting "HTTP/1.1" "GET" "http"://"localhost:40300""""/assets/logostudiogalli.CZHLR8YS.png""" - null null
[2026-07-28T11:51:22.6234267+02:00] |INFO| #9 [DomuWaveUnified - EAGLEFLY] Microsoft.AspNetCore.Hosting.Diagnostics Request starting "HTTP/1.1" "GET" "http"://"localhost:40300""""/api/tenants""" - null null
[2026-07-28T11:51:22.6254064+02:00] |INFO| #70 [DomuWaveUnified - EAGLEFLY] Microsoft.AspNetCore.Hosting.Diagnostics Request starting "HTTP/1.1" "GET" "http"://"localhost:40300""""/api/condominiums""" - null null
[2026-07-28T11:51:22.6358505+02:00] |DBUG| #9 [DomuWaveUnified - EAGLEFLY] Microsoft.AspNetCore.StaticFiles.StaticFileMiddleware The request path "/api/tenants" does not match a supported file type
[2026-07-28T11:51:22.6290744+02:00] |DBUG| #11 [DomuWaveUnified - EAGLEFLY] Microsoft.AspNetCore.Server.Kestrel.Connections Connection id ""0HNNCHN32EDPN"" accepted.
[2026-07-28T11:51:22.6422742+02:00] |INFO| #15 [DomuWaveUnified - EAGLEFLY] Microsoft.AspNetCore.StaticFiles.StaticFileMiddleware Sending file. Request path: '"/assets/logostudiogalli.CZHLR8YS.png"'. Physical path: '"C:\Projects\Works\DomuWave\DomuWave.Web\wwwroot\assets\logostudiogalli.CZHLR8YS.png"'
[2026-07-28T11:51:22.6571529+02:00] |INFO| #9 [DomuWaveUnified - EAGLEFLY] CPQ.Core.Middlewares.CorrelationServiceMiddleware x-correlation-id header not found in the request. Generating a new correlation ID.
[2026-07-28T11:51:22.6589786+02:00] |DBUG| #67 [DomuWaveUnified - EAGLEFLY] Microsoft.AspNetCore.Server.Kestrel.Connections Connection id ""0HNNCHN32EDPN"" started.
[2026-07-28T11:51:22.6475672+02:00] |DBUG| #70 [DomuWaveUnified - EAGLEFLY] Microsoft.AspNetCore.StaticFiles.StaticFileMiddleware The request path "/api/condominiums" does not match a supported file type
[2026-07-28T11:51:22.6604613+02:00] |DBUG| #11 [DomuWaveUnified - EAGLEFLY] Microsoft.AspNetCore.Server.Kestrel.Connections Connection id ""0HNNCHN32EDPO"" accepted.
[2026-07-28T11:51:22.6637199+02:00] |DBUG| #15 [DomuWaveUnified - EAGLEFLY] Microsoft.AspNetCore.Server.Kestrel.Connections Connection id ""0HNNCHN32EDPL"" completed keep alive response.
[2026-07-28T11:51:22.6662655+02:00] |INFO| #9 [DomuWaveUnified - EAGLEFLY] CPQ.Core.Middlewares.CorrelationServiceMiddleware Generated new correlation ID: f017525f-0d76-4270-858a-69d0eb6ef440
[2026-07-28T11:51:22.6711868+02:00] |INFO| #67 [DomuWaveUnified - EAGLEFLY] Microsoft.AspNetCore.Hosting.Diagnostics Request starting "HTTP/1.1" "GET" "http"://"localhost:40300""""/api/tenant-display""" - null null
[2026-07-28T11:51:22.6745513+02:00] |INFO| #70 [DomuWaveUnified - EAGLEFLY] CPQ.Core.Middlewares.CorrelationServiceMiddleware x-correlation-id header not found in the request. Generating a new correlation ID.
[2026-07-28T11:51:22.6768976+02:00] |DBUG| #71 [DomuWaveUnified - EAGLEFLY] Microsoft.AspNetCore.Server.Kestrel.Connections Connection id ""0HNNCHN32EDPO"" started.
[2026-07-28T11:51:22.6803623+02:00] |INFO| #15 [DomuWaveUnified - EAGLEFLY] Microsoft.AspNetCore.Hosting.Diagnostics Request finished "HTTP/1.1" "GET" "http"://"localhost:40300""""/assets/logostudiogalli.CZHLR8YS.png""" - 200 7234 "image/png" 68.6938ms
[2026-07-28T11:51:22.6924303+02:00] |DBUG| #67 [DomuWaveUnified - EAGLEFLY] Microsoft.AspNetCore.StaticFiles.StaticFileMiddleware The request path "/api/tenant-display" does not match a supported file type
[2026-07-28T11:51:22.6782172+02:00] |DBUG| #69 [DomuWaveUnified - EAGLEFLY] Microsoft.AspNetCore.Server.Kestrel.Connections Connection id ""0HNNCHN32EDPP"" accepted.
[2026-07-28T11:51:22.6946114+02:00] |INFO| #70 [DomuWaveUnified - EAGLEFLY] CPQ.Core.Middlewares.CorrelationServiceMiddleware Generated new correlation ID: 7bf16725-79ad-4554-9064-30a31f99e015
[2026-07-28T11:51:22.6976918+02:00] |DBUG| #9 [DomuWaveUnified - EAGLEFLY] Microsoft.AspNetCore.Routing.Matching.DfaMatcher 2 candidate(s) found for the request path '"/api/tenants"'
[2026-07-28T11:51:22.7198339+02:00] |DBUG| #10 [DomuWaveUnified - EAGLEFLY] Microsoft.AspNetCore.Server.Kestrel.Connections Connection id ""0HNNCHN32EDPP"" started.
[2026-07-28T11:51:22.7100285+02:00] |INFO| #15 [DomuWaveUnified - EAGLEFLY] Microsoft.AspNetCore.Hosting.Diagnostics Request starting "HTTP/1.1" "GET" "http"://"localhost:40300""""/assets/primeicons.C6QP2o4f.woff2""" - null null
[2026-07-28T11:51:22.7158956+02:00] |INFO| #67 [DomuWaveUnified - EAGLEFLY] CPQ.Core.Middlewares.CorrelationServiceMiddleware x-correlation-id header not found in the request. Generating a new correlation ID.
[2026-07-28T11:51:22.6982604+02:00] |INFO| #71 [DomuWaveUnified - EAGLEFLY] Microsoft.AspNetCore.Hosting.Diagnostics Request starting "HTTP/1.1" "GET" "http"://"localhost:40300""""/api/menues""" - null null
[2026-07-28T11:51:22.7242463+02:00] |DBUG| #70 [DomuWaveUnified - EAGLEFLY] Microsoft.AspNetCore.Routing.Matching.DfaMatcher 2 candidate(s) found for the request path '"/api/condominiums"'
[2026-07-28T11:51:22.7266317+02:00] |DBUG| #9 [DomuWaveUnified - EAGLEFLY] Microsoft.AspNetCore.Routing.Matching.DfaMatcher Endpoint '"DomuWave.Microservice.Controllers.TenantsController.GetAll (DomuWave.Unified)"' with route pattern '"api/Tenants"' is valid for the request path '"/api/tenants"'
[2026-07-28T11:51:22.7302832+02:00] |INFO| #10 [DomuWaveUnified - EAGLEFLY] Microsoft.AspNetCore.Hosting.Diagnostics Request starting "HTTP/1.1" "GET" "http"://"localhost:40300""""/api/dashboard/summary""" - null null
[2026-07-28T11:51:22.7406311+02:00] |INFO| #67 [DomuWaveUnified - EAGLEFLY] CPQ.Core.Middlewares.CorrelationServiceMiddleware Generated new correlation ID: 805e4705-6f10-4f47-a647-09b66e6d022b
[2026-07-28T11:51:22.7540467+02:00] |DBUG| #9 [DomuWaveUnified - EAGLEFLY] Microsoft.AspNetCore.Routing.Matching.DfaMatcher Endpoint '"Fallback {*path:nonfile}"' with route pattern '"{*path:nonfile}"' is valid for the request path '"/api/tenants"'
[2026-07-28T11:51:22.7646357+02:00] |DBUG| #10 [DomuWaveUnified - EAGLEFLY] Microsoft.AspNetCore.StaticFiles.StaticFileMiddleware The request path "/api/dashboard/summary" does not match a supported file type
[2026-07-28T11:51:22.7492643+02:00] |DBUG| #70 [DomuWaveUnified - EAGLEFLY] Microsoft.AspNetCore.Routing.Matching.DfaMatcher Endpoint '"DomuWave.Microservice.Controllers.CondominiumsController.GetAll (DomuWave.Unified)"' with route pattern '"api/Condominiums"' is valid for the request path '"/api/condominiums"'
[2026-07-28T11:51:22.7454872+02:00] |DBUG| #71 [DomuWaveUnified - EAGLEFLY] Microsoft.AspNetCore.StaticFiles.StaticFileMiddleware The request path "/api/menues" does not match a supported file type
[2026-07-28T11:51:22.7716293+02:00] |INFO| #68 [DomuWaveUnified - EAGLEFLY] Microsoft.AspNetCore.StaticFiles.StaticFileMiddleware Sending file. Request path: '"/assets/primeicons.C6QP2o4f.woff2"'. Physical path: '"C:\Projects\Works\DomuWave\DomuWave.Web\wwwroot\assets\primeicons.C6QP2o4f.woff2"'
[2026-07-28T11:51:22.7806441+02:00] |DBUG| #67 [DomuWaveUnified - EAGLEFLY] Microsoft.AspNetCore.Routing.Matching.DfaMatcher 2 candidate(s) found for the request path '"/api/tenant-display"'
[2026-07-28T11:51:22.7861981+02:00] |DBUG| #9 [DomuWaveUnified - EAGLEFLY] Microsoft.AspNetCore.Routing.EndpointRoutingMiddleware Request matched endpoint '"DomuWave.Microservice.Controllers.TenantsController.GetAll (DomuWave.Unified)"'
[2026-07-28T11:51:22.7965988+02:00] |INFO| #10 [DomuWaveUnified - EAGLEFLY] CPQ.Core.Middlewares.CorrelationServiceMiddleware x-correlation-id header not found in the request. Generating a new correlation ID.
[2026-07-28T11:51:22.8026120+02:00] |DBUG| #70 [DomuWaveUnified - EAGLEFLY] Microsoft.AspNetCore.Routing.Matching.DfaMatcher Endpoint '"Fallback {*path:nonfile}"' with route pattern '"{*path:nonfile}"' is valid for the request path '"/api/condominiums"'
[2026-07-28T11:51:22.8073837+02:00] |INFO| #71 [DomuWaveUnified - EAGLEFLY] CPQ.Core.Middlewares.CorrelationServiceMiddleware x-correlation-id header not found in the request. Generating a new correlation ID.
[2026-07-28T11:51:22.8150305+02:00] |DBUG| #68 [DomuWaveUnified - EAGLEFLY] Microsoft.AspNetCore.Server.Kestrel.Connections Connection id ""0HNNCHN32EDPL"" completed keep alive response.
[2026-07-28T11:51:22.8205043+02:00] |DBUG| #67 [DomuWaveUnified - EAGLEFLY] Microsoft.AspNetCore.Routing.Matching.DfaMatcher Endpoint '"DomuWave.Microservice.Controllers.TenantDisplayController.Get (DomuWave.Unified)"' with route pattern '"api/tenant-display"' is valid for the request path '"/api/tenant-display"'
[2026-07-28T11:51:22.8274470+02:00] |INFO| #10 [DomuWaveUnified - EAGLEFLY] CPQ.Core.Middlewares.CorrelationServiceMiddleware Generated new correlation ID: 9653ee84-2595-45d5-85a7-a528d292e2cd
[2026-07-28T11:51:22.8341892+02:00] |DBUG| #70 [DomuWaveUnified - EAGLEFLY] Microsoft.AspNetCore.Routing.EndpointRoutingMiddleware Request matched endpoint '"DomuWave.Microservice.Controllers.CondominiumsController.GetAll (DomuWave.Unified)"'
[2026-07-28T11:51:22.8383676+02:00] |INFO| #71 [DomuWaveUnified - EAGLEFLY] CPQ.Core.Middlewares.CorrelationServiceMiddleware Generated new correlation ID: a03176d2-5e85-452a-a675-80ac4939ef9a
[2026-07-28T11:51:22.8501692+02:00] |DBUG| #67 [DomuWaveUnified - EAGLEFLY] Microsoft.AspNetCore.Routing.Matching.DfaMatcher Endpoint '"Fallback {*path:nonfile}"' with route pattern '"{*path:nonfile}"' is valid for the request path '"/api/tenant-display"'
[2026-07-28T11:51:22.8824956+02:00] |DBUG| #67 [DomuWaveUnified - EAGLEFLY] Microsoft.AspNetCore.Routing.EndpointRoutingMiddleware Request matched endpoint '"DomuWave.Microservice.Controllers.TenantDisplayController.Get (DomuWave.Unified)"'
[2026-07-28T11:51:22.8547808+02:00] |DBUG| #10 [DomuWaveUnified - EAGLEFLY] Microsoft.AspNetCore.Routing.Matching.DfaMatcher 2 candidate(s) found for the request path '"/api/dashboard/summary"'
[2026-07-28T11:51:22.8428916+02:00] |INFO| #68 [DomuWaveUnified - EAGLEFLY] Microsoft.AspNetCore.Hosting.Diagnostics Request finished "HTTP/1.1" "GET" "http"://"localhost:40300""""/assets/primeicons.C6QP2o4f.woff2""" - 200 35148 "font/woff2" 132.918ms
[2026-07-28T11:51:22.8663357+02:00] |INFO| #70 [DomuWaveUnified - EAGLEFLY] CPQ.Core.Persistence.SessionFactories.DefaultSessionFactoryProvider  "7bf16725-79ad-4554-9064-30a31f99e015" ## OPEN TRANSACTION ## [DB:"eaglefly - MSSql217693_PROD - sql ver:16.00.1190  - Open"]      [FactoryKey:"AUTH"] [IsolationLevel :ReadUncommitted] 
[2026-07-28T11:51:22.8670947+02:00] |DBUG| #71 [DomuWaveUnified - EAGLEFLY] Microsoft.AspNetCore.Routing.Matching.DfaMatcher 2 candidate(s) found for the request path '"/api/menues"'
[2026-07-28T11:51:22.8400079+02:00] |INFO| #9 [DomuWaveUnified - EAGLEFLY] CPQ.Core.Persistence.SessionFactories.DefaultSessionFactoryProvider  "f017525f-0d76-4270-858a-69d0eb6ef440" ## OPEN TRANSACTION ## [DB:"eaglefly - MSSql217693_PROD - sql ver:16.00.1190  - Open"]      [FactoryKey:"AUTH"] [IsolationLevel :ReadUncommitted] 
[2026-07-28T11:51:22.8939032+02:00] |DBUG| #10 [DomuWaveUnified - EAGLEFLY] Microsoft.AspNetCore.Routing.Matching.DfaMatcher Endpoint '"DomuWave.Microservice.Controllers.DashboardController.GetSummary (DomuWave.Unified)"' with route pattern '"api/Dashboard/summary"' is valid for the request path '"/api/dashboard/summary"'
[2026-07-28T11:51:22.8963190+02:00] |INFO| #67 [DomuWaveUnified - EAGLEFLY] CPQ.Core.Persistence.SessionFactories.DefaultSessionFactoryProvider  "805e4705-6f10-4f47-a647-09b66e6d022b" ## OPEN TRANSACTION ## [DB:"eaglefly - MSSql217693_PROD - sql ver:16.00.1190  - Open"]      [FactoryKey:"AUTH"] [IsolationLevel :ReadUncommitted] 
[2026-07-28T11:51:22.9093365+02:00] |DBUG| #70 [DomuWaveUnified - EAGLEFLY] Microsoft.AspNetCore.StaticFiles.StaticFileMiddleware Static files was skipped as the request already matched an endpoint.
[2026-07-28T11:51:22.9108351+02:00] |DBUG| #71 [DomuWaveUnified - EAGLEFLY] Microsoft.AspNetCore.Routing.Matching.DfaMatcher Endpoint '"DomuWave.Microservice.Controllers.MenuesController.GetAllMenues (DomuWave.Unified)"' with route pattern '"api/Menues"' is valid for the request path '"/api/menues"'
[2026-07-28T11:51:22.9185253+02:00] |DBUG| #9 [DomuWaveUnified - EAGLEFLY] Microsoft.AspNetCore.StaticFiles.StaticFileMiddleware Static files was skipped as the request already matched an endpoint.
[2026-07-28T11:51:22.9453553+02:00] |INFO| #9 [DomuWaveUnified - EAGLEFLY] Microsoft.AspNetCore.Routing.EndpointMiddleware Executing endpoint '"DomuWave.Microservice.Controllers.TenantsController.GetAll (DomuWave.Unified)"'
[2026-07-28T11:51:22.9338074+02:00] |DBUG| #67 [DomuWaveUnified - EAGLEFLY] Microsoft.AspNetCore.StaticFiles.StaticFileMiddleware Static files was skipped as the request already matched an endpoint.
[2026-07-28T11:51:22.9370699+02:00] |INFO| #70 [DomuWaveUnified - EAGLEFLY] Microsoft.AspNetCore.Routing.EndpointMiddleware Executing endpoint '"DomuWave.Microservice.Controllers.CondominiumsController.GetAll (DomuWave.Unified)"'
[2026-07-28T11:51:22.9415196+02:00] |DBUG| #71 [DomuWaveUnified - EAGLEFLY] Microsoft.AspNetCore.Routing.Matching.DfaMatcher Endpoint '"Fallback {*path:nonfile}"' with route pattern '"{*path:nonfile}"' is valid for the request path '"/api/menues"'
[2026-07-28T11:51:22.9603533+02:00] |DBUG| #71 [DomuWaveUnified - EAGLEFLY] Microsoft.AspNetCore.Routing.EndpointRoutingMiddleware Request matched endpoint '"DomuWave.Microservice.Controllers.MenuesController.GetAllMenues (DomuWave.Unified)"'
[2026-07-28T11:51:22.9508559+02:00] |INFO| #67 [DomuWaveUnified - EAGLEFLY] Microsoft.AspNetCore.Routing.EndpointMiddleware Executing endpoint '"DomuWave.Microservice.Controllers.TenantDisplayController.Get (DomuWave.Unified)"'
[2026-07-28T11:51:22.9278243+02:00] |DBUG| #10 [DomuWaveUnified - EAGLEFLY] Microsoft.AspNetCore.Routing.Matching.DfaMatcher Endpoint '"Fallback {*path:nonfile}"' with route pattern '"{*path:nonfile}"' is valid for the request path '"/api/dashboard/summary"'
[2026-07-28T11:51:22.9741661+02:00] |INFO| #71 [DomuWaveUnified - EAGLEFLY] CPQ.Core.Persistence.SessionFactories.DefaultSessionFactoryProvider  "a03176d2-5e85-452a-a675-80ac4939ef9a" ## OPEN TRANSACTION ## [DB:"eaglefly - MSSql217693_PROD - sql ver:16.00.1190  - Open"]      [FactoryKey:"AUTH"] [IsolationLevel :ReadUncommitted] 
[2026-07-28T11:51:22.9814221+02:00] |DBUG| #10 [DomuWaveUnified - EAGLEFLY] Microsoft.AspNetCore.Routing.EndpointRoutingMiddleware Request matched endpoint '"DomuWave.Microservice.Controllers.DashboardController.GetSummary (DomuWave.Unified)"'
[2026-07-28T11:51:22.9914595+02:00] |DBUG| #71 [DomuWaveUnified - EAGLEFLY] Microsoft.AspNetCore.StaticFiles.StaticFileMiddleware Static files was skipped as the request already matched an endpoint.
[2026-07-28T11:51:22.9953318+02:00] |INFO| #71 [DomuWaveUnified - EAGLEFLY] Microsoft.AspNetCore.Routing.EndpointMiddleware Executing endpoint '"DomuWave.Microservice.Controllers.MenuesController.GetAllMenues (DomuWave.Unified)"'
[2026-07-28T11:51:22.9973151+02:00] |INFO| #10 [DomuWaveUnified - EAGLEFLY] CPQ.Core.Persistence.SessionFactories.DefaultSessionFactoryProvider  "9653ee84-2595-45d5-85a7-a528d292e2cd" ## OPEN TRANSACTION ## [DB:"eaglefly - MSSql217693_PROD - sql ver:16.00.1190  - Open"]      [FactoryKey:"AUTH"] [IsolationLevel :ReadUncommitted] 
[2026-07-28T11:51:23.0062651+02:00] |DBUG| #10 [DomuWaveUnified - EAGLEFLY] Microsoft.AspNetCore.StaticFiles.StaticFileMiddleware Static files was skipped as the request already matched an endpoint.
[2026-07-28T11:51:23.0087614+02:00] |INFO| #10 [DomuWaveUnified - EAGLEFLY] Microsoft.AspNetCore.Routing.EndpointMiddleware Executing endpoint '"DomuWave.Microservice.Controllers.DashboardController.GetSummary (DomuWave.Unified)"'
[2026-07-28T11:51:23.0135206+02:00] |INFO| #71 [DomuWaveUnified - EAGLEFLY] Microsoft.AspNetCore.Mvc.Infrastructure.ControllerActionInvoker Route matched with "{action = \"GetAllMenues\", controller = \"Menues\"}". Executing controller action with signature "System.Threading.Tasks.Task`1[Microsoft.AspNetCore.Mvc.IActionResult] GetAllMenues(System.Threading.CancellationToken)" on controller "DomuWave.Microservice.Controllers.MenuesController" ("DomuWave.Unified").
[2026-07-28T11:51:23.0135342+02:00] |INFO| #70 [DomuWaveUnified - EAGLEFLY] Microsoft.AspNetCore.Mvc.Infrastructure.ControllerActionInvoker Route matched with "{action = \"GetAll\", controller = \"Condominiums\"}". Executing controller action with signature "System.Threading.Tasks.Task`1[Microsoft.AspNetCore.Mvc.IActionResult] GetAll(System.Threading.CancellationToken)" on controller "DomuWave.Microservice.Controllers.CondominiumsController" ("DomuWave.Unified").
[2026-07-28T11:51:23.0134550+02:00] |INFO| #67 [DomuWaveUnified - EAGLEFLY] Microsoft.AspNetCore.Mvc.Infrastructure.ControllerActionInvoker Route matched with "{action = \"Get\", controller = \"TenantDisplay\"}". Executing controller action with signature "System.Threading.Tasks.Task`1[Microsoft.AspNetCore.Mvc.IActionResult] Get(System.Threading.CancellationToken)" on controller "DomuWave.Microservice.Controllers.TenantDisplayController" ("DomuWave.Unified").
[2026-07-28T11:51:23.0134192+02:00] |INFO| #9 [DomuWaveUnified - EAGLEFLY] Microsoft.AspNetCore.Mvc.Infrastructure.ControllerActionInvoker Route matched with "{action = \"GetAll\", controller = \"Tenants\"}". Executing controller action with signature "System.Threading.Tasks.Task`1[Microsoft.AspNetCore.Mvc.IActionResult] GetAll(System.Threading.CancellationToken)" on controller "DomuWave.Microservice.Controllers.TenantsController" ("DomuWave.Unified").
[2026-07-28T11:51:23.0184788+02:00] |INFO| #10 [DomuWaveUnified - EAGLEFLY] Microsoft.AspNetCore.Mvc.Infrastructure.ControllerActionInvoker Route matched with "{action = \"GetSummary\", controller = \"Dashboard\"}". Executing controller action with signature "System.Threading.Tasks.Task`1[Microsoft.AspNetCore.Mvc.IActionResult] GetSummary(System.Threading.CancellationToken)" on controller "DomuWave.Microservice.Controllers.DashboardController" ("DomuWave.Unified").
[2026-07-28T11:51:23.0223936+02:00] |DBUG| #71 [DomuWaveUnified - EAGLEFLY] Microsoft.AspNetCore.Mvc.Infrastructure.ControllerActionInvoker Execution plan of "authorization" filters (in the following order): ["None"]
[2026-07-28T11:51:23.0257337+02:00] |DBUG| #70 [DomuWaveUnified - EAGLEFLY] Microsoft.AspNetCore.Mvc.Infrastructure.ControllerActionInvoker Execution plan of "authorization" filters (in the following order): ["None"]
[2026-07-28T11:51:23.0302839+02:00] |DBUG| #67 [DomuWaveUnified - EAGLEFLY] Microsoft.AspNetCore.Mvc.Infrastructure.ControllerActionInvoker Execution plan of "authorization" filters (in the following order): ["None"]
[2026-07-28T11:51:23.0374313+02:00] |DBUG| #9 [DomuWaveUnified - EAGLEFLY] Microsoft.AspNetCore.Mvc.Infrastructure.ControllerActionInvoker Execution plan of "authorization" filters (in the following order): ["None"]
[2026-07-28T11:51:23.0425913+02:00] |DBUG| #10 [DomuWaveUnified - EAGLEFLY] Microsoft.AspNetCore.Mvc.Infrastructure.ControllerActionInvoker Execution plan of "authorization" filters (in the following order): ["None"]
[2026-07-28T11:51:23.0465816+02:00] |DBUG| #71 [DomuWaveUnified - EAGLEFLY] Microsoft.AspNetCore.Mvc.Infrastructure.ControllerActionInvoker Execution plan of "resource" filters (in the following order): ["Microsoft.AspNetCore.Mvc.ViewFeatures.Filters.SaveTempDataFilter"]
[2026-07-28T11:51:23.0502824+02:00] |DBUG| #70 [DomuWaveUnified - EAGLEFLY] Microsoft.AspNetCore.Mvc.Infrastructure.ControllerActionInvoker Execution plan of "resource" filters (in the following order): ["Microsoft.AspNetCore.Mvc.ViewFeatures.Filters.SaveTempDataFilter"]
[2026-07-28T11:51:23.0559775+02:00] |DBUG| #67 [DomuWaveUnified - EAGLEFLY] Microsoft.AspNetCore.Mvc.Infrastructure.ControllerActionInvoker Execution plan of "resource" filters (in the following order): ["Microsoft.AspNetCore.Mvc.ViewFeatures.Filters.SaveTempDataFilter"]
[2026-07-28T11:51:23.0596309+02:00] |DBUG| #9 [DomuWaveUnified - EAGLEFLY] Microsoft.AspNetCore.Mvc.Infrastructure.ControllerActionInvoker Execution plan of "resource" filters (in the following order): ["Microsoft.AspNetCore.Mvc.ViewFeatures.Filters.SaveTempDataFilter"]
[2026-07-28T11:51:23.0631176+02:00] |DBUG| #10 [DomuWaveUnified - EAGLEFLY] Microsoft.AspNetCore.Mvc.Infrastructure.ControllerActionInvoker Execution plan of "resource" filters (in the following order): ["Microsoft.AspNetCore.Mvc.ViewFeatures.Filters.SaveTempDataFilter"]
[2026-07-28T11:51:23.0664902+02:00] |DBUG| #71 [DomuWaveUnified - EAGLEFLY] Microsoft.AspNetCore.Mvc.Infrastructure.ControllerActionInvoker Execution plan of "action" filters (in the following order): ["Microsoft.AspNetCore.Mvc.ModelBinding.UnsupportedContentTypeFilter (Order: -3000)", "Microsoft.AspNetCore.Mvc.Infrastructure.ModelStateInvalidFilter (Order: -2000)", "CPQ.Core.ActionFilters.TokenAuthorizeAttribute (Order: 0)", "CPQ.Core.ActionFilters.AuthorizationApiFilter (Order: 0)"]
[2026-07-28T11:51:23.0712447+02:00] |DBUG| #70 [DomuWaveUnified - EAGLEFLY] Microsoft.AspNetCore.Mvc.Infrastructure.ControllerActionInvoker Execution plan of "action" filters (in the following order): ["Microsoft.AspNetCore.Mvc.ModelBinding.UnsupportedContentTypeFilter (Order: -3000)", "Microsoft.AspNetCore.Mvc.Infrastructure.ModelStateInvalidFilter (Order: -2000)", "CPQ.Core.ActionFilters.TokenAuthorizeAttribute (Order: 0)", "DomuWave.Application.Filters.TenantHeaderFilter", "CPQ.Core.ActionFilters.AuthorizationApiFilter (Order: 0)"]
[2026-07-28T11:51:23.0779628+02:00] |DBUG| #67 [DomuWaveUnified - EAGLEFLY] Microsoft.AspNetCore.Mvc.Infrastructure.ControllerActionInvoker Execution plan of "action" filters (in the following order): ["Microsoft.AspNetCore.Mvc.ModelBinding.UnsupportedContentTypeFilter (Order: -3000)", "Microsoft.AspNetCore.Mvc.Infrastructure.ModelStateInvalidFilter (Order: -2000)", "CPQ.Core.ActionFilters.TokenAuthorizeAttribute (Order: 0)"]
[2026-07-28T11:51:23.0840062+02:00] |DBUG| #9 [DomuWaveUnified - EAGLEFLY] Microsoft.AspNetCore.Mvc.Infrastructure.ControllerActionInvoker Execution plan of "action" filters (in the following order): ["Microsoft.AspNetCore.Mvc.ModelBinding.UnsupportedContentTypeFilter (Order: -3000)", "Microsoft.AspNetCore.Mvc.Infrastructure.ModelStateInvalidFilter (Order: -2000)", "CPQ.Core.ActionFilters.TokenAuthorizeAttribute (Order: 0)", "DomuWave.Application.Filters.SystemBookHeaderFilter", "CPQ.Core.ActionFilters.AuthorizationApiFilter (Order: 0)"]
[2026-07-28T11:51:23.0919323+02:00] |DBUG| #10 [DomuWaveUnified - EAGLEFLY] Microsoft.AspNetCore.Mvc.Infrastructure.ControllerActionInvoker Execution plan of "action" filters (in the following order): ["Microsoft.AspNetCore.Mvc.ModelBinding.UnsupportedContentTypeFilter (Order: -3000)", "Microsoft.AspNetCore.Mvc.Infrastructure.ModelStateInvalidFilter (Order: -2000)", "CPQ.Core.ActionFilters.TokenAuthorizeAttribute (Order: 0)", "DomuWave.Application.Filters.TenantHeaderFilter", "CPQ.Core.ActionFilters.AuthorizationApiFilter (Order: 0)"]
[2026-07-28T11:51:23.0989500+02:00] |DBUG| #71 [DomuWaveUnified - EAGLEFLY] Microsoft.AspNetCore.Mvc.Infrastructure.ControllerActionInvoker Execution plan of "exception" filters (in the following order): ["None"]
[2026-07-28T11:51:23.1095381+02:00] |DBUG| #70 [DomuWaveUnified - EAGLEFLY] Microsoft.AspNetCore.Mvc.Infrastructure.ControllerActionInvoker Execution plan of "exception" filters (in the following order): ["None"]
[2026-07-28T11:51:23.1160177+02:00] |DBUG| #67 [DomuWaveUnified - EAGLEFLY] Microsoft.AspNetCore.Mvc.Infrastructure.ControllerActionInvoker Execution plan of "exception" filters (in the following order): ["None"]
[2026-07-28T11:51:23.1258629+02:00] |DBUG| #9 [DomuWaveUnified - EAGLEFLY] Microsoft.AspNetCore.Mvc.Infrastructure.ControllerActionInvoker Execution plan of "exception" filters (in the following order): ["None"]
[2026-07-28T11:51:23.1335743+02:00] |DBUG| #10 [DomuWaveUnified - EAGLEFLY] Microsoft.AspNetCore.Mvc.Infrastructure.ControllerActionInvoker Execution plan of "exception" filters (in the following order): ["None"]
[2026-07-28T11:51:23.1399749+02:00] |DBUG| #71 [DomuWaveUnified - EAGLEFLY] Microsoft.AspNetCore.Mvc.Infrastructure.ControllerActionInvoker Execution plan of "result" filters (in the following order): ["Microsoft.AspNetCore.Mvc.ViewFeatures.Filters.SaveTempDataFilter", "Microsoft.AspNetCore.Mvc.Infrastructure.ClientErrorResultFilter (Order: -2000)", "CPQ.Core.ActionFilters.TokenAuthorizeAttribute (Order: 0)", "CPQ.Core.ActionFilters.AuthorizationApiFilter (Order: 0)"]
[2026-07-28T11:51:23.1450138+02:00] |DBUG| #70 [DomuWaveUnified - EAGLEFLY] Microsoft.AspNetCore.Mvc.Infrastructure.ControllerActionInvoker Execution plan of "result" filters (in the following order): ["Microsoft.AspNetCore.Mvc.ViewFeatures.Filters.SaveTempDataFilter", "Microsoft.AspNetCore.Mvc.Infrastructure.ClientErrorResultFilter (Order: -2000)", "CPQ.Core.ActionFilters.TokenAuthorizeAttribute (Order: 0)", "Microsoft.AspNetCore.Mvc.ProducesAttribute (Order: 0)", "CPQ.Core.ActionFilters.AuthorizationApiFilter (Order: 0)"]
[2026-07-28T11:51:23.1499118+02:00] |DBUG| #67 [DomuWaveUnified - EAGLEFLY] Microsoft.AspNetCore.Mvc.Infrastructure.ControllerActionInvoker Execution plan of "result" filters (in the following order): ["Microsoft.AspNetCore.Mvc.ViewFeatures.Filters.SaveTempDataFilter", "Microsoft.AspNetCore.Mvc.Infrastructure.ClientErrorResultFilter (Order: -2000)", "CPQ.Core.ActionFilters.TokenAuthorizeAttribute (Order: 0)", "Microsoft.AspNetCore.Mvc.ProducesAttribute (Order: 0)"]
[2026-07-28T11:51:23.1554195+02:00] |DBUG| #9 [DomuWaveUnified - EAGLEFLY] Microsoft.AspNetCore.Mvc.Infrastructure.ControllerActionInvoker Execution plan of "result" filters (in the following order): ["Microsoft.AspNetCore.Mvc.ViewFeatures.Filters.SaveTempDataFilter", "Microsoft.AspNetCore.Mvc.Infrastructure.ClientErrorResultFilter (Order: -2000)", "CPQ.Core.ActionFilters.TokenAuthorizeAttribute (Order: 0)", "CPQ.Core.ActionFilters.AuthorizationApiFilter (Order: 0)"]
[2026-07-28T11:51:23.1606573+02:00] |DBUG| #10 [DomuWaveUnified - EAGLEFLY] Microsoft.AspNetCore.Mvc.Infrastructure.ControllerActionInvoker Execution plan of "result" filters (in the following order): ["Microsoft.AspNetCore.Mvc.ViewFeatures.Filters.SaveTempDataFilter", "Microsoft.AspNetCore.Mvc.Infrastructure.ClientErrorResultFilter (Order: -2000)", "CPQ.Core.ActionFilters.TokenAuthorizeAttribute (Order: 0)", "Microsoft.AspNetCore.Mvc.ProducesAttribute (Order: 0)", "CPQ.Core.ActionFilters.AuthorizationApiFilter (Order: 0)"]
[2026-07-28T11:51:23.1711771+02:00] |DBUG| #71 [DomuWaveUnified - EAGLEFLY] Microsoft.AspNetCore.Mvc.Infrastructure.ControllerActionInvoker Executing controller factory for controller "DomuWave.Microservice.Controllers.MenuesController" ("DomuWave.Unified")
[2026-07-28T11:51:23.1775310+02:00] |DBUG| #70 [DomuWaveUnified - EAGLEFLY] Microsoft.AspNetCore.Mvc.Infrastructure.ControllerActionInvoker Executing controller factory for controller "DomuWave.Microservice.Controllers.CondominiumsController" ("DomuWave.Unified")
[2026-07-28T11:51:23.1848600+02:00] |DBUG| #67 [DomuWaveUnified - EAGLEFLY] Microsoft.AspNetCore.Mvc.Infrastructure.ControllerActionInvoker Executing controller factory for controller "DomuWave.Microservice.Controllers.TenantDisplayController" ("DomuWave.Unified")
[2026-07-28T11:51:23.1911005+02:00] |DBUG| #9 [DomuWaveUnified - EAGLEFLY] Microsoft.AspNetCore.Mvc.Infrastructure.ControllerActionInvoker Executing controller factory for controller "DomuWave.Microservice.Controllers.TenantsController" ("DomuWave.Unified")
[2026-07-28T11:51:23.1984970+02:00] |DBUG| #10 [DomuWaveUnified - EAGLEFLY] Microsoft.AspNetCore.Mvc.Infrastructure.ControllerActionInvoker Executing controller factory for controller "DomuWave.Microservice.Controllers.DashboardController" ("DomuWave.Unified")
[2026-07-28T11:51:23.2080117+02:00] |DBUG| #71 [DomuWaveUnified - EAGLEFLY] Microsoft.AspNetCore.Mvc.Infrastructure.ControllerActionInvoker Executed controller factory for controller "DomuWave.Microservice.Controllers.MenuesController" ("DomuWave.Unified")
[2026-07-28T11:51:23.2090901+02:00] |DBUG| #70 [DomuWaveUnified - EAGLEFLY] Microsoft.AspNetCore.Mvc.Infrastructure.ControllerActionInvoker Executed controller factory for controller "DomuWave.Microservice.Controllers.CondominiumsController" ("DomuWave.Unified")
[2026-07-28T11:51:23.2172346+02:00] |DBUG| #67 [DomuWaveUnified - EAGLEFLY] Microsoft.AspNetCore.Mvc.Infrastructure.ControllerActionInvoker Executed controller factory for controller "DomuWave.Microservice.Controllers.TenantDisplayController" ("DomuWave.Unified")
[2026-07-28T11:51:23.2212869+02:00] |DBUG| #9 [DomuWaveUnified - EAGLEFLY] Microsoft.AspNetCore.Mvc.Infrastructure.ControllerActionInvoker Executed controller factory for controller "DomuWave.Microservice.Controllers.TenantsController" ("DomuWave.Unified")
[2026-07-28T11:51:23.2267416+02:00] |DBUG| #10 [DomuWaveUnified - EAGLEFLY] Microsoft.AspNetCore.Mvc.Infrastructure.ControllerActionInvoker Executed controller factory for controller "DomuWave.Microservice.Controllers.DashboardController" ("DomuWave.Unified")
[2026-07-28T11:51:23.2370162+02:00] |DBUG| #71 [DomuWaveUnified - EAGLEFLY] Microsoft.AspNetCore.Mvc.ModelBinding.ParameterBinder Attempting to bind parameter '"cancellationToken"' of type '"System.Threading.CancellationToken"' ...
[2026-07-28T11:51:23.2387564+02:00] |DBUG| #70 [DomuWaveUnified - EAGLEFLY] Microsoft.AspNetCore.Mvc.ModelBinding.ParameterBinder Attempting to bind parameter '"ct"' of type '"System.Threading.CancellationToken"' ...
[2026-07-28T11:51:23.2443317+02:00] |DBUG| #67 [DomuWaveUnified - EAGLEFLY] Microsoft.AspNetCore.Mvc.ModelBinding.ParameterBinder Attempting to bind parameter '"ct"' of type '"System.Threading.CancellationToken"' ...
[2026-07-28T11:51:23.2494549+02:00] |DBUG| #9 [DomuWaveUnified - EAGLEFLY] Microsoft.AspNetCore.Mvc.ModelBinding.ParameterBinder Attempting to bind parameter '"cancellationToken"' of type '"System.Threading.CancellationToken"' ...
[2026-07-28T11:51:23.2775799+02:00] |DBUG| #9 [DomuWaveUnified - EAGLEFLY] Microsoft.AspNetCore.Mvc.ModelBinding.ParameterBinder Done attempting to bind parameter '"cancellationToken"' of type '"System.Threading.CancellationToken"'.
[2026-07-28T11:51:23.2606410+02:00] |DBUG| #71 [DomuWaveUnified - EAGLEFLY] Microsoft.AspNetCore.Mvc.ModelBinding.ParameterBinder Done attempting to bind parameter '"cancellationToken"' of type '"System.Threading.CancellationToken"'.
[2026-07-28T11:51:23.2850280+02:00] |DBUG| #71 [DomuWaveUnified - EAGLEFLY] Microsoft.AspNetCore.Mvc.ModelBinding.ParameterBinder Attempting to validate the bound parameter '"cancellationToken"' of type '"System.Threading.CancellationToken"' ...
[2026-07-28T11:51:23.2725936+02:00] |DBUG| #67 [DomuWaveUnified - EAGLEFLY] Microsoft.AspNetCore.Mvc.ModelBinding.ParameterBinder Done attempting to bind parameter '"ct"' of type '"System.Threading.CancellationToken"'.
[2026-07-28T11:51:23.2538766+02:00] |DBUG| #10 [DomuWaveUnified - EAGLEFLY] Microsoft.AspNetCore.Mvc.ModelBinding.ParameterBinder Attempting to bind parameter '"ct"' of type '"System.Threading.CancellationToken"' ...
[2026-07-28T11:51:23.2810392+02:00] |DBUG| #9 [DomuWaveUnified - EAGLEFLY] Microsoft.AspNetCore.Mvc.ModelBinding.ParameterBinder Attempting to validate the bound parameter '"cancellationToken"' of type '"System.Threading.CancellationToken"' ...
[2026-07-28T11:51:23.3045805+02:00] |DBUG| #9 [DomuWaveUnified - EAGLEFLY] Microsoft.AspNetCore.Mvc.ModelBinding.ParameterBinder Done attempting to validate the bound parameter '"cancellationToken"' of type '"System.Threading.CancellationToken"'.
[2026-07-28T11:51:23.2931668+02:00] |DBUG| #71 [DomuWaveUnified - EAGLEFLY] Microsoft.AspNetCore.Mvc.ModelBinding.ParameterBinder Done attempting to validate the bound parameter '"cancellationToken"' of type '"System.Threading.CancellationToken"'.
[2026-07-28T11:51:23.2964005+02:00] |DBUG| #67 [DomuWaveUnified - EAGLEFLY] Microsoft.AspNetCore.Mvc.ModelBinding.ParameterBinder Attempting to validate the bound parameter '"ct"' of type '"System.Threading.CancellationToken"' ...
[2026-07-28T11:51:23.2998972+02:00] |DBUG| #10 [DomuWaveUnified - EAGLEFLY] Microsoft.AspNetCore.Mvc.ModelBinding.ParameterBinder Done attempting to bind parameter '"ct"' of type '"System.Threading.CancellationToken"'.
[2026-07-28T11:51:23.2665951+02:00] |DBUG| #70 [DomuWaveUnified - EAGLEFLY] Microsoft.AspNetCore.Mvc.ModelBinding.ParameterBinder Done attempting to bind parameter '"ct"' of type '"System.Threading.CancellationToken"'.
[2026-07-28T11:51:23.3186592+02:00] |INFO| #9 [DomuWaveUnified - EAGLEFLY] CPQ.Core.ActionFilters.TokenAuthorizeAttribute "f017525f-0d76-4270-858a-69d0eb6ef440"  "HTTP request GET /api/tenants" 
[2026-07-28T11:51:23.3187334+02:00] |INFO| #71 [DomuWaveUnified - EAGLEFLY] CPQ.Core.ActionFilters.TokenAuthorizeAttribute "a03176d2-5e85-452a-a675-80ac4939ef9a"  "HTTP request GET /api/menues" 
[2026-07-28T11:51:23.3209256+02:00] |DBUG| #67 [DomuWaveUnified - EAGLEFLY] Microsoft.AspNetCore.Mvc.ModelBinding.ParameterBinder Done attempting to validate the bound parameter '"ct"' of type '"System.Threading.CancellationToken"'.
[2026-07-28T11:51:23.3264143+02:00] |DBUG| #10 [DomuWaveUnified - EAGLEFLY] Microsoft.AspNetCore.Mvc.ModelBinding.ParameterBinder Attempting to validate the bound parameter '"ct"' of type '"System.Threading.CancellationToken"' ...
[2026-07-28T11:51:23.3318479+02:00] |DBUG| #70 [DomuWaveUnified - EAGLEFLY] Microsoft.AspNetCore.Mvc.ModelBinding.ParameterBinder Attempting to validate the bound parameter '"ct"' of type '"System.Threading.CancellationToken"' ...
[2026-07-28T11:51:23.3443448+02:00] |INFO| #9 [DomuWaveUnified - EAGLEFLY] CPQ.Core.Services.UserService "f017525f-0d76-4270-858a-69d0eb6ef440" Get by token "JowGcWLLayCG5nCn6SYNqNnRYeYzRbrjmBDCR7hnsCg="
[2026-07-28T11:51:23.3444501+02:00] |INFO| #71 [DomuWaveUnified - EAGLEFLY] CPQ.Core.Services.UserService "a03176d2-5e85-452a-a675-80ac4939ef9a" Get by token "JowGcWLLayCG5nCn6SYNqNnRYeYzRbrjmBDCR7hnsCg="
[2026-07-28T11:51:23.3476594+02:00] |INFO| #67 [DomuWaveUnified - EAGLEFLY] CPQ.Core.ActionFilters.TokenAuthorizeAttribute "805e4705-6f10-4f47-a647-09b66e6d022b"  "HTTP request GET /api/tenant-display" 
[2026-07-28T11:51:23.3503376+02:00] |DBUG| #10 [DomuWaveUnified - EAGLEFLY] Microsoft.AspNetCore.Mvc.ModelBinding.ParameterBinder Done attempting to validate the bound parameter '"ct"' of type '"System.Threading.CancellationToken"'.
[2026-07-28T11:51:23.3564560+02:00] |DBUG| #70 [DomuWaveUnified - EAGLEFLY] Microsoft.AspNetCore.Mvc.ModelBinding.ParameterBinder Done attempting to validate the bound parameter '"ct"' of type '"System.Threading.CancellationToken"'.
[2026-07-28T11:51:23.3745165+02:00] |INFO| #67 [DomuWaveUnified - EAGLEFLY] CPQ.Core.Services.UserService "805e4705-6f10-4f47-a647-09b66e6d022b" Get by token "JowGcWLLayCG5nCn6SYNqNnRYeYzRbrjmBDCR7hnsCg="
[2026-07-28T11:51:23.3795092+02:00] |INFO| #10 [DomuWaveUnified - EAGLEFLY] CPQ.Core.ActionFilters.TokenAuthorizeAttribute "9653ee84-2595-45d5-85a7-a528d292e2cd"  "HTTP request GET /api/dashboard/summary" 
[2026-07-28T11:51:23.3826959+02:00] |INFO| #70 [DomuWaveUnified - EAGLEFLY] CPQ.Core.ActionFilters.TokenAuthorizeAttribute "7bf16725-79ad-4554-9064-30a31f99e015"  "HTTP request GET /api/condominiums" 
[2026-07-28T11:51:23.3922997+02:00] |INFO| #10 [DomuWaveUnified - EAGLEFLY] CPQ.Core.Services.UserService "9653ee84-2595-45d5-85a7-a528d292e2cd" Get by token "JowGcWLLayCG5nCn6SYNqNnRYeYzRbrjmBDCR7hnsCg="
[2026-07-28T11:51:23.3957916+02:00] |INFO| #70 [DomuWaveUnified - EAGLEFLY] CPQ.Core.Services.UserService "7bf16725-79ad-4554-9064-30a31f99e015" Get by token "JowGcWLLayCG5nCn6SYNqNnRYeYzRbrjmBDCR7hnsCg="
[2026-07-28T11:51:24.1068716+02:00] |INFO| #70 [DomuWaveUnified - EAGLEFLY] CPQ.Core.Persistence.SqlDebugOutputInterceptor NHibernate: 
[2026-07-28T11:51:24.1068731+02:00] |INFO| #10 [DomuWaveUnified - EAGLEFLY] CPQ.Core.Persistence.SqlDebugOutputInterceptor NHibernate: 
[2026-07-28T11:51:24.1153252+02:00] |INFO| #10 [DomuWaveUnified - EAGLEFLY] CPQ.Core.Persistence.SqlDebugOutputInterceptor select user0_.UserId as userid1_2_, user0_.Discriminator as discriminator2_2_, user0_.IsSystemUser as issystemuser3_2_, user0_.Token as token4_2_, user0_.Code as code5_2_, user0_.AvatarPath as avatarpath6_2_, user0_.Login as login7_2_, user0_.Email as email8_2_, user0_.FirstName as firstname9_2_, user0_.LastName as lastname10_2_, user0_.IsActive as isactive11_2_, user0_.Password as password12_2_, user0_.SupervisorUserId as supervisoruserid13_2_, user0_.IsDeleted as isdeleted14_2_, user0_.PasswordExpired as passwordexpired15_2_, user0_.[Path] as Path16_2_, user0_.CreatedById as createdbyid17_2_, user0_.CreationDate as creationdate18_2_, user0_.LastUpdatedById as lastupdatedbyid19_2_, user0_.LastUpdateDate as lastupdatedate20_2_, user0_.RoleId as roleid21_2_ from dbo.base_Users user0_ where user0_.Token=? ORDER BY CURRENT_TIMESTAMP OFFSET 0 ROWS FETCH FIRST 1 ROWS ONLY
[2026-07-28T11:51:24.1069734+02:00] |INFO| #67 [DomuWaveUnified - EAGLEFLY] CPQ.Core.Persistence.SqlDebugOutputInterceptor NHibernate: 
[2026-07-28T11:51:24.1069830+02:00] |INFO| #9 [DomuWaveUnified - EAGLEFLY] CPQ.Core.Persistence.SqlDebugOutputInterceptor NHibernate: 
[2026-07-28T11:51:24.1327311+02:00] |INFO| #9 [DomuWaveUnified - EAGLEFLY] CPQ.Core.Persistence.SqlDebugOutputInterceptor select user0_.UserId as userid1_2_, user0_.Discriminator as discriminator2_2_, user0_.IsSystemUser as issystemuser3_2_, user0_.Token as token4_2_, user0_.Code as code5_2_, user0_.AvatarPath as avatarpath6_2_, user0_.Login as login7_2_, user0_.Email as email8_2_, user0_.FirstName as firstname9_2_, user0_.LastName as lastname10_2_, user0_.IsActive as isactive11_2_, user0_.Password as password12_2_, user0_.SupervisorUserId as supervisoruserid13_2_, user0_.IsDeleted as isdeleted14_2_, user0_.PasswordExpired as passwordexpired15_2_, user0_.[Path] as Path16_2_, user0_.CreatedById as createdbyid17_2_, user0_.CreationDate as creationdate18_2_, user0_.LastUpdatedById as lastupdatedbyid19_2_, user0_.LastUpdateDate as lastupdatedate20_2_, user0_.RoleId as roleid21_2_ from dbo.base_Users user0_ where user0_.Token=? ORDER BY CURRENT_TIMESTAMP OFFSET 0 ROWS FETCH FIRST 1 ROWS ONLY
[2026-07-28T11:51:24.1069481+02:00] |INFO| #71 [DomuWaveUnified - EAGLEFLY] CPQ.Core.Persistence.SqlDebugOutputInterceptor NHibernate: 
[2026-07-28T11:51:24.1262201+02:00] |INFO| #67 [DomuWaveUnified - EAGLEFLY] CPQ.Core.Persistence.SqlDebugOutputInterceptor select user0_.UserId as userid1_2_, user0_.Discriminator as discriminator2_2_, user0_.IsSystemUser as issystemuser3_2_, user0_.Token as token4_2_, user0_.Code as code5_2_, user0_.AvatarPath as avatarpath6_2_, user0_.Login as login7_2_, user0_.Email as email8_2_, user0_.FirstName as firstname9_2_, user0_.LastName as lastname10_2_, user0_.IsActive as isactive11_2_, user0_.Password as password12_2_, user0_.SupervisorUserId as supervisoruserid13_2_, user0_.IsDeleted as isdeleted14_2_, user0_.PasswordExpired as passwordexpired15_2_, user0_.[Path] as Path16_2_, user0_.CreatedById as createdbyid17_2_, user0_.CreationDate as creationdate18_2_, user0_.LastUpdatedById as lastupdatedbyid19_2_, user0_.LastUpdateDate as lastupdatedate20_2_, user0_.RoleId as roleid21_2_ from dbo.base_Users user0_ where user0_.Token=? ORDER BY CURRENT_TIMESTAMP OFFSET 0 ROWS FETCH FIRST 1 ROWS ONLY
[2026-07-28T11:51:24.1100241+02:00] |INFO| #70 [DomuWaveUnified - EAGLEFLY] CPQ.Core.Persistence.SqlDebugOutputInterceptor select user0_.UserId as userid1_2_, user0_.Discriminator as discriminator2_2_, user0_.IsSystemUser as issystemuser3_2_, user0_.Token as token4_2_, user0_.Code as code5_2_, user0_.AvatarPath as avatarpath6_2_, user0_.Login as login7_2_, user0_.Email as email8_2_, user0_.FirstName as firstname9_2_, user0_.LastName as lastname10_2_, user0_.IsActive as isactive11_2_, user0_.Password as password12_2_, user0_.SupervisorUserId as supervisoruserid13_2_, user0_.IsDeleted as isdeleted14_2_, user0_.PasswordExpired as passwordexpired15_2_, user0_.[Path] as Path16_2_, user0_.CreatedById as createdbyid17_2_, user0_.CreationDate as creationdate18_2_, user0_.LastUpdatedById as lastupdatedbyid19_2_, user0_.LastUpdateDate as lastupdatedate20_2_, user0_.RoleId as roleid21_2_ from dbo.base_Users user0_ where user0_.Token=? ORDER BY CURRENT_TIMESTAMP OFFSET 0 ROWS FETCH FIRST 1 ROWS ONLY
[2026-07-28T11:51:24.1399178+02:00] |INFO| #71 [DomuWaveUnified - EAGLEFLY] CPQ.Core.Persistence.SqlDebugOutputInterceptor select user0_.UserId as userid1_2_, user0_.Discriminator as discriminator2_2_, user0_.IsSystemUser as issystemuser3_2_, user0_.Token as token4_2_, user0_.Code as code5_2_, user0_.AvatarPath as avatarpath6_2_, user0_.Login as login7_2_, user0_.Email as email8_2_, user0_.FirstName as firstname9_2_, user0_.LastName as lastname10_2_, user0_.IsActive as isactive11_2_, user0_.Password as password12_2_, user0_.SupervisorUserId as supervisoruserid13_2_, user0_.IsDeleted as isdeleted14_2_, user0_.PasswordExpired as passwordexpired15_2_, user0_.[Path] as Path16_2_, user0_.CreatedById as createdbyid17_2_, user0_.CreationDate as creationdate18_2_, user0_.LastUpdatedById as lastupdatedbyid19_2_, user0_.LastUpdateDate as lastupdatedate20_2_, user0_.RoleId as roleid21_2_ from dbo.base_Users user0_ where user0_.Token=? ORDER BY CURRENT_TIMESTAMP OFFSET 0 ROWS FETCH FIRST 1 ROWS ONLY
[2026-07-28T11:51:24.4617098+02:00] |INFO| #68 [DomuWaveUnified - EAGLEFLY] CPQ.Core.Persistence.SqlDebugOutputInterceptor NHibernate: 
[2026-07-28T11:51:24.4617098+02:00] |INFO| #73 [DomuWaveUnified - EAGLEFLY] CPQ.Core.Persistence.SqlDebugOutputInterceptor NHibernate: 
[2026-07-28T11:51:24.4622215+02:00] |INFO| #69 [DomuWaveUnified - EAGLEFLY] CPQ.Core.Persistence.SqlDebugOutputInterceptor NHibernate: 
[2026-07-28T11:51:24.4622936+02:00] |INFO| #15 [DomuWaveUnified - EAGLEFLY] CPQ.Core.Persistence.SqlDebugOutputInterceptor NHibernate: 
[2026-07-28T11:51:24.4795214+02:00] |INFO| #15 [DomuWaveUnified - EAGLEFLY] CPQ.Core.Persistence.SqlDebugOutputInterceptor SELECT role0_.GroupId as groupid1_6_0_, role0_.Code as code3_6_0_, role0_.Description as description4_6_0_, role0_.Weight as weight5_6_0_, role0_.IsActive as isactive6_6_0_, role0_.IsFieldForceGroup as isfieldforcegroup7_6_0_, role0_.IsSystemEntity as issystementity8_6_0_, role0_.IsDefault as isdefault9_6_0_, role0_.IsDeleted as isdeleted10_6_0_, role0_.ParentId as parentid11_6_0_ FROM dbo.auth_Groups role0_ WHERE role0_.GroupId=? and role0_.Discriminator=N'role' and ( role0_.IsDeleted = 0) 
[2026-07-28T11:51:24.4685729+02:00] |INFO| #68 [DomuWaveUnified - EAGLEFLY] CPQ.Core.Persistence.SqlDebugOutputInterceptor SELECT role0_.GroupId as groupid1_6_0_, role0_.Code as code3_6_0_, role0_.Description as description4_6_0_, role0_.Weight as weight5_6_0_, role0_.IsActive as isactive6_6_0_, role0_.IsFieldForceGroup as isfieldforcegroup7_6_0_, role0_.IsSystemEntity as issystementity8_6_0_, role0_.IsDefault as isdefault9_6_0_, role0_.IsDeleted as isdeleted10_6_0_, role0_.ParentId as parentid11_6_0_ FROM dbo.auth_Groups role0_ WHERE role0_.GroupId=? and role0_.Discriminator=N'role' and ( role0_.IsDeleted = 0) 
[2026-07-28T11:51:24.4724454+02:00] |INFO| #73 [DomuWaveUnified - EAGLEFLY] CPQ.Core.Persistence.SqlDebugOutputInterceptor SELECT role0_.GroupId as groupid1_6_0_, role0_.Code as code3_6_0_, role0_.Description as description4_6_0_, role0_.Weight as weight5_6_0_, role0_.IsActive as isactive6_6_0_, role0_.IsFieldForceGroup as isfieldforcegroup7_6_0_, role0_.IsSystemEntity as issystementity8_6_0_, role0_.IsDefault as isdefault9_6_0_, role0_.IsDeleted as isdeleted10_6_0_, role0_.ParentId as parentid11_6_0_ FROM dbo.auth_Groups role0_ WHERE role0_.GroupId=? and role0_.Discriminator=N'role' and ( role0_.IsDeleted = 0) 
[2026-07-28T11:51:24.4624054+02:00] |INFO| #11 [DomuWaveUnified - EAGLEFLY] CPQ.Core.Persistence.SqlDebugOutputInterceptor NHibernate: 
[2026-07-28T11:51:24.5247172+02:00] |INFO| #11 [DomuWaveUnified - EAGLEFLY] CPQ.Core.Persistence.SqlDebugOutputInterceptor SELECT role0_.GroupId as groupid1_6_0_, role0_.Code as code3_6_0_, role0_.Description as description4_6_0_, role0_.Weight as weight5_6_0_, role0_.IsActive as isactive6_6_0_, role0_.IsFieldForceGroup as isfieldforcegroup7_6_0_, role0_.IsSystemEntity as issystementity8_6_0_, role0_.IsDefault as isdefault9_6_0_, role0_.IsDeleted as isdeleted10_6_0_, role0_.ParentId as parentid11_6_0_ FROM dbo.auth_Groups role0_ WHERE role0_.GroupId=? and role0_.Discriminator=N'role' and ( role0_.IsDeleted = 0) 
[2026-07-28T11:51:24.4766213+02:00] |INFO| #69 [DomuWaveUnified - EAGLEFLY] CPQ.Core.Persistence.SqlDebugOutputInterceptor SELECT role0_.GroupId as groupid1_6_0_, role0_.Code as code3_6_0_, role0_.Description as description4_6_0_, role0_.Weight as weight5_6_0_, role0_.IsActive as isactive6_6_0_, role0_.IsFieldForceGroup as isfieldforcegroup7_6_0_, role0_.IsSystemEntity as issystementity8_6_0_, role0_.IsDefault as isdefault9_6_0_, role0_.IsDeleted as isdeleted10_6_0_, role0_.ParentId as parentid11_6_0_ FROM dbo.auth_Groups role0_ WHERE role0_.GroupId=? and role0_.Discriminator=N'role' and ( role0_.IsDeleted = 0) 
[2026-07-28T11:51:24.5717334+02:00] |INFO| #69 [DomuWaveUnified - EAGLEFLY] CPQ.Core.Persistence.SqlDebugOutputInterceptor NHibernate: 
[2026-07-28T11:51:24.5718501+02:00] |INFO| #11 [DomuWaveUnified - EAGLEFLY] CPQ.Core.Persistence.SqlDebugOutputInterceptor NHibernate: 
[2026-07-28T11:51:24.5717332+02:00] |INFO| #70 [DomuWaveUnified - EAGLEFLY] CPQ.Core.Persistence.SqlDebugOutputInterceptor NHibernate: 
[2026-07-28T11:51:24.5717333+02:00] |INFO| #71 [DomuWaveUnified - EAGLEFLY] CPQ.Core.Persistence.SqlDebugOutputInterceptor NHibernate: 
[2026-07-28T11:51:24.5719692+02:00] |INFO| #75 [DomuWaveUnified - EAGLEFLY] CPQ.Core.Persistence.SqlDebugOutputInterceptor NHibernate: 
[2026-07-28T11:51:24.5904468+02:00] |INFO| #75 [DomuWaveUnified - EAGLEFLY] CPQ.Core.Persistence.SqlDebugOutputInterceptor select user0_.UserId as userid1_2_, user0_.IsSystemUser as issystemuser3_2_, user0_.Token as token4_2_, user0_.Code as code5_2_, user0_.AvatarPath as avatarpath6_2_, user0_.Login as login7_2_, user0_.Email as email8_2_, user0_.FirstName as firstname9_2_, user0_.LastName as lastname10_2_, user0_.IsActive as isactive11_2_, user0_.Password as password12_2_, user0_.SupervisorUserId as supervisoruserid13_2_, user0_.IsDeleted as isdeleted14_2_, user0_.PasswordExpired as passwordexpired15_2_, user0_.Path as path16_2_, user0_.HomePageMenuId as homepagemenuid22_2_, user0_.RoleId as roleid21_2_ from dbo.base_Users user0_ where user0_.Discriminator=N'ORYX' and user0_.Token=? ORDER BY CURRENT_TIMESTAMP OFFSET 0 ROWS FETCH FIRST 1 ROWS ONLY
[2026-07-28T11:51:24.5813131+02:00] |INFO| #11 [DomuWaveUnified - EAGLEFLY] CPQ.Core.Persistence.SqlDebugOutputInterceptor select user0_.UserId as userid1_2_, user0_.IsSystemUser as issystemuser3_2_, user0_.Token as token4_2_, user0_.Code as code5_2_, user0_.AvatarPath as avatarpath6_2_, user0_.Login as login7_2_, user0_.Email as email8_2_, user0_.FirstName as firstname9_2_, user0_.LastName as lastname10_2_, user0_.IsActive as isactive11_2_, user0_.Password as password12_2_, user0_.SupervisorUserId as supervisoruserid13_2_, user0_.IsDeleted as isdeleted14_2_, user0_.PasswordExpired as passwordexpired15_2_, user0_.Path as path16_2_, user0_.HomePageMenuId as homepagemenuid22_2_, user0_.RoleId as roleid21_2_ from dbo.base_Users user0_ where user0_.Discriminator=N'ORYX' and user0_.Token=? ORDER BY CURRENT_TIMESTAMP OFFSET 0 ROWS FETCH FIRST 1 ROWS ONLY
[2026-07-28T11:51:24.5785281+02:00] |INFO| #69 [DomuWaveUnified - EAGLEFLY] CPQ.Core.Persistence.SqlDebugOutputInterceptor select user0_.UserId as userid1_2_, user0_.IsSystemUser as issystemuser3_2_, user0_.Token as token4_2_, user0_.Code as code5_2_, user0_.AvatarPath as avatarpath6_2_, user0_.Login as login7_2_, user0_.Email as email8_2_, user0_.FirstName as firstname9_2_, user0_.LastName as lastname10_2_, user0_.IsActive as isactive11_2_, user0_.Password as password12_2_, user0_.SupervisorUserId as supervisoruserid13_2_, user0_.IsDeleted as isdeleted14_2_, user0_.PasswordExpired as passwordexpired15_2_, user0_.Path as path16_2_, user0_.HomePageMenuId as homepagemenuid22_2_, user0_.RoleId as roleid21_2_ from dbo.base_Users user0_ where user0_.Discriminator=N'ORYX' and user0_.Token=? ORDER BY CURRENT_TIMESTAMP OFFSET 0 ROWS FETCH FIRST 1 ROWS ONLY
[2026-07-28T11:51:24.5838834+02:00] |INFO| #70 [DomuWaveUnified - EAGLEFLY] CPQ.Core.Persistence.SqlDebugOutputInterceptor select user0_.UserId as userid1_2_, user0_.IsSystemUser as issystemuser3_2_, user0_.Token as token4_2_, user0_.Code as code5_2_, user0_.AvatarPath as avatarpath6_2_, user0_.Login as login7_2_, user0_.Email as email8_2_, user0_.FirstName as firstname9_2_, user0_.LastName as lastname10_2_, user0_.IsActive as isactive11_2_, user0_.Password as password12_2_, user0_.SupervisorUserId as supervisoruserid13_2_, user0_.IsDeleted as isdeleted14_2_, user0_.PasswordExpired as passwordexpired15_2_, user0_.Path as path16_2_, user0_.HomePageMenuId as homepagemenuid22_2_, user0_.RoleId as roleid21_2_ from dbo.base_Users user0_ where user0_.Discriminator=N'ORYX' and user0_.Token=? ORDER BY CURRENT_TIMESTAMP OFFSET 0 ROWS FETCH FIRST 1 ROWS ONLY
[2026-07-28T11:51:24.5855104+02:00] |INFO| #71 [DomuWaveUnified - EAGLEFLY] CPQ.Core.Persistence.SqlDebugOutputInterceptor select user0_.UserId as userid1_2_, user0_.IsSystemUser as issystemuser3_2_, user0_.Token as token4_2_, user0_.Code as code5_2_, user0_.AvatarPath as avatarpath6_2_, user0_.Login as login7_2_, user0_.Email as email8_2_, user0_.FirstName as firstname9_2_, user0_.LastName as lastname10_2_, user0_.IsActive as isactive11_2_, user0_.Password as password12_2_, user0_.SupervisorUserId as supervisoruserid13_2_, user0_.IsDeleted as isdeleted14_2_, user0_.PasswordExpired as passwordexpired15_2_, user0_.Path as path16_2_, user0_.HomePageMenuId as homepagemenuid22_2_, user0_.RoleId as roleid21_2_ from dbo.base_Users user0_ where user0_.Discriminator=N'ORYX' and user0_.Token=? ORDER BY CURRENT_TIMESTAMP OFFSET 0 ROWS FETCH FIRST 1 ROWS ONLY
[2026-07-28T11:51:24.7193018+02:00] |INFO| #15 [DomuWaveUnified - EAGLEFLY] CPQ.Core.ActionFilters.TokenAuthorizeAttribute "9653ee84-2595-45d5-85a7-a528d292e2cd" User "Zagari" (token:"JowGcWLLayCG5nCn6SYNqNnRYeYzRbrjmBDCR7hnsCg=") found! trusted :)
[2026-07-28T11:51:24.7193009+02:00] |INFO| #11 [DomuWaveUnified - EAGLEFLY] CPQ.Core.ActionFilters.TokenAuthorizeAttribute "f017525f-0d76-4270-858a-69d0eb6ef440" User "Zagari" (token:"JowGcWLLayCG5nCn6SYNqNnRYeYzRbrjmBDCR7hnsCg=") found! trusted :)
[2026-07-28T11:51:24.7193023+02:00] |INFO| #71 [DomuWaveUnified - EAGLEFLY] CPQ.Core.ActionFilters.TokenAuthorizeAttribute "a03176d2-5e85-452a-a675-80ac4939ef9a" User "Zagari" (token:"JowGcWLLayCG5nCn6SYNqNnRYeYzRbrjmBDCR7hnsCg=") found! trusted :)
[2026-07-28T11:51:24.7193827+02:00] |INFO| #75 [DomuWaveUnified - EAGLEFLY] CPQ.Core.ActionFilters.TokenAuthorizeAttribute "805e4705-6f10-4f47-a647-09b66e6d022b" User "Zagari" (token:"JowGcWLLayCG5nCn6SYNqNnRYeYzRbrjmBDCR7hnsCg=") found! trusted :)
[2026-07-28T11:51:24.7194139+02:00] |INFO| #9 [DomuWaveUnified - EAGLEFLY] CPQ.Core.ActionFilters.TokenAuthorizeAttribute "7bf16725-79ad-4554-9064-30a31f99e015" User "Zagari" (token:"JowGcWLLayCG5nCn6SYNqNnRYeYzRbrjmBDCR7hnsCg=") found! trusted :)
[2026-07-28T11:51:24.7514632+02:00] |INFO| #75 [DomuWaveUnified - EAGLEFLY] Microsoft.AspNetCore.Mvc.Infrastructure.ControllerActionInvoker Executing action method "DomuWave.Microservice.Controllers.TenantDisplayController.Get (DomuWave.Unified)" - Validation state: Valid
[2026-07-28T11:51:24.7788577+02:00] |INFO| #75 [DomuWaveUnified - EAGLEFLY] CPQ.Core.Middlewares.LoggerMiddleware "805e4705-6f10-4f47-a647-09b66e6d022b" InMemoryMediator #Type["DomuWave.Services.Command.TenantDisplay.GetTenantDisplaySettingsCommand"] 
[2026-07-28T11:51:24.7925172+02:00] |INFO| #75 [DomuWaveUnified - EAGLEFLY] CPQ.Core.Middlewares.LoggerMiddleware 805e4705-6f10-4f47-a647-09b66e6d022b #payload:[ {"TenantId":"d153474f-683f-4cc7-ab06-b43f00460215","CurrentUserId":-654} ]
[2026-07-28T11:51:24.7965926+02:00] |INFO| #75 [DomuWaveUnified - EAGLEFLY] CPQ.Core.Middlewares.LoggerMiddleware "805e4705-6f10-4f47-a647-09b66e6d022b" InMemoryMediator #Type["DomuWave.Services.Command.TenantDisplay.GetTenantDisplaySettingsCommand"] 
[2026-07-28T11:51:24.8042671+02:00] |INFO| #75 [DomuWaveUnified - EAGLEFLY] CPQ.Core.Middlewares.LoggerMiddleware 805e4705-6f10-4f47-a647-09b66e6d022b #payload:[ {"TenantId":"d153474f-683f-4cc7-ab06-b43f00460215","CurrentUserId":-654} ]
[2026-07-28T11:51:24.8263051+02:00] |INFO| #75 [DomuWaveUnified - EAGLEFLY] CPQ.Core.Persistence.SessionFactories.DefaultSessionFactoryProvider  "805e4705-6f10-4f47-a647-09b66e6d022b" ## OPEN TRANSACTION ## [DB:"eaglefly - MSSql217693_PROD - sql ver:16.00.1190  - Open"]      [FactoryKey:"DEFAULT"] [IsolationLevel :ReadUncommitted] 
[2026-07-28T11:51:24.8623228+02:00] |INFO| #75 [DomuWaveUnified - EAGLEFLY] CPQ.Core.Persistence.SqlDebugOutputInterceptor NHibernate: 
[2026-07-28T11:51:24.8661795+02:00] |INFO| #75 [DomuWaveUnified - EAGLEFLY] CPQ.Core.Persistence.SqlDebugOutputInterceptor select tenantdisp0_.Id as id1_66_, tenantdisp0_.TenantId as tenantid2_66_, tenantdisp0_.Name as name3_66_, tenantdisp0_.Description as description4_66_, tenantdisp0_.AccountingSignConvention as accountingsignconvention5_66_, tenantdisp0_.LogoContent as logocontent6_66_, tenantdisp0_.LogoContentType as logocontenttype7_66_, tenantdisp0_.LogoFileName as logofilename8_66_, tenantdisp0_.LogoUpdatedDate as logoupdateddate9_66_, tenantdisp0_.CreatedById as createdbyid10_66_, tenantdisp0_.CreatedByFullName as createdbyfullname11_66_, tenantdisp0_.LastUpdatedById as lastupdatedbyid12_66_, tenantdisp0_.LastUpdatedByFullName as lastupdatedbyfullname13_66_, tenantdisp0_.IsDeleted as isdeleted14_66_, tenantdisp0_.CreationDate as creationdate15_66_, tenantdisp0_.LastUpdateDate as lastupdatedate16_66_ from dbo.TenantDisplaySettings tenantdisp0_ where tenantdisp0_.TenantId=? and  not (tenantdisp0_.IsDeleted=1) ORDER BY CURRENT_TIMESTAMP OFFSET 0 ROWS FETCH FIRST 1 ROWS ONLY
[2026-07-28T11:51:24.9377264+02:00] |INFO| #15 [DomuWaveUnified - EAGLEFLY] CPQ.Core.Persistence.SqlDebugOutputInterceptor NHibernate: 
[2026-07-28T11:51:24.9377263+02:00] |INFO| #9 [DomuWaveUnified - EAGLEFLY] CPQ.Core.Persistence.SqlDebugOutputInterceptor NHibernate: 
[2026-07-28T11:51:24.9378942+02:00] |INFO| #11 [DomuWaveUnified - EAGLEFLY] CPQ.Core.Persistence.SqlDebugOutputInterceptor NHibernate: 
[2026-07-28T11:51:24.9378994+02:00] |INFO| #71 [DomuWaveUnified - EAGLEFLY] CPQ.Core.Persistence.SqlDebugOutputInterceptor NHibernate: 
[2026-07-28T11:51:24.9404691+02:00] |INFO| #15 [DomuWaveUnified - EAGLEFLY] CPQ.Core.Persistence.SqlDebugOutputInterceptor select authorizat0_.AuthorizationId as authorizationid1_1_, area1_.AreaId as areaid1_0_1_, module2_.ModuleId as moduleid1_9_2_, authorizat0_.AreaId as areaid2_1_, authorizat0_.Code as code3_1_, authorizat0_.Description as description4_1_, area1_.IsActive as isactive2_0_1_, area1_.Code as code3_0_1_, area1_.Description as description4_0_1_, area1_.ModuleId as moduleid5_0_1_, module2_.SortIndex as sortindex2_9_2_, module2_.IsDefault as isdefault3_9_2_, module2_.IsActive as isactive4_9_2_, module2_.Code as code5_9_2_, module2_.Description as description6_9_2_ from dbo.auth_Authorizations authorizat0_ left outer join dbo.auth_Areas area1_ on authorizat0_.AreaId=area1_.AreaId left outer join dbo.auth_Modules module2_ on area1_.ModuleId=module2_.ModuleId
[2026-07-28T11:51:24.9430066+02:00] |INFO| #9 [DomuWaveUnified - EAGLEFLY] CPQ.Core.Persistence.SqlDebugOutputInterceptor select authorizat0_.AuthorizationId as authorizationid1_1_, area1_.AreaId as areaid1_0_1_, module2_.ModuleId as moduleid1_9_2_, authorizat0_.AreaId as areaid2_1_, authorizat0_.Code as code3_1_, authorizat0_.Description as description4_1_, area1_.IsActive as isactive2_0_1_, area1_.Code as code3_0_1_, area1_.Description as description4_0_1_, area1_.ModuleId as moduleid5_0_1_, module2_.SortIndex as sortindex2_9_2_, module2_.IsDefault as isdefault3_9_2_, module2_.IsActive as isactive4_9_2_, module2_.Code as code5_9_2_, module2_.Description as description6_9_2_ from dbo.auth_Authorizations authorizat0_ left outer join dbo.auth_Areas area1_ on authorizat0_.AreaId=area1_.AreaId left outer join dbo.auth_Modules module2_ on area1_.ModuleId=module2_.ModuleId
[2026-07-28T11:51:24.9472621+02:00] |INFO| #11 [DomuWaveUnified - EAGLEFLY] CPQ.Core.Persistence.SqlDebugOutputInterceptor select authorizat0_.AuthorizationId as authorizationid1_1_, area1_.AreaId as areaid1_0_1_, module2_.ModuleId as moduleid1_9_2_, authorizat0_.AreaId as areaid2_1_, authorizat0_.Code as code3_1_, authorizat0_.Description as description4_1_, area1_.IsActive as isactive2_0_1_, area1_.Code as code3_0_1_, area1_.Description as description4_0_1_, area1_.ModuleId as moduleid5_0_1_, module2_.SortIndex as sortindex2_9_2_, module2_.IsDefault as isdefault3_9_2_, module2_.IsActive as isactive4_9_2_, module2_.Code as code5_9_2_, module2_.Description as description6_9_2_ from dbo.auth_Authorizations authorizat0_ left outer join dbo.auth_Areas area1_ on authorizat0_.AreaId=area1_.AreaId left outer join dbo.auth_Modules module2_ on area1_.ModuleId=module2_.ModuleId
[2026-07-28T11:51:24.9662808+02:00] |INFO| #70 [DomuWaveUnified - EAGLEFLY] Microsoft.AspNetCore.Mvc.Infrastructure.ControllerActionInvoker Executed action method "DomuWave.Microservice.Controllers.TenantDisplayController.Get (DomuWave.Unified)", returned result "Microsoft.AspNetCore.Mvc.OkObjectResult" in 193.3199ms.
[2026-07-28T11:51:24.9498733+02:00] |INFO| #71 [DomuWaveUnified - EAGLEFLY] CPQ.Core.Persistence.SqlDebugOutputInterceptor select authorizat0_.AuthorizationId as authorizationid1_1_, area1_.AreaId as areaid1_0_1_, module2_.ModuleId as moduleid1_9_2_, authorizat0_.AreaId as areaid2_1_, authorizat0_.Code as code3_1_, authorizat0_.Description as description4_1_, area1_.IsActive as isactive2_0_1_, area1_.Code as code3_0_1_, area1_.Description as description4_0_1_, area1_.ModuleId as moduleid5_0_1_, module2_.SortIndex as sortindex2_9_2_, module2_.IsDefault as isdefault3_9_2_, module2_.IsActive as isactive4_9_2_, module2_.Code as code5_9_2_, module2_.Description as description6_9_2_ from dbo.auth_Authorizations authorizat0_ left outer join dbo.auth_Areas area1_ on authorizat0_.AreaId=area1_.AreaId left outer join dbo.auth_Modules module2_ on area1_.ModuleId=module2_.ModuleId
[2026-07-28T11:51:25.0056001+02:00] |DBUG| #70 [DomuWaveUnified - EAGLEFLY] Microsoft.AspNetCore.Mvc.Infrastructure.DefaultOutputFormatterSelector List of registered output formatters, in the following order: ["Microsoft.AspNetCore.Mvc.Formatters.HttpNoContentOutputFormatter", "Microsoft.AspNetCore.Mvc.Formatters.StringOutputFormatter", "Microsoft.AspNetCore.Mvc.Formatters.StreamOutputFormatter", "Microsoft.AspNetCore.Mvc.Formatters.SystemTextJsonOutputFormatter"]
[2026-07-28T11:51:25.0198211+02:00] |DBUG| #70 [DomuWaveUnified - EAGLEFLY] Microsoft.AspNetCore.Mvc.Infrastructure.DefaultOutputFormatterSelector No information found on request to perform content negotiation.
[2026-07-28T11:51:25.0231458+02:00] |DBUG| #70 [DomuWaveUnified - EAGLEFLY] Microsoft.AspNetCore.Mvc.Infrastructure.DefaultOutputFormatterSelector Attempting to select the first output formatter in the output formatters list which supports a content type from the explicitly specified content types '["application/json"]'.
[2026-07-28T11:51:25.0297307+02:00] |DBUG| #70 [DomuWaveUnified - EAGLEFLY] Microsoft.AspNetCore.Mvc.Infrastructure.DefaultOutputFormatterSelector Selected output formatter '"Microsoft.AspNetCore.Mvc.Formatters.SystemTextJsonOutputFormatter"' and content type '"application/json"' to write the response.
[2026-07-28T11:51:25.0359147+02:00] |INFO| #70 [DomuWaveUnified - EAGLEFLY] Microsoft.AspNetCore.Mvc.Infrastructure.ObjectResultExecutor Executing "OkObjectResult", writing value of type '"DomuWave.Services.Dto.TenantDisplay.TenantDisplaySettingsReadDto"'.
[2026-07-28T11:51:25.0812875+02:00] |INFO| #70 [DomuWaveUnified - EAGLEFLY] Microsoft.AspNetCore.Mvc.Infrastructure.ControllerActionInvoker Executed action "DomuWave.Microservice.Controllers.TenantDisplayController.Get (DomuWave.Unified)" in 1888.2359ms
[2026-07-28T11:51:25.0942811+02:00] |INFO| #70 [DomuWaveUnified - EAGLEFLY] Microsoft.AspNetCore.Routing.EndpointMiddleware Executed endpoint '"DomuWave.Microservice.Controllers.TenantDisplayController.Get (DomuWave.Unified)"'
[2026-07-28T11:51:25.1001482+02:00] |INFO| #70 [DomuWaveUnified - EAGLEFLY] CPQ.Core.Middlewares.TraceInfoRequestMiddleware "805e4705-6f10-4f47-a647-09b66e6d022b"[User]:"JowGcWLLayCG5nCn6SYNqNnRYeYzRbrjmBDCR7hnsCg=" "HTTP request GET /api/tenant-display" 
[2026-07-28T11:51:25.1088361+02:00] |INFO| #70 [DomuWaveUnified - EAGLEFLY] CPQ.Core.Middlewares.TraceInfoRequestMiddleware [Req]: Time(milliseconds):"2327"
[2026-07-28T11:51:25.1194994+02:00] |INFO| #70 [DomuWaveUnified - EAGLEFLY] CPQ.Core.Middlewares.NHibernateMiddleware "805e4705-6f10-4f47-a647-09b66e6d022b" TRY TO COMMIT ALL SESSION FACTORY
[2026-07-28T11:51:25.1563042+02:00] |INFO| #71 [DomuWaveUnified - EAGLEFLY] CPQ.Core.Persistence.SqlDebugOutputInterceptor NHibernate: 
[2026-07-28T11:51:25.1563320+02:00] |INFO| #75 [DomuWaveUnified - EAGLEFLY] CPQ.Core.Persistence.SqlDebugOutputInterceptor NHibernate: 
[2026-07-28T11:51:25.1622161+02:00] |INFO| #75 [DomuWaveUnified - EAGLEFLY] CPQ.Core.Persistence.SqlDebugOutputInterceptor SELECT this_.UserAuthorizationId as userauthorizationid1_10_5_, this_.CanView as canview2_10_5_, this_.CanDelete as candelete3_10_5_, this_.CanCreate as cancreate4_10_5_, this_.CanModify as canmodify5_10_5_, this_.CanAction as canaction6_10_5_, this_.UserId as userid7_10_5_, this_.AuthorizationId as authorizationid8_10_5_, ut1x1_.UserId as userid1_2_0_, ut1x1_.Discriminator as discriminator2_2_0_, ut1x1_.IsSystemUser as issystemuser3_2_0_, ut1x1_.Token as token4_2_0_, ut1x1_.Code as code5_2_0_, ut1x1_.AvatarPath as avatarpath6_2_0_, ut1x1_.Login as login7_2_0_, ut1x1_.Email as email8_2_0_, ut1x1_.FirstName as firstname9_2_0_, ut1x1_.LastName as lastname10_2_0_, ut1x1_.IsActive as isactive11_2_0_, ut1x1_.Password as password12_2_0_, ut1x1_.SupervisorUserId as supervisoruserid13_2_0_, ut1x1_.IsDeleted as isdeleted14_2_0_, ut1x1_.PasswordExpired as passwordexpired15_2_0_, ut1x1_.[Path] as Path16_2_0_, ut1x1_.CreatedById as createdbyid17_2_0_, ut1x1_.CreationDate as creationdate18_2_0_, ut1x1_.LastUpdatedById as lastupdatedbyid19_2_0_, ut1x1_.LastUpdateDate as lastupdatedate20_2_0_, ut1x1_.RoleId as roleid21_2_0_, auth2_.AuthorizationId as authorizationid1_1_1_, auth2_.AreaId as areaid2_1_1_, auth2_.Code as code3_1_1_, auth2_.Description as description4_1_1_, role6_.GroupId as groupid1_6_2_, role6_.Code as code3_6_2_, role6_.Description as description4_6_2_, role6_.Weight as weight5_6_2_, role6_.IsActive as isactive6_6_2_, role6_.IsFieldForceGroup as isfieldforcegroup7_6_2_, role6_.IsSystemEntity as issystementity8_6_2_, role6_.IsDefault as isdefault9_6_2_, role6_.IsDeleted as isdeleted10_6_2_, role6_.ParentId as parentid11_6_2_, area7_.AreaId as areaid1_0_3_, area7_.IsActive as isactive2_0_3_, area7_.Code as code3_0_3_, area7_.Description as description4_0_3_, area7_.ModuleId as moduleid5_0_3_, module8_.ModuleId as moduleid1_9_4_, module8_.SortIndex as sortindex2_9_4_, module8_.IsDefault as isdefault3_9_4_, module8_.IsActive as isactive4_9_4_, module8_.Code as code5_9_4_, module8_.Description as description6_9_4_ FROM dbo.auth_UsersAuthorizations this_ inner join dbo.base_Users ut1x1_ on this_.UserId=ut1x1_.UserId inner join dbo.auth_Authorizations auth2_ on this_.AuthorizationId=auth2_.AuthorizationId left outer join dbo.auth_Groups role6_ on ut1x1_.RoleId=role6_.GroupId left outer join dbo.auth_Areas area7_ on auth2_.AreaId=area7_.AreaId left outer join dbo.auth_Modules module8_ on area7_.ModuleId=module8_.ModuleId WHERE ut1x1_.UserId = ?;
SELECT this_.GroupAuthorizationId as groupauthorizationid1_8_7_, this_.CanAction as canaction2_8_7_, this_.CanView as canview3_8_7_, this_.CanDelete as candelete4_8_7_, this_.CanCreate as cancreate5_8_7_, this_.CanModify as canmodify6_8_7_, this_.AuthorizationId as authorizationid7_8_7_, this_.GroupId as groupid8_8_7_, this_.RoleId as roleid9_8_7_, auth3_.AuthorizationId as authorizationid1_1_0_, auth3_.AreaId as areaid2_1_0_, auth3_.Code as code3_1_0_, auth3_.Description as description4_1_0_, g1_.GroupId as groupid1_6_1_, g1_.Code as code3_6_1_, g1_.Description as description4_6_1_, g1_.Weight as weight5_6_1_, g1_.IsActive as isactive6_6_1_, g1_.IsFieldForceGroup as isfieldforcegroup7_6_1_, g1_.IsSystemEntity as issystementity8_6_1_, g1_.IsDefault as isdefault9_6_1_, g1_.IsDeleted as isdeleted10_6_1_, g1_.ParentId as parentid11_6_1_, role7_.GroupId as groupid1_6_2_, role7_.Code as code3_6_2_, role7_.Description as description4_6_2_, role7_.Weight as weight5_6_2_, role7_.IsActive as isactive6_6_2_, role7_.IsFieldForceGroup as isfieldforcegroup7_6_2_, role7_.IsSystemEntity as issystementity8_6_2_, role7_.IsDefault as isdefault9_6_2_, role7_.IsDeleted as isdeleted10_6_2_, role7_.ParentId as parentid11_6_2_, area8_.AreaId as areaid1_0_3_, area8_.IsActive as isactive2_0_3_, area8_.Code as code3_0_3_, area8_.Description as description4_0_3_, area8_.ModuleId as moduleid5_0_3_, u2_.UserId as userid1_2_4_, u2_.Discriminator as discriminator2_2_4_, u2_.IsSystemUser as issystemuser3_2_4_, u2_.Token as token4_2_4_, u2_.Code as code5_2_4_, u2_.AvatarPath as avatarpath6_2_4_, u2_.Login as login7_2_4_, u2_.Email as email8_2_4_, u2_.FirstName as firstname9_2_4_, u2_.LastName as lastname10_2_4_, u2_.IsActive as isactive11_2_4_, u2_.Password as password12_2_4_, u2_.SupervisorUserId as supervisoruserid13_2_4_, u2_.IsDeleted as isdeleted14_2_4_, u2_.PasswordExpired as passwordexpired15_2_4_, u2_.[Path] as Path16_2_4_, u2_.CreatedById as createdbyid17_2_4_, u2_.CreationDate as creationdate18_2_4_, u2_.LastUpdatedById as lastupdatedbyid19_2_4_, u2_.LastUpdateDate as lastupdatedate20_2_4_, u2_.RoleId as roleid21_2_4_, module11_.ModuleId as moduleid1_9_5_, module11_.SortIndex as sortindex2_9_5_, module11_.IsDefault as isdefault3_9_5_, module11_.IsActive as isactive4_9_5_, module11_.Code as code5_9_5_, module11_.Description as description6_9_5_, role12_.GroupId as groupid1_6_6_, role12_.Code as code3_6_6_, role12_.Description as description4_6_6_, role12_.Weight as weight5_6_6_, role12_.IsActive as isactive6_6_6_, role12_.IsFieldForceGroup as isfieldforcegroup7_6_6_, role12_.IsSystemEntity as issystementity8_6_6_, role12_.IsDefault as isdefault9_6_6_, role12_.IsDeleted as isdeleted10_6_6_, role12_.ParentId as parentid11_6_6_ FROM dbo.auth_GroupsAuthorizations this_ inner join dbo.auth_Authorizations auth3_ on this_.AuthorizationId=auth3_.AuthorizationId inner join dbo.auth_Groups g1_ on this_.GroupId=g1_.GroupId left outer join dbo.auth_Groups role7_ on this_.RoleId=role7_.GroupId left outer join dbo.auth_Areas area8_ on auth3_.AreaId=area8_.AreaId inner join  (dbo.auth_UsersGroups users9_ inner join dbo.base_Users u2_ on users9_.UserId=u2_.UserId) on g1_.GroupId=users9_.GroupId and ( u2_.IsDeleted=0 ) left outer join dbo.auth_Modules module11_ on area8_.ModuleId=module11_.ModuleId left outer join dbo.auth_Groups role12_ on u2_.RoleId=role12_.GroupId WHERE u2_.UserId in (?);
SELECT this_.GroupAuthorizationId as groupauthorizationid1_8_6_, this_.CanAction as canaction2_8_6_, this_.CanView as canview3_8_6_, this_.CanDelete as candelete4_8_6_, this_.CanCreate as cancreate5_8_6_, this_.CanModify as canmodify6_8_6_, this_.AuthorizationId as authorizationid7_8_6_, this_.GroupId as groupid8_8_6_, this_.RoleId as roleid9_8_6_, auth3_.AuthorizationId as authorizationid1_1_0_, auth3_.AreaId as areaid2_1_0_, auth3_.Code as code3_1_0_, auth3_.Description as description4_1_0_, g1_.GroupId as groupid1_6_1_, g1_.Code as code3_6_1_, g1_.Description as description4_6_1_, g1_.Weight as weight5_6_1_, g1_.IsActive as isactive6_6_1_, g1_.IsFieldForceGroup as isfieldforcegroup7_6_1_, g1_.IsSystemEntity as issystementity8_6_1_, g1_.IsDefault as isdefault9_6_1_, g1_.IsDeleted as isdeleted10_6_1_, g1_.ParentId as parentid11_6_1_, area7_.AreaId as areaid1_0_2_, area7_.IsActive as isactive2_0_2_, area7_.Code as code3_0_2_, area7_.Description as description4_0_2_, area7_.ModuleId as moduleid5_0_2_, u2_.UserId as userid1_2_3_, u2_.Discriminator as discriminator2_2_3_, u2_.IsSystemUser as issystemuser3_2_3_, u2_.Token as token4_2_3_, u2_.Code as code5_2_3_, u2_.AvatarPath as avatarpath6_2_3_, u2_.Login as login7_2_3_, u2_.Email as email8_2_3_, u2_.FirstName as firstname9_2_3_, u2_.LastName as lastname10_2_3_, u2_.IsActive as isactive11_2_3_, u2_.Password as password12_2_3_, u2_.SupervisorUserId as supervisoruserid13_2_3_, u2_.IsDeleted as isdeleted14_2_3_, u2_.PasswordExpired as passwordexpired15_2_3_, u2_.[Path] as Path16_2_3_, u2_.CreatedById as createdbyid17_2_3_, u2_.CreationDate as creationdate18_2_3_, u2_.LastUpdatedById as lastupdatedbyid19_2_3_, u2_.LastUpdateDate as lastupdatedate20_2_3_, u2_.RoleId as roleid21_2_3_, module9_.ModuleId as moduleid1_9_4_, module9_.SortIndex as sortindex2_9_4_, module9_.IsDefault as isdefault3_9_4_, module9_.IsActive as isactive4_9_4_, module9_.Code as code5_9_4_, module9_.Description as description6_9_4_, role10_.GroupId as groupid1_6_5_, role10_.Code as code3_6_5_, role10_.Description as description4_6_5_, role10_.Weight as weight5_6_5_, role10_.IsActive as isactive6_6_5_, role10_.IsFieldForceGroup as isfieldforcegroup7_6_5_, role10_.IsSystemEntity as issystementity8_6_5_, role10_.IsDefault as isdefault9_6_5_, role10_.IsDeleted as isdeleted10_6_5_, role10_.ParentId as parentid11_6_5_ FROM dbo.auth_GroupsAuthorizations this_ inner join dbo.auth_Authorizations auth3_ on this_.AuthorizationId=auth3_.AuthorizationId inner join dbo.auth_Groups g1_ on this_.RoleId=g1_.GroupId left outer join dbo.auth_Areas area7_ on auth3_.AreaId=area7_.AreaId inner join dbo.base_Users u2_ on g1_.GroupId=u2_.RoleId and (u2_.IsDeleted=0) left outer join dbo.auth_Modules module9_ on area7_.ModuleId=module9_.ModuleId left outer join dbo.auth_Groups role10_ on u2_.RoleId=role10_.GroupId WHERE u2_.UserId in (?);

[2026-07-28T11:51:25.1565423+02:00] |INFO| #68 [DomuWaveUnified - EAGLEFLY] CPQ.Core.Persistence.SqlDebugOutputInterceptor NHibernate: 
[2026-07-28T11:51:25.1595539+02:00] |INFO| #71 [DomuWaveUnified - EAGLEFLY] CPQ.Core.Persistence.SqlDebugOutputInterceptor SELECT this_.UserAuthorizationId as userauthorizationid1_10_5_, this_.CanView as canview2_10_5_, this_.CanDelete as candelete3_10_5_, this_.CanCreate as cancreate4_10_5_, this_.CanModify as canmodify5_10_5_, this_.CanAction as canaction6_10_5_, this_.UserId as userid7_10_5_, this_.AuthorizationId as authorizationid8_10_5_, ut1x1_.UserId as userid1_2_0_, ut1x1_.Discriminator as discriminator2_2_0_, ut1x1_.IsSystemUser as issystemuser3_2_0_, ut1x1_.Token as token4_2_0_, ut1x1_.Code as code5_2_0_, ut1x1_.AvatarPath as avatarpath6_2_0_, ut1x1_.Login as login7_2_0_, ut1x1_.Email as email8_2_0_, ut1x1_.FirstName as firstname9_2_0_, ut1x1_.LastName as lastname10_2_0_, ut1x1_.IsActive as isactive11_2_0_, ut1x1_.Password as password12_2_0_, ut1x1_.SupervisorUserId as supervisoruserid13_2_0_, ut1x1_.IsDeleted as isdeleted14_2_0_, ut1x1_.PasswordExpired as passwordexpired15_2_0_, ut1x1_.[Path] as Path16_2_0_, ut1x1_.CreatedById as createdbyid17_2_0_, ut1x1_.CreationDate as creationdate18_2_0_, ut1x1_.LastUpdatedById as lastupdatedbyid19_2_0_, ut1x1_.LastUpdateDate as lastupdatedate20_2_0_, ut1x1_.RoleId as roleid21_2_0_, auth2_.AuthorizationId as authorizationid1_1_1_, auth2_.AreaId as areaid2_1_1_, auth2_.Code as code3_1_1_, auth2_.Description as description4_1_1_, role6_.GroupId as groupid1_6_2_, role6_.Code as code3_6_2_, role6_.Description as description4_6_2_, role6_.Weight as weight5_6_2_, role6_.IsActive as isactive6_6_2_, role6_.IsFieldForceGroup as isfieldforcegroup7_6_2_, role6_.IsSystemEntity as issystementity8_6_2_, role6_.IsDefault as isdefault9_6_2_, role6_.IsDeleted as isdeleted10_6_2_, role6_.ParentId as parentid11_6_2_, area7_.AreaId as areaid1_0_3_, area7_.IsActive as isactive2_0_3_, area7_.Code as code3_0_3_, area7_.Description as description4_0_3_, area7_.ModuleId as moduleid5_0_3_, module8_.ModuleId as moduleid1_9_4_, module8_.SortIndex as sortindex2_9_4_, module8_.IsDefault as isdefault3_9_4_, module8_.IsActive as isactive4_9_4_, module8_.Code as code5_9_4_, module8_.Description as description6_9_4_ FROM dbo.auth_UsersAuthorizations this_ inner join dbo.base_Users ut1x1_ on this_.UserId=ut1x1_.UserId inner join dbo.auth_Authorizations auth2_ on this_.AuthorizationId=auth2_.AuthorizationId left outer join dbo.auth_Groups role6_ on ut1x1_.RoleId=role6_.GroupId left outer join dbo.auth_Areas area7_ on auth2_.AreaId=area7_.AreaId left outer join dbo.auth_Modules module8_ on area7_.ModuleId=module8_.ModuleId WHERE ut1x1_.UserId = ?;
SELECT this_.GroupAuthorizationId as groupauthorizationid1_8_7_, this_.CanAction as canaction2_8_7_, this_.CanView as canview3_8_7_, this_.CanDelete as candelete4_8_7_, this_.CanCreate as cancreate5_8_7_, this_.CanModify as canmodify6_8_7_, this_.AuthorizationId as authorizationid7_8_7_, this_.GroupId as groupid8_8_7_, this_.RoleId as roleid9_8_7_, auth3_.AuthorizationId as authorizationid1_1_0_, auth3_.AreaId as areaid2_1_0_, auth3_.Code as code3_1_0_, auth3_.Description as description4_1_0_, g1_.GroupId as groupid1_6_1_, g1_.Code as code3_6_1_, g1_.Description as description4_6_1_, g1_.Weight as weight5_6_1_, g1_.IsActive as isactive6_6_1_, g1_.IsFieldForceGroup as isfieldforcegroup7_6_1_, g1_.IsSystemEntity as issystementity8_6_1_, g1_.IsDefault as isdefault9_6_1_, g1_.IsDeleted as isdeleted10_6_1_, g1_.ParentId as parentid11_6_1_, role7_.GroupId as groupid1_6_2_, role7_.Code as code3_6_2_, role7_.Description as description4_6_2_, role7_.Weight as weight5_6_2_, role7_.IsActive as isactive6_6_2_, role7_.IsFieldForceGroup as isfieldforcegroup7_6_2_, role7_.IsSystemEntity as issystementity8_6_2_, role7_.IsDefault as isdefault9_6_2_, role7_.IsDeleted as isdeleted10_6_2_, role7_.ParentId as parentid11_6_2_, area8_.AreaId as areaid1_0_3_, area8_.IsActive as isactive2_0_3_, area8_.Code as code3_0_3_, area8_.Description as description4_0_3_, area8_.ModuleId as moduleid5_0_3_, u2_.UserId as userid1_2_4_, u2_.Discriminator as discriminator2_2_4_, u2_.IsSystemUser as issystemuser3_2_4_, u2_.Token as token4_2_4_, u2_.Code as code5_2_4_, u2_.AvatarPath as avatarpath6_2_4_, u2_.Login as login7_2_4_, u2_.Email as email8_2_4_, u2_.FirstName as firstname9_2_4_, u2_.LastName as lastname10_2_4_, u2_.IsActive as isactive11_2_4_, u2_.Password as password12_2_4_, u2_.SupervisorUserId as supervisoruserid13_2_4_, u2_.IsDeleted as isdeleted14_2_4_, u2_.PasswordExpired as passwordexpired15_2_4_, u2_.[Path] as Path16_2_4_, u2_.CreatedById as createdbyid17_2_4_, u2_.CreationDate as creationdate18_2_4_, u2_.LastUpdatedById as lastupdatedbyid19_2_4_, u2_.LastUpdateDate as lastupdatedate20_2_4_, u2_.RoleId as roleid21_2_4_, module11_.ModuleId as moduleid1_9_5_, module11_.SortIndex as sortindex2_9_5_, module11_.IsDefault as isdefault3_9_5_, module11_.IsActive as isactive4_9_5_, module11_.Code as code5_9_5_, module11_.Description as description6_9_5_, role12_.GroupId as groupid1_6_6_, role12_.Code as code3_6_6_, role12_.Description as description4_6_6_, role12_.Weight as weight5_6_6_, role12_.IsActive as isactive6_6_6_, role12_.IsFieldForceGroup as isfieldforcegroup7_6_6_, role12_.IsSystemEntity as issystementity8_6_6_, role12_.IsDefault as isdefault9_6_6_, role12_.IsDeleted as isdeleted10_6_6_, role12_.ParentId as parentid11_6_6_ FROM dbo.auth_GroupsAuthorizations this_ inner join dbo.auth_Authorizations auth3_ on this_.AuthorizationId=auth3_.AuthorizationId inner join dbo.auth_Groups g1_ on this_.GroupId=g1_.GroupId left outer join dbo.auth_Groups role7_ on this_.RoleId=role7_.GroupId left outer join dbo.auth_Areas area8_ on auth3_.AreaId=area8_.AreaId inner join  (dbo.auth_UsersGroups users9_ inner join dbo.base_Users u2_ on users9_.UserId=u2_.UserId) on g1_.GroupId=users9_.GroupId and ( u2_.IsDeleted=0 ) left outer join dbo.auth_Modules module11_ on area8_.ModuleId=module11_.ModuleId left outer join dbo.auth_Groups role12_ on u2_.RoleId=role12_.GroupId WHERE u2_.UserId in (?);
SELECT this_.GroupAuthorizationId as groupauthorizationid1_8_6_, this_.CanAction as canaction2_8_6_, this_.CanView as canview3_8_6_, this_.CanDelete as candelete4_8_6_, this_.CanCreate as cancreate5_8_6_, this_.CanModify as canmodify6_8_6_, this_.AuthorizationId as authorizationid7_8_6_, this_.GroupId as groupid8_8_6_, this_.RoleId as roleid9_8_6_, auth3_.AuthorizationId as authorizationid1_1_0_, auth3_.AreaId as areaid2_1_0_, auth3_.Code as code3_1_0_, auth3_.Description as description4_1_0_, g1_.GroupId as groupid1_6_1_, g1_.Code as code3_6_1_, g1_.Description as description4_6_1_, g1_.Weight as weight5_6_1_, g1_.IsActive as isactive6_6_1_, g1_.IsFieldForceGroup as isfieldforcegroup7_6_1_, g1_.IsSystemEntity as issystementity8_6_1_, g1_.IsDefault as isdefault9_6_1_, g1_.IsDeleted as isdeleted10_6_1_, g1_.ParentId as parentid11_6_1_, area7_.AreaId as areaid1_0_2_, area7_.IsActive as isactive2_0_2_, area7_.Code as code3_0_2_, area7_.Description as description4_0_2_, area7_.ModuleId as moduleid5_0_2_, u2_.UserId as userid1_2_3_, u2_.Discriminator as discriminator2_2_3_, u2_.IsSystemUser as issystemuser3_2_3_, u2_.Token as token4_2_3_, u2_.Code as code5_2_3_, u2_.AvatarPath as avatarpath6_2_3_, u2_.Login as login7_2_3_, u2_.Email as email8_2_3_, u2_.FirstName as firstname9_2_3_, u2_.LastName as lastname10_2_3_, u2_.IsActive as isactive11_2_3_, u2_.Password as password12_2_3_, u2_.SupervisorUserId as supervisoruserid13_2_3_, u2_.IsDeleted as isdeleted14_2_3_, u2_.PasswordExpired as passwordexpired15_2_3_, u2_.[Path] as Path16_2_3_, u2_.CreatedById as createdbyid17_2_3_, u2_.CreationDate as creationdate18_2_3_, u2_.LastUpdatedById as lastupdatedbyid19_2_3_, u2_.LastUpdateDate as lastupdatedate20_2_3_, u2_.RoleId as roleid21_2_3_, module9_.ModuleId as moduleid1_9_4_, module9_.SortIndex as sortindex2_9_4_, module9_.IsDefault as isdefault3_9_4_, module9_.IsActive as isactive4_9_4_, module9_.Code as code5_9_4_, module9_.Description as description6_9_4_, role10_.GroupId as groupid1_6_5_, role10_.Code as code3_6_5_, role10_.Description as description4_6_5_, role10_.Weight as weight5_6_5_, role10_.IsActive as isactive6_6_5_, role10_.IsFieldForceGroup as isfieldforcegroup7_6_5_, role10_.IsSystemEntity as issystementity8_6_5_, role10_.IsDefault as isdefault9_6_5_, role10_.IsDeleted as isdeleted10_6_5_, role10_.ParentId as parentid11_6_5_ FROM dbo.auth_GroupsAuthorizations this_ inner join dbo.auth_Authorizations auth3_ on this_.AuthorizationId=auth3_.AuthorizationId inner join dbo.auth_Groups g1_ on this_.RoleId=g1_.GroupId left outer join dbo.auth_Areas area7_ on auth3_.AreaId=area7_.AreaId inner join dbo.base_Users u2_ on g1_.GroupId=u2_.RoleId and (u2_.IsDeleted=0) left outer join dbo.auth_Modules module9_ on area7_.ModuleId=module9_.ModuleId left outer join dbo.auth_Groups role10_ on u2_.RoleId=role10_.GroupId WHERE u2_.UserId in (?);

[2026-07-28T11:51:25.1564379+02:00] |INFO| #69 [DomuWaveUnified - EAGLEFLY] CPQ.Core.Persistence.SqlDebugOutputInterceptor NHibernate: 
[2026-07-28T11:51:25.1691378+02:00] |INFO| #68 [DomuWaveUnified - EAGLEFLY] CPQ.Core.Persistence.SqlDebugOutputInterceptor SELECT this_.UserAuthorizationId as userauthorizationid1_10_5_, this_.CanView as canview2_10_5_, this_.CanDelete as candelete3_10_5_, this_.CanCreate as cancreate4_10_5_, this_.CanModify as canmodify5_10_5_, this_.CanAction as canaction6_10_5_, this_.UserId as userid7_10_5_, this_.AuthorizationId as authorizationid8_10_5_, ut1x1_.UserId as userid1_2_0_, ut1x1_.Discriminator as discriminator2_2_0_, ut1x1_.IsSystemUser as issystemuser3_2_0_, ut1x1_.Token as token4_2_0_, ut1x1_.Code as code5_2_0_, ut1x1_.AvatarPath as avatarpath6_2_0_, ut1x1_.Login as login7_2_0_, ut1x1_.Email as email8_2_0_, ut1x1_.FirstName as firstname9_2_0_, ut1x1_.LastName as lastname10_2_0_, ut1x1_.IsActive as isactive11_2_0_, ut1x1_.Password as password12_2_0_, ut1x1_.SupervisorUserId as supervisoruserid13_2_0_, ut1x1_.IsDeleted as isdeleted14_2_0_, ut1x1_.PasswordExpired as passwordexpired15_2_0_, ut1x1_.[Path] as Path16_2_0_, ut1x1_.CreatedById as createdbyid17_2_0_, ut1x1_.CreationDate as creationdate18_2_0_, ut1x1_.LastUpdatedById as lastupdatedbyid19_2_0_, ut1x1_.LastUpdateDate as lastupdatedate20_2_0_, ut1x1_.RoleId as roleid21_2_0_, auth2_.AuthorizationId as authorizationid1_1_1_, auth2_.AreaId as areaid2_1_1_, auth2_.Code as code3_1_1_, auth2_.Description as description4_1_1_, role6_.GroupId as groupid1_6_2_, role6_.Code as code3_6_2_, role6_.Description as description4_6_2_, role6_.Weight as weight5_6_2_, role6_.IsActive as isactive6_6_2_, role6_.IsFieldForceGroup as isfieldforcegroup7_6_2_, role6_.IsSystemEntity as issystementity8_6_2_, role6_.IsDefault as isdefault9_6_2_, role6_.IsDeleted as isdeleted10_6_2_, role6_.ParentId as parentid11_6_2_, area7_.AreaId as areaid1_0_3_, area7_.IsActive as isactive2_0_3_, area7_.Code as code3_0_3_, area7_.Description as description4_0_3_, area7_.ModuleId as moduleid5_0_3_, module8_.ModuleId as moduleid1_9_4_, module8_.SortIndex as sortindex2_9_4_, module8_.IsDefault as isdefault3_9_4_, module8_.IsActive as isactive4_9_4_, module8_.Code as code5_9_4_, module8_.Description as description6_9_4_ FROM dbo.auth_UsersAuthorizations this_ inner join dbo.base_Users ut1x1_ on this_.UserId=ut1x1_.UserId inner join dbo.auth_Authorizations auth2_ on this_.AuthorizationId=auth2_.AuthorizationId left outer join dbo.auth_Groups role6_ on ut1x1_.RoleId=role6_.GroupId left outer join dbo.auth_Areas area7_ on auth2_.AreaId=area7_.AreaId left outer join dbo.auth_Modules module8_ on area7_.ModuleId=module8_.ModuleId WHERE ut1x1_.UserId = ?;
SELECT this_.GroupAuthorizationId as groupauthorizationid1_8_7_, this_.CanAction as canaction2_8_7_, this_.CanView as canview3_8_7_, this_.CanDelete as candelete4_8_7_, this_.CanCreate as cancreate5_8_7_, this_.CanModify as canmodify6_8_7_, this_.AuthorizationId as authorizationid7_8_7_, this_.GroupId as groupid8_8_7_, this_.RoleId as roleid9_8_7_, auth3_.AuthorizationId as authorizationid1_1_0_, auth3_.AreaId as areaid2_1_0_, auth3_.Code as code3_1_0_, auth3_.Description as description4_1_0_, g1_.GroupId as groupid1_6_1_, g1_.Code as code3_6_1_, g1_.Description as description4_6_1_, g1_.Weight as weight5_6_1_, g1_.IsActive as isactive6_6_1_, g1_.IsFieldForceGroup as isfieldforcegroup7_6_1_, g1_.IsSystemEntity as issystementity8_6_1_, g1_.IsDefault as isdefault9_6_1_, g1_.IsDeleted as isdeleted10_6_1_, g1_.ParentId as parentid11_6_1_, role7_.GroupId as groupid1_6_2_, role7_.Code as code3_6_2_, role7_.Description as description4_6_2_, role7_.Weight as weight5_6_2_, role7_.IsActive as isactive6_6_2_, role7_.IsFieldForceGroup as isfieldforcegroup7_6_2_, role7_.IsSystemEntity as issystementity8_6_2_, role7_.IsDefault as isdefault9_6_2_, role7_.IsDeleted as isdeleted10_6_2_, role7_.ParentId as parentid11_6_2_, area8_.AreaId as areaid1_0_3_, area8_.IsActive as isactive2_0_3_, area8_.Code as code3_0_3_, area8_.Description as description4_0_3_, area8_.ModuleId as moduleid5_0_3_, u2_.UserId as userid1_2_4_, u2_.Discriminator as discriminator2_2_4_, u2_.IsSystemUser as issystemuser3_2_4_, u2_.Token as token4_2_4_, u2_.Code as code5_2_4_, u2_.AvatarPath as avatarpath6_2_4_, u2_.Login as login7_2_4_, u2_.Email as email8_2_4_, u2_.FirstName as firstname9_2_4_, u2_.LastName as lastname10_2_4_, u2_.IsActive as isactive11_2_4_, u2_.Password as password12_2_4_, u2_.SupervisorUserId as supervisoruserid13_2_4_, u2_.IsDeleted as isdeleted14_2_4_, u2_.PasswordExpired as passwordexpired15_2_4_, u2_.[Path] as Path16_2_4_, u2_.CreatedById as createdbyid17_2_4_, u2_.CreationDate as creationdate18_2_4_, u2_.LastUpdatedById as lastupdatedbyid19_2_4_, u2_.LastUpdateDate as lastupdatedate20_2_4_, u2_.RoleId as roleid21_2_4_, module11_.ModuleId as moduleid1_9_5_, module11_.SortIndex as sortindex2_9_5_, module11_.IsDefault as isdefault3_9_5_, module11_.IsActive as isactive4_9_5_, module11_.Code as code5_9_5_, module11_.Description as description6_9_5_, role12_.GroupId as groupid1_6_6_, role12_.Code as code3_6_6_, role12_.Description as description4_6_6_, role12_.Weight as weight5_6_6_, role12_.IsActive as isactive6_6_6_, role12_.IsFieldForceGroup as isfieldforcegroup7_6_6_, role12_.IsSystemEntity as issystementity8_6_6_, role12_.IsDefault as isdefault9_6_6_, role12_.IsDeleted as isdeleted10_6_6_, role12_.ParentId as parentid11_6_6_ FROM dbo.auth_GroupsAuthorizations this_ inner join dbo.auth_Authorizations auth3_ on this_.AuthorizationId=auth3_.AuthorizationId inner join dbo.auth_Groups g1_ on this_.GroupId=g1_.GroupId left outer join dbo.auth_Groups role7_ on this_.RoleId=role7_.GroupId left outer join dbo.auth_Areas area8_ on auth3_.AreaId=area8_.AreaId inner join  (dbo.auth_UsersGroups users9_ inner join dbo.base_Users u2_ on users9_.UserId=u2_.UserId) on g1_.GroupId=users9_.GroupId and ( u2_.IsDeleted=0 ) left outer join dbo.auth_Modules module11_ on area8_.ModuleId=module11_.ModuleId left outer join dbo.auth_Groups role12_ on u2_.RoleId=role12_.GroupId WHERE u2_.UserId in (?);
SELECT this_.GroupAuthorizationId as groupauthorizationid1_8_6_, this_.CanAction as canaction2_8_6_, this_.CanView as canview3_8_6_, this_.CanDelete as candelete4_8_6_, this_.CanCreate as cancreate5_8_6_, this_.CanModify as canmodify6_8_6_, this_.AuthorizationId as authorizationid7_8_6_, this_.GroupId as groupid8_8_6_, this_.RoleId as roleid9_8_6_, auth3_.AuthorizationId as authorizationid1_1_0_, auth3_.AreaId as areaid2_1_0_, auth3_.Code as code3_1_0_, auth3_.Description as description4_1_0_, g1_.GroupId as groupid1_6_1_, g1_.Code as code3_6_1_, g1_.Description as description4_6_1_, g1_.Weight as weight5_6_1_, g1_.IsActive as isactive6_6_1_, g1_.IsFieldForceGroup as isfieldforcegroup7_6_1_, g1_.IsSystemEntity as issystementity8_6_1_, g1_.IsDefault as isdefault9_6_1_, g1_.IsDeleted as isdeleted10_6_1_, g1_.ParentId as parentid11_6_1_, area7_.AreaId as areaid1_0_2_, area7_.IsActive as isactive2_0_2_, area7_.Code as code3_0_2_, area7_.Description as description4_0_2_, area7_.ModuleId as moduleid5_0_2_, u2_.UserId as userid1_2_3_, u2_.Discriminator as discriminator2_2_3_, u2_.IsSystemUser as issystemuser3_2_3_, u2_.Token as token4_2_3_, u2_.Code as code5_2_3_, u2_.AvatarPath as avatarpath6_2_3_, u2_.Login as login7_2_3_, u2_.Email as email8_2_3_, u2_.FirstName as firstname9_2_3_, u2_.LastName as lastname10_2_3_, u2_.IsActive as isactive11_2_3_, u2_.Password as password12_2_3_, u2_.SupervisorUserId as supervisoruserid13_2_3_, u2_.IsDeleted as isdeleted14_2_3_, u2_.PasswordExpired as passwordexpired15_2_3_, u2_.[Path] as Path16_2_3_, u2_.CreatedById as createdbyid17_2_3_, u2_.CreationDate as creationdate18_2_3_, u2_.LastUpdatedById as lastupdatedbyid19_2_3_, u2_.LastUpdateDate as lastupdatedate20_2_3_, u2_.RoleId as roleid21_2_3_, module9_.ModuleId as moduleid1_9_4_, module9_.SortIndex as sortindex2_9_4_, module9_.IsDefault as isdefault3_9_4_, module9_.IsActive as isactive4_9_4_, module9_.Code as code5_9_4_, module9_.Description as description6_9_4_, role10_.GroupId as groupid1_6_5_, role10_.Code as code3_6_5_, role10_.Description as description4_6_5_, role10_.Weight as weight5_6_5_, role10_.IsActive as isactive6_6_5_, role10_.IsFieldForceGroup as isfieldforcegroup7_6_5_, role10_.IsSystemEntity as issystementity8_6_5_, role10_.IsDefault as isdefault9_6_5_, role10_.IsDeleted as isdeleted10_6_5_, role10_.ParentId as parentid11_6_5_ FROM dbo.auth_GroupsAuthorizations this_ inner join dbo.auth_Authorizations auth3_ on this_.AuthorizationId=auth3_.AuthorizationId inner join dbo.auth_Groups g1_ on this_.RoleId=g1_.GroupId left outer join dbo.auth_Areas area7_ on auth3_.AreaId=area7_.AreaId inner join dbo.base_Users u2_ on g1_.GroupId=u2_.RoleId and (u2_.IsDeleted=0) left outer join dbo.auth_Modules module9_ on area7_.ModuleId=module9_.ModuleId left outer join dbo.auth_Groups role10_ on u2_.RoleId=role10_.GroupId WHERE u2_.UserId in (?);

[2026-07-28T11:51:25.1791820+02:00] |INFO| #69 [DomuWaveUnified - EAGLEFLY] CPQ.Core.Persistence.SqlDebugOutputInterceptor SELECT this_.UserAuthorizationId as userauthorizationid1_10_5_, this_.CanView as canview2_10_5_, this_.CanDelete as candelete3_10_5_, this_.CanCreate as cancreate4_10_5_, this_.CanModify as canmodify5_10_5_, this_.CanAction as canaction6_10_5_, this_.UserId as userid7_10_5_, this_.AuthorizationId as authorizationid8_10_5_, ut1x1_.UserId as userid1_2_0_, ut1x1_.Discriminator as discriminator2_2_0_, ut1x1_.IsSystemUser as issystemuser3_2_0_, ut1x1_.Token as token4_2_0_, ut1x1_.Code as code5_2_0_, ut1x1_.AvatarPath as avatarpath6_2_0_, ut1x1_.Login as login7_2_0_, ut1x1_.Email as email8_2_0_, ut1x1_.FirstName as firstname9_2_0_, ut1x1_.LastName as lastname10_2_0_, ut1x1_.IsActive as isactive11_2_0_, ut1x1_.Password as password12_2_0_, ut1x1_.SupervisorUserId as supervisoruserid13_2_0_, ut1x1_.IsDeleted as isdeleted14_2_0_, ut1x1_.PasswordExpired as passwordexpired15_2_0_, ut1x1_.[Path] as Path16_2_0_, ut1x1_.CreatedById as createdbyid17_2_0_, ut1x1_.CreationDate as creationdate18_2_0_, ut1x1_.LastUpdatedById as lastupdatedbyid19_2_0_, ut1x1_.LastUpdateDate as lastupdatedate20_2_0_, ut1x1_.RoleId as roleid21_2_0_, auth2_.AuthorizationId as authorizationid1_1_1_, auth2_.AreaId as areaid2_1_1_, auth2_.Code as code3_1_1_, auth2_.Description as description4_1_1_, role6_.GroupId as groupid1_6_2_, role6_.Code as code3_6_2_, role6_.Description as description4_6_2_, role6_.Weight as weight5_6_2_, role6_.IsActive as isactive6_6_2_, role6_.IsFieldForceGroup as isfieldforcegroup7_6_2_, role6_.IsSystemEntity as issystementity8_6_2_, role6_.IsDefault as isdefault9_6_2_, role6_.IsDeleted as isdeleted10_6_2_, role6_.ParentId as parentid11_6_2_, area7_.AreaId as areaid1_0_3_, area7_.IsActive as isactive2_0_3_, area7_.Code as code3_0_3_, area7_.Description as description4_0_3_, area7_.ModuleId as moduleid5_0_3_, module8_.ModuleId as moduleid1_9_4_, module8_.SortIndex as sortindex2_9_4_, module8_.IsDefault as isdefault3_9_4_, module8_.IsActive as isactive4_9_4_, module8_.Code as code5_9_4_, module8_.Description as description6_9_4_ FROM dbo.auth_UsersAuthorizations this_ inner join dbo.base_Users ut1x1_ on this_.UserId=ut1x1_.UserId inner join dbo.auth_Authorizations auth2_ on this_.AuthorizationId=auth2_.AuthorizationId left outer join dbo.auth_Groups role6_ on ut1x1_.RoleId=role6_.GroupId left outer join dbo.auth_Areas area7_ on auth2_.AreaId=area7_.AreaId left outer join dbo.auth_Modules module8_ on area7_.ModuleId=module8_.ModuleId WHERE ut1x1_.UserId = ?;
SELECT this_.GroupAuthorizationId as groupauthorizationid1_8_7_, this_.CanAction as canaction2_8_7_, this_.CanView as canview3_8_7_, this_.CanDelete as candelete4_8_7_, this_.CanCreate as cancreate5_8_7_, this_.CanModify as canmodify6_8_7_, this_.AuthorizationId as authorizationid7_8_7_, this_.GroupId as groupid8_8_7_, this_.RoleId as roleid9_8_7_, auth3_.AuthorizationId as authorizationid1_1_0_, auth3_.AreaId as areaid2_1_0_, auth3_.Code as code3_1_0_, auth3_.Description as description4_1_0_, g1_.GroupId as groupid1_6_1_, g1_.Code as code3_6_1_, g1_.Description as description4_6_1_, g1_.Weight as weight5_6_1_, g1_.IsActive as isactive6_6_1_, g1_.IsFieldForceGroup as isfieldforcegroup7_6_1_, g1_.IsSystemEntity as issystementity8_6_1_, g1_.IsDefault as isdefault9_6_1_, g1_.IsDeleted as isdeleted10_6_1_, g1_.ParentId as parentid11_6_1_, role7_.GroupId as groupid1_6_2_, role7_.Code as code3_6_2_, role7_.Description as description4_6_2_, role7_.Weight as weight5_6_2_, role7_.IsActive as isactive6_6_2_, role7_.IsFieldForceGroup as isfieldforcegroup7_6_2_, role7_.IsSystemEntity as issystementity8_6_2_, role7_.IsDefault as isdefault9_6_2_, role7_.IsDeleted as isdeleted10_6_2_, role7_.ParentId as parentid11_6_2_, area8_.AreaId as areaid1_0_3_, area8_.IsActive as isactive2_0_3_, area8_.Code as code3_0_3_, area8_.Description as description4_0_3_, area8_.ModuleId as moduleid5_0_3_, u2_.UserId as userid1_2_4_, u2_.Discriminator as discriminator2_2_4_, u2_.IsSystemUser as issystemuser3_2_4_, u2_.Token as token4_2_4_, u2_.Code as code5_2_4_, u2_.AvatarPath as avatarpath6_2_4_, u2_.Login as login7_2_4_, u2_.Email as email8_2_4_, u2_.FirstName as firstname9_2_4_, u2_.LastName as lastname10_2_4_, u2_.IsActive as isactive11_2_4_, u2_.Password as password12_2_4_, u2_.SupervisorUserId as supervisoruserid13_2_4_, u2_.IsDeleted as isdeleted14_2_4_, u2_.PasswordExpired as passwordexpired15_2_4_, u2_.[Path] as Path16_2_4_, u2_.CreatedById as createdbyid17_2_4_, u2_.CreationDate as creationdate18_2_4_, u2_.LastUpdatedById as lastupdatedbyid19_2_4_, u2_.LastUpdateDate as lastupdatedate20_2_4_, u2_.RoleId as roleid21_2_4_, module11_.ModuleId as moduleid1_9_5_, module11_.SortIndex as sortindex2_9_5_, module11_.IsDefault as isdefault3_9_5_, module11_.IsActive as isactive4_9_5_, module11_.Code as code5_9_5_, module11_.Description as description6_9_5_, role12_.GroupId as groupid1_6_6_, role12_.Code as code3_6_6_, role12_.Description as description4_6_6_, role12_.Weight as weight5_6_6_, role12_.IsActive as isactive6_6_6_, role12_.IsFieldForceGroup as isfieldforcegroup7_6_6_, role12_.IsSystemEntity as issystementity8_6_6_, role12_.IsDefault as isdefault9_6_6_, role12_.IsDeleted as isdeleted10_6_6_, role12_.ParentId as parentid11_6_6_ FROM dbo.auth_GroupsAuthorizations this_ inner join dbo.auth_Authorizations auth3_ on this_.AuthorizationId=auth3_.AuthorizationId inner join dbo.auth_Groups g1_ on this_.GroupId=g1_.GroupId left outer join dbo.auth_Groups role7_ on this_.RoleId=role7_.GroupId left outer join dbo.auth_Areas area8_ on auth3_.AreaId=area8_.AreaId inner join  (dbo.auth_UsersGroups users9_ inner join dbo.base_Users u2_ on users9_.UserId=u2_.UserId) on g1_.GroupId=users9_.GroupId and ( u2_.IsDeleted=0 ) left outer join dbo.auth_Modules module11_ on area8_.ModuleId=module11_.ModuleId left outer join dbo.auth_Groups role12_ on u2_.RoleId=role12_.GroupId WHERE u2_.UserId in (?);
SELECT this_.GroupAuthorizationId as groupauthorizationid1_8_6_, this_.CanAction as canaction2_8_6_, this_.CanView as canview3_8_6_, this_.CanDelete as candelete4_8_6_, this_.CanCreate as cancreate5_8_6_, this_.CanModify as canmodify6_8_6_, this_.AuthorizationId as authorizationid7_8_6_, this_.GroupId as groupid8_8_6_, this_.RoleId as roleid9_8_6_, auth3_.AuthorizationId as authorizationid1_1_0_, auth3_.AreaId as areaid2_1_0_, auth3_.Code as code3_1_0_, auth3_.Description as description4_1_0_, g1_.GroupId as groupid1_6_1_, g1_.Code as code3_6_1_, g1_.Description as description4_6_1_, g1_.Weight as weight5_6_1_, g1_.IsActive as isactive6_6_1_, g1_.IsFieldForceGroup as isfieldforcegroup7_6_1_, g1_.IsSystemEntity as issystementity8_6_1_, g1_.IsDefault as isdefault9_6_1_, g1_.IsDeleted as isdeleted10_6_1_, g1_.ParentId as parentid11_6_1_, area7_.AreaId as areaid1_0_2_, area7_.IsActive as isactive2_0_2_, area7_.Code as code3_0_2_, area7_.Description as description4_0_2_, area7_.ModuleId as moduleid5_0_2_, u2_.UserId as userid1_2_3_, u2_.Discriminator as discriminator2_2_3_, u2_.IsSystemUser as issystemuser3_2_3_, u2_.Token as token4_2_3_, u2_.Code as code5_2_3_, u2_.AvatarPath as avatarpath6_2_3_, u2_.Login as login7_2_3_, u2_.Email as email8_2_3_, u2_.FirstName as firstname9_2_3_, u2_.LastName as lastname10_2_3_, u2_.IsActive as isactive11_2_3_, u2_.Password as password12_2_3_, u2_.SupervisorUserId as supervisoruserid13_2_3_, u2_.IsDeleted as isdeleted14_2_3_, u2_.PasswordExpired as passwordexpired15_2_3_, u2_.[Path] as Path16_2_3_, u2_.CreatedById as createdbyid17_2_3_, u2_.CreationDate as creationdate18_2_3_, u2_.LastUpdatedById as lastupdatedbyid19_2_3_, u2_.LastUpdateDate as lastupdatedate20_2_3_, u2_.RoleId as roleid21_2_3_, module9_.ModuleId as moduleid1_9_4_, module9_.SortIndex as sortindex2_9_4_, module9_.IsDefault as isdefault3_9_4_, module9_.IsActive as isactive4_9_4_, module9_.Code as code5_9_4_, module9_.Description as description6_9_4_, role10_.GroupId as groupid1_6_5_, role10_.Code as code3_6_5_, role10_.Description as description4_6_5_, role10_.Weight as weight5_6_5_, role10_.IsActive as isactive6_6_5_, role10_.IsFieldForceGroup as isfieldforcegroup7_6_5_, role10_.IsSystemEntity as issystementity8_6_5_, role10_.IsDefault as isdefault9_6_5_, role10_.IsDeleted as isdeleted10_6_5_, role10_.ParentId as parentid11_6_5_ FROM dbo.auth_GroupsAuthorizations this_ inner join dbo.auth_Authorizations auth3_ on this_.AuthorizationId=auth3_.AuthorizationId inner join dbo.auth_Groups g1_ on this_.RoleId=g1_.GroupId left outer join dbo.auth_Areas area7_ on auth3_.AreaId=area7_.AreaId inner join dbo.base_Users u2_ on g1_.GroupId=u2_.RoleId and (u2_.IsDeleted=0) left outer join dbo.auth_Modules module9_ on area7_.ModuleId=module9_.ModuleId left outer join dbo.auth_Groups role10_ on u2_.RoleId=role10_.GroupId WHERE u2_.UserId in (?);

[2026-07-28T11:51:25.2188406+02:00] |INFO| #70 [DomuWaveUnified - EAGLEFLY] CPQ.Core.Persistence.SqlDebugOutputInterceptor NHibernate: 
[2026-07-28T11:51:25.2218314+02:00] |INFO| #70 [DomuWaveUnified - EAGLEFLY] CPQ.Core.Persistence.SqlDebugOutputInterceptor UPDATE dbo.TenantDisplaySettings SET TenantId = ?, Name = ?, Description = ?, AccountingSignConvention = ?, LogoContent = ?, LogoContentType = ?, LogoFileName = ?, LogoUpdatedDate = ?, CreatedById = ?, CreatedByFullName = ?, LastUpdatedById = ?, LastUpdatedByFullName = ?, IsDeleted = ?, CreationDate = ?, LastUpdateDate = ? WHERE Id = ?
[2026-07-28T11:51:25.3092550+02:00] |INFO| #11 [DomuWaveUnified - EAGLEFLY] Microsoft.AspNetCore.Mvc.Infrastructure.ControllerActionInvoker Executing action method "DomuWave.Microservice.Controllers.TenantsController.GetAll (DomuWave.Unified)" - Validation state: Valid
[2026-07-28T11:51:25.3092550+02:00] |INFO| #68 [DomuWaveUnified - EAGLEFLY] Microsoft.AspNetCore.Mvc.Infrastructure.ControllerActionInvoker Executing action method "DomuWave.Microservice.Controllers.DashboardController.GetSummary (DomuWave.Unified)" - Validation state: Valid
[2026-07-28T11:51:25.3093568+02:00] |INFO| #15 [DomuWaveUnified - EAGLEFLY] Microsoft.AspNetCore.Mvc.Infrastructure.ControllerActionInvoker Executing action method "DomuWave.Microservice.Controllers.MenuesController.GetAllMenues (DomuWave.Unified)" - Validation state: Valid
[2026-07-28T11:51:25.3093718+02:00] |INFO| #67 [DomuWaveUnified - EAGLEFLY] Microsoft.AspNetCore.Mvc.Infrastructure.ControllerActionInvoker Executing action method "DomuWave.Microservice.Controllers.CondominiumsController.GetAll (DomuWave.Unified)" - Validation state: Valid
[2026-07-28T11:51:25.3182398+02:00] |INFO| #11 [DomuWaveUnified - EAGLEFLY] CPQ.Core.Middlewares.LoggerMiddleware "f017525f-0d76-4270-858a-69d0eb6ef440" InMemoryMediator #Type["DomuWave.Services.Command.Tenant.GetAllTenantsCommand"] 
[2026-07-28T11:51:25.3256437+02:00] |INFO| #68 [DomuWaveUnified - EAGLEFLY] CPQ.Core.Middlewares.LoggerMiddleware "9653ee84-2595-45d5-85a7-a528d292e2cd" InMemoryMediator #Type["DomuWave.Services.Command.Dashboard.GetDashboardSummaryCommand"] 
[2026-07-28T11:51:25.3387834+02:00] |INFO| #67 [DomuWaveUnified - EAGLEFLY] CPQ.Core.Middlewares.LoggerMiddleware "7bf16725-79ad-4554-9064-30a31f99e015" InMemoryMediator #Type["DomuWave.Services.Command.Condominium.GetAllCondominiumsCommand"] 
[2026-07-28T11:51:25.3388474+02:00] |INFO| #15 [DomuWaveUnified - EAGLEFLY] CPQ.Core.Persistence.SessionFactories.DefaultSessionFactoryProvider  "a03176d2-5e85-452a-a675-80ac4939ef9a" ## OPEN TRANSACTION ## [DB:"eaglefly - MSSql217693_PROD - sql ver:16.00.1190  - Open"]      [FactoryKey:"DomuWave"] [IsolationLevel :ReadUncommitted] 
[2026-07-28T11:51:25.3416473+02:00] |INFO| #11 [DomuWaveUnified - EAGLEFLY] CPQ.Core.Middlewares.LoggerMiddleware f017525f-0d76-4270-858a-69d0eb6ef440 #payload:[ {"CurrentUserId":-654} ]
[2026-07-28T11:51:25.3461763+02:00] |INFO| #68 [DomuWaveUnified - EAGLEFLY] CPQ.Core.Middlewares.LoggerMiddleware 9653ee84-2595-45d5-85a7-a528d292e2cd #payload:[ {"TenantId":"d153474f-683f-4cc7-ab06-b43f00460215","CurrentUserId":-654} ]
[2026-07-28T11:51:25.3505447+02:00] |INFO| #73 [DomuWaveUnified - EAGLEFLY] CPQ.Core.Persistence.SessionFactories.DefaultSessionFactoryProvider "805e4705-6f10-4f47-a647-09b66e6d022b" ++ COMMIT ++  (Async)  [DB:"eaglefly - MSSql217693_PROD - sql ver: 16.00.1190"] TRANSACTION OK  
[2026-07-28T11:51:25.3505877+02:00] |INFO| #67 [DomuWaveUnified - EAGLEFLY] CPQ.Core.Middlewares.LoggerMiddleware 7bf16725-79ad-4554-9064-30a31f99e015 #payload:[ {"TenantId":"d153474f-683f-4cc7-ab06-b43f00460215","CurrentUserId":-654} ]
[2026-07-28T11:51:25.3612158+02:00] |INFO| #11 [DomuWaveUnified - EAGLEFLY] CPQ.Core.Middlewares.LoggerMiddleware "f017525f-0d76-4270-858a-69d0eb6ef440" InMemoryMediator #Type["DomuWave.Services.Command.Tenant.GetAllTenantsCommand"] 
[2026-07-28T11:51:25.3642376+02:00] |INFO| #68 [DomuWaveUnified - EAGLEFLY] CPQ.Core.Middlewares.LoggerMiddleware "9653ee84-2595-45d5-85a7-a528d292e2cd" InMemoryMediator #Type["DomuWave.Services.Command.Dashboard.GetDashboardSummaryCommand"] 
[2026-07-28T11:51:25.3682298+02:00] |INFO| #15 [DomuWaveUnified - EAGLEFLY] CPQ.Core.Persistence.SqlDebugOutputInterceptor NHibernate: 
[2026-07-28T11:51:25.3750226+02:00] |INFO| #67 [DomuWaveUnified - EAGLEFLY] CPQ.Core.Middlewares.LoggerMiddleware "7bf16725-79ad-4554-9064-30a31f99e015" InMemoryMediator #Type["DomuWave.Services.Command.Condominium.GetAllCondominiumsCommand"] 
[2026-07-28T11:51:25.3804083+02:00] |INFO| #73 [DomuWaveUnified - EAGLEFLY] CPQ.Core.Persistence.SessionFactories.DefaultSessionFactoryProvider "805e4705-6f10-4f47-a647-09b66e6d022b" ++ COMMIT ++  (Async)  [DB:"eaglefly - MSSql217693_PROD - sql ver: 16.00.1190"] TRANSACTION OK  
[2026-07-28T11:51:25.3804856+02:00] |INFO| #11 [DomuWaveUnified - EAGLEFLY] CPQ.Core.Middlewares.LoggerMiddleware f017525f-0d76-4270-858a-69d0eb6ef440 #payload:[ {"CurrentUserId":-654} ]
[2026-07-28T11:51:25.3858967+02:00] |INFO| #68 [DomuWaveUnified - EAGLEFLY] CPQ.Core.Middlewares.LoggerMiddleware 9653ee84-2595-45d5-85a7-a528d292e2cd #payload:[ {"TenantId":"d153474f-683f-4cc7-ab06-b43f00460215","CurrentUserId":-654} ]
[2026-07-28T11:51:25.3887328+02:00] |INFO| #15 [DomuWaveUnified - EAGLEFLY] CPQ.Core.Persistence.SqlDebugOutputInterceptor select menuitem0_.MenuId as menuid1_36_, menuitem0_.Icon as icon2_36_, menuitem0_.Description as description3_36_, menuitem0_.[Action] as Action4_36_, menuitem0_.AuthorizationCode as authorizationcode5_36_, menuitem0_.ParentMenuId as parentmenuid6_36_, menuitem0_.PopulateEvent as populateevent7_36_, menuitem0_.OrderKey as orderkey8_36_, menuitem0_.Tags as tags9_36_, menuitem0_.Features as features10_36_ from dbo.base_menues menuitem0_ order by menuitem0_.OrderKey asc
[2026-07-28T11:51:25.3923851+02:00] |INFO| #67 [DomuWaveUnified - EAGLEFLY] CPQ.Core.Middlewares.LoggerMiddleware 7bf16725-79ad-4554-9064-30a31f99e015 #payload:[ {"TenantId":"d153474f-683f-4cc7-ab06-b43f00460215","CurrentUserId":-654} ]
[2026-07-28T11:51:25.4030437+02:00] |INFO| #11 [DomuWaveUnified - EAGLEFLY] CPQ.Core.Persistence.SessionFactories.DefaultSessionFactoryProvider  "f017525f-0d76-4270-858a-69d0eb6ef440" ## OPEN TRANSACTION ## [DB:"eaglefly - MSSql217693_PROD - sql ver:16.00.1190  - Open"]      [FactoryKey:"DomuWave"] [IsolationLevel :ReadUncommitted] 
[2026-07-28T11:51:25.3988852+02:00] |INFO| #73 [DomuWaveUnified - EAGLEFLY] CPQ.Core.Middlewares.NHibernateMiddleware "805e4705-6f10-4f47-a647-09b66e6d022b" CALL  DEQUEUE ALL [SUCCESS] ACTION
[2026-07-28T11:51:25.4148723+02:00] |INFO| #68 [DomuWaveUnified - EAGLEFLY] CPQ.Core.Persistence.SessionFactories.DefaultSessionFactoryProvider  "9653ee84-2595-45d5-85a7-a528d292e2cd" ## OPEN TRANSACTION ## [DB:"eaglefly - MSSql217693_PROD - sql ver:16.00.1190  - Open"]      [FactoryKey:"DEFAULT"] [IsolationLevel :ReadUncommitted] 
[2026-07-28T11:51:25.4255984+02:00] |INFO| #11 [DomuWaveUnified - EAGLEFLY] CPQ.Core.Persistence.SqlDebugOutputInterceptor NHibernate: 
[2026-07-28T11:51:25.4273718+02:00] |INFO| #67 [DomuWaveUnified - EAGLEFLY] CPQ.Core.Persistence.SessionFactories.DefaultSessionFactoryProvider  "7bf16725-79ad-4554-9064-30a31f99e015" ## OPEN TRANSACTION ## [DB:"eaglefly - MSSql217693_PROD - sql ver:16.00.1190  - Open"]      [FactoryKey:"DomuWave"] [IsolationLevel :ReadUncommitted] 
[2026-07-28T11:51:25.4279203+02:00] |INFO| #73 [DomuWaveUnified - EAGLEFLY] CPQ.Core.Services.StoreCommitAction "805e4705-6f10-4f47-a647-09b66e6d022b" dequeue  in progress (0) actions delegate.  On success:True UOW 
[2026-07-28T11:51:25.4358016+02:00] |INFO| #11 [DomuWaveUnified - EAGLEFLY] CPQ.Core.Persistence.SqlDebugOutputInterceptor select tenant0_.Id as id1_50_, tenant0_.Name as name2_50_, tenant0_.Code as code3_50_, tenant0_.IsActive as isactive4_50_, tenant0_.CreatedById as createdbyid5_50_, tenant0_.CreatedByFullName as createdbyfullname6_50_, tenant0_.CreationDate as creationdate7_50_, tenant0_.LastUpdatedById as lastupdatedbyid8_50_, tenant0_.LastUpdatedByFullName as lastupdatedbyfullname9_50_, tenant0_.LastUpdateDate as lastupdatedate10_50_, tenant0_.IsDeleted as isdeleted11_50_ from dbo.Tenant tenant0_ where  not (tenant0_.IsDeleted=1)
[2026-07-28T11:51:25.4383074+02:00] |INFO| #9 [DomuWaveUnified - EAGLEFLY] CPQ.Core.Persistence.SqlDebugOutputInterceptor NHibernate: 
[2026-07-28T11:51:25.4490609+02:00] |INFO| #67 [DomuWaveUnified - EAGLEFLY] CPQ.Core.Persistence.SqlDebugOutputInterceptor NHibernate: 
[2026-07-28T11:51:25.4591161+02:00] |DBUG| #73 [DomuWaveUnified - EAGLEFLY] Microsoft.AspNetCore.Server.Kestrel.Connections Connection id ""0HNNCHN32EDPN"" completed keep alive response.
[2026-07-28T11:51:25.4621620+02:00] |INFO| #9 [DomuWaveUnified - EAGLEFLY] CPQ.Core.Persistence.SqlDebugOutputInterceptor select user0_.UserId as userid1_2_, group2_.GroupId as groupid1_6_1_, role3_.GroupId as groupid1_6_2_, user0_.Discriminator as discriminator2_2_, user0_.IsSystemUser as issystemuser3_2_, user0_.Token as token4_2_, user0_.Code as code5_2_, user0_.AvatarPath as avatarpath6_2_, user0_.Login as login7_2_, user0_.Email as email8_2_, user0_.FirstName as firstname9_2_, user0_.LastName as lastname10_2_, user0_.IsActive as isactive11_2_, user0_.Password as password12_2_, user0_.SupervisorUserId as supervisoruserid13_2_, user0_.IsDeleted as isdeleted14_2_, user0_.PasswordExpired as passwordexpired15_2_, user0_.[Path] as Path16_2_, user0_.CreatedById as createdbyid17_2_, user0_.CreationDate as creationdate18_2_, user0_.LastUpdatedById as lastupdatedbyid19_2_, user0_.LastUpdateDate as lastupdatedate20_2_, user0_.RoleId as roleid21_2_, group2_.Code as code3_6_1_, group2_.Description as description4_6_1_, group2_.Weight as weight5_6_1_, group2_.IsActive as isactive6_6_1_, group2_.IsFieldForceGroup as isfieldforcegroup7_6_1_, group2_.IsSystemEntity as issystementity8_6_1_, group2_.IsDefault as isdefault9_6_1_, group2_.IsDeleted as isdeleted10_6_1_, group2_.ParentId as parentid11_6_1_, groups1_.UserId as userid1_3_0__, groups1_.GroupId as groupid2_3_0__, role3_.Code as code3_6_2_, role3_.Description as description4_6_2_, role3_.Weight as weight5_6_2_, role3_.IsActive as isactive6_6_2_, role3_.IsFieldForceGroup as isfieldforcegroup7_6_2_, role3_.IsSystemEntity as issystementity8_6_2_, role3_.IsDefault as isdefault9_6_2_, role3_.IsDeleted as isdeleted10_6_2_, role3_.ParentId as parentid11_6_2_ from dbo.base_Users user0_ left outer join dbo.auth_UsersGroups groups1_ on user0_.UserId=groups1_.UserId left outer join dbo.auth_Groups group2_ on groups1_.GroupId=group2_.GroupId left outer join dbo.auth_Groups role3_ on user0_.RoleId=role3_.GroupId where user0_.UserId=? ORDER BY CURRENT_TIMESTAMP OFFSET 0 ROWS FETCH FIRST 1 ROWS ONLY
[2026-07-28T11:51:25.4665432+02:00] |INFO| #69 [DomuWaveUnified - EAGLEFLY] Microsoft.AspNetCore.Mvc.Infrastructure.ControllerActionInvoker Executed action method "DomuWave.Microservice.Controllers.TenantsController.GetAll (DomuWave.Unified)", returned result "Microsoft.AspNetCore.Mvc.OkObjectResult" in 152.2398ms.
[2026-07-28T11:51:25.4679084+02:00] |INFO| #67 [DomuWaveUnified - EAGLEFLY] CPQ.Core.Persistence.SqlDebugOutputInterceptor select usertenant0_.Id as id1_53_, usertenant0_.UserId as userid2_53_, usertenant0_.IsDefault as isdefault3_53_, usertenant0_.IsActive as isactive4_53_, usertenant0_.RoleCode as rolecode5_53_, usertenant0_.TenantId as tenantid6_53_, usertenant0_.CreatedById as createdbyid7_53_, usertenant0_.CreatedByFullName as createdbyfullname8_53_, usertenant0_.CreationDate as creationdate9_53_, usertenant0_.LastUpdatedById as lastupdatedbyid10_53_, usertenant0_.LastUpdatedByFullName as lastupdatedbyfullname11_53_, usertenant0_.LastUpdateDate as lastupdatedate12_53_, usertenant0_.IsDeleted as isdeleted13_53_ from dbo.UserTenant usertenant0_ where usertenant0_.UserId=? and usertenant0_.TenantId=? and usertenant0_.IsActive=1 and  not (usertenant0_.IsDeleted=1) order by usertenant0_.IsDefault desc OFFSET 0 ROWS FETCH FIRST 1 ROWS ONLY
[2026-07-28T11:51:25.4741583+02:00] |INFO| #73 [DomuWaveUnified - EAGLEFLY] Microsoft.AspNetCore.Hosting.Diagnostics Request finished "HTTP/1.1" "GET" "http"://"localhost:40300""""/api/tenant-display""" - 200 null "application/json; charset=utf-8" 2802.982ms
[2026-07-28T11:51:25.4881421+02:00] |DBUG| #69 [DomuWaveUnified - EAGLEFLY] Microsoft.AspNetCore.Mvc.Infrastructure.DefaultOutputFormatterSelector List of registered output formatters, in the following order: ["Microsoft.AspNetCore.Mvc.Formatters.HttpNoContentOutputFormatter", "Microsoft.AspNetCore.Mvc.Formatters.StringOutputFormatter", "Microsoft.AspNetCore.Mvc.Formatters.StreamOutputFormatter", "Microsoft.AspNetCore.Mvc.Formatters.SystemTextJsonOutputFormatter"]
[2026-07-28T11:51:25.5004411+02:00] |INFO| #68 [DomuWaveUnified - EAGLEFLY] CPQ.Core.Persistence.SqlDebugOutputInterceptor NHibernate: 
[2026-07-28T11:51:25.5124132+02:00] |INFO| #73 [DomuWaveUnified - EAGLEFLY] Microsoft.AspNetCore.Hosting.Diagnostics Request starting "HTTP/1.1" "GET" "http"://"localhost:40300""""/api/tenant-display/logo""" - null null
[2026-07-28T11:51:25.5137696+02:00] |INFO| #70 [DomuWaveUnified - EAGLEFLY] CPQ.Core.Persistence.SqlDebugOutputInterceptor NHibernate: 
[2026-07-28T11:51:25.5191426+02:00] |DBUG| #69 [DomuWaveUnified - EAGLEFLY] Microsoft.AspNetCore.Mvc.Infrastructure.DefaultOutputFormatterSelector No information found on request to perform content negotiation.
[2026-07-28T11:51:25.5223485+02:00] |INFO| #68 [DomuWaveUnified - EAGLEFLY] CPQ.Core.Persistence.SqlDebugOutputInterceptor select (count(*)) as col_0_0_ from dbo.Tenant tenant0_ where tenant0_.IsActive=1 and  not (tenant0_.IsDeleted=1)
[2026-07-28T11:51:25.5278430+02:00] |DBUG| #73 [DomuWaveUnified - EAGLEFLY] Microsoft.AspNetCore.StaticFiles.StaticFileMiddleware The request path "/api/tenant-display/logo" does not match a supported file type
[2026-07-28T11:51:25.5330182+02:00] |DBUG| #69 [DomuWaveUnified - EAGLEFLY] Microsoft.AspNetCore.Mvc.Infrastructure.DefaultOutputFormatterSelector Attempting to select an output formatter without using a content type as no explicit content types were specified for the response.
[2026-07-28T11:51:25.5417527+02:00] |INFO| #9 [DomuWaveUnified - EAGLEFLY] CPQ.Core.Persistence.SqlDebugOutputInterceptor NHibernate: 
[2026-07-28T11:51:25.5307932+02:00] |INFO| #70 [DomuWaveUnified - EAGLEFLY] CPQ.Core.Persistence.SqlDebugOutputInterceptor select condominiu0_.Id as id1_20_, condominiu0_.TenantId as tenantid2_20_, condominiu0_.Name as name3_20_, condominiu0_.Notes as notes4_20_, condominiu0_.Code as code5_20_, condominiu0_.TaxCode as taxcode6_20_, condominiu0_.VatNumber as vatnumber7_20_, condominiu0_.Email as email8_20_, condominiu0_.Phone as phone9_20_, condominiu0_.Pec as pec10_20_, condominiu0_.NumberOfUnits as numberofunits11_20_, condominiu0_.NumberOfStaircases as numberofstaircases12_20_, condominiu0_.NumberOfFloors as numberoffloors13_20_, condominiu0_.YearOfConstruction as yearofconstruction14_20_, condominiu0_.TotalMillesimal as totalmillesimal15_20_, condominiu0_.HasElevator as haselevator16_20_, condominiu0_.NumberOfElevators as numberofelevators17_20_, condominiu0_.HasCentralHeating as hascentralheating18_20_, condominiu0_.HasConcierge as hasconcierge19_20_, condominiu0_.CommonAreasSqm as commonareassqm20_20_, condominiu0_.MandateStartDate as mandatestartdate21_20_, condominiu0_.MandateEndDate as mandateenddate22_20_, condominiu0_.LastAssemblyDate as lastassemblydate23_20_, condominiu0_.InstallmentFrequency as installmentfrequency24_20_, condominiu0_.InstallmentDueDay as installmentdueday25_20_, condominiu0_.IsActive as isactive26_20_, condominiu0_.Iban as iban27_20_, condominiu0_.BankAccountHolder as bankaccountholder28_20_, condominiu0_.BankName as bankname29_20_, condominiu0_.InitialBalance as initialbalance30_20_, condominiu0_.AdministratorName as administratorname31_20_, condominiu0_.AdministratorPhone as administratorphone32_20_, condominiu0_.AdministratorEmail as administratoremail33_20_, condominiu0_.StripeConnectedAccountId as stripeconnectedaccountid34_20_, condominiu0_.StripeOnboardingComplete as stripeonboardingcomplete35_20_, condominiu0_.EInvoiceProviderId as einvoiceproviderid36_20_, condominiu0_.EInvoiceApiKey as einvoiceapikey37_20_, condominiu0_.EInvoiceVatNumber as einvoicevatnumber38_20_, condominiu0_.EInvoiceLastSyncDate as einvoicelastsyncdate39_20_, condominiu0_.CreatedById as createdbyid40_20_, condominiu0_.CreatedByFullName as createdbyfullname41_20_, condominiu0_.LastUpdatedById as lastupdatedbyid42_20_, condominiu0_.LastUpdatedByFullName as lastupdatedbyfullname43_20_, condominiu0_.IsDeleted as isdeleted44_20_, condominiu0_.CreationDate as creationdate45_20_, condominiu0_.LastUpdateDate as lastupdatedate46_20_ from dbo.Condominium condominiu0_ where condominiu0_.TenantId=? and  not (condominiu0_.IsDeleted=1)
[2026-07-28T11:51:25.5410809+02:00] |INFO| #73 [DomuWaveUnified - EAGLEFLY] CPQ.Core.Middlewares.CorrelationServiceMiddleware x-correlation-id header not found in the request. Generating a new correlation ID.
[2026-07-28T11:51:25.5514879+02:00] |INFO| #9 [DomuWaveUnified - EAGLEFLY] CPQ.Core.Persistence.SqlDebugOutputInterceptor SELECT this_.Id as id1_5_0_, this_.UserId as userid2_5_0_, this_.CanView as canview3_5_0_, this_.CanAction as canaction4_5_0_, this_.CanDelete as candelete5_5_0_, this_.CanCreate as cancreate6_5_0_, this_.CanModify as canmodify7_5_0_, this_.ModuleId as moduleid8_5_0_, this_.AuthorizationCode as authorizationcode9_5_0_ FROM dbo.vw_flatuserauthorizations this_ WHERE this_.UserId = ?
[2026-07-28T11:51:25.5484715+02:00] |DBUG| #69 [DomuWaveUnified - EAGLEFLY] Microsoft.AspNetCore.Mvc.Infrastructure.DefaultOutputFormatterSelector Attempting to select the first formatter in the output formatters list which can write the result.
[2026-07-28T11:51:25.5596106+02:00] |INFO| #73 [DomuWaveUnified - EAGLEFLY] CPQ.Core.Middlewares.CorrelationServiceMiddleware Generated new correlation ID: 48e68df4-5007-4b3c-b587-58047ad62b79
[2026-07-28T11:51:25.5644965+02:00] |INFO| #67 [DomuWaveUnified - EAGLEFLY] CPQ.Core.Persistence.SqlDebugOutputInterceptor NHibernate: 
[2026-07-28T11:51:25.5659257+02:00] |DBUG| #69 [DomuWaveUnified - EAGLEFLY] Microsoft.AspNetCore.Mvc.Infrastructure.DefaultOutputFormatterSelector Selected output formatter '"Microsoft.AspNetCore.Mvc.Formatters.SystemTextJsonOutputFormatter"' and content type '"application/json"' to write the response.
[2026-07-28T11:51:25.5725039+02:00] |INFO| #67 [DomuWaveUnified - EAGLEFLY] CPQ.Core.Persistence.SqlDebugOutputInterceptor select (count(*)) as col_0_0_ from dbo.Condominium condominiu0_ inner join dbo.Tenant tenant1_ on condominiu0_.TenantId=tenant1_.Id where condominiu0_.IsActive=1 and  not (condominiu0_.IsDeleted=1) and tenant1_.IsActive=1 and  not (tenant1_.IsDeleted=1)
[2026-07-28T11:51:25.5704570+02:00] |DBUG| #73 [DomuWaveUnified - EAGLEFLY] Microsoft.AspNetCore.Routing.Matching.DfaMatcher 2 candidate(s) found for the request path '"/api/tenant-display/logo"'
[2026-07-28T11:51:25.5768332+02:00] |INFO| #69 [DomuWaveUnified - EAGLEFLY] Microsoft.AspNetCore.Mvc.Infrastructure.ObjectResultExecutor Executing "OkObjectResult", writing value of type '"System.Collections.Generic.List`1[[DomuWave.Services.Dto.Tenant.TenantReadDto, DomuWave.Services, Version=1.0.0.0, Culture=neutral, PublicKeyToken=null]]"'.
[2026-07-28T11:51:25.5788151+02:00] |INFO| #71 [DomuWaveUnified - EAGLEFLY] CPQ.Core.Persistence.SqlDebugOutputInterceptor NHibernate: 
[2026-07-28T11:51:25.5856207+02:00] |DBUG| #73 [DomuWaveUnified - EAGLEFLY] Microsoft.AspNetCore.Routing.Matching.DfaMatcher Endpoint '"DomuWave.Microservice.Controllers.TenantDisplayController.GetLogo (DomuWave.Unified)"' with route pattern '"api/tenant-display/logo"' is valid for the request path '"/api/tenant-display/logo"'
[2026-07-28T11:51:25.5869254+02:00] |INFO| #67 [DomuWaveUnified - EAGLEFLY] Microsoft.AspNetCore.Mvc.Infrastructure.ControllerActionInvoker Executed action method "DomuWave.Microservice.Controllers.DashboardController.GetSummary (DomuWave.Unified)", returned result "Microsoft.AspNetCore.Mvc.OkObjectResult" in 265.1675ms.
[2026-07-28T11:51:25.6057327+02:00] |DBUG| #67 [DomuWaveUnified - EAGLEFLY] Microsoft.AspNetCore.Mvc.Infrastructure.DefaultOutputFormatterSelector List of registered output formatters, in the following order: ["Microsoft.AspNetCore.Mvc.Formatters.HttpNoContentOutputFormatter", "Microsoft.AspNetCore.Mvc.Formatters.StringOutputFormatter", "Microsoft.AspNetCore.Mvc.Formatters.StreamOutputFormatter", "Microsoft.AspNetCore.Mvc.Formatters.SystemTextJsonOutputFormatter"]
[2026-07-28T11:51:25.5915121+02:00] |INFO| #71 [DomuWaveUnified - EAGLEFLY] CPQ.Core.Persistence.SqlDebugOutputInterceptor SELECT condominiu0_.Id as id1_21_0_, condominiu0_.TenantId as tenantid2_21_0_, condominiu0_.CondominiumId as condominiumid3_21_0_, condominiu0_.Street as street4_21_0_, condominiu0_.StreetNumber as streetnumber5_21_0_, condominiu0_.PostalCode as postalcode6_21_0_, condominiu0_.City as city7_21_0_, condominiu0_.Province as province8_21_0_, condominiu0_.Country as country9_21_0_, condominiu0_.Latitude as latitude10_21_0_, condominiu0_.Longitude as longitude11_21_0_, condominiu0_.CreatedById as createdbyid12_21_0_, condominiu0_.CreatedByFullName as createdbyfullname13_21_0_, condominiu0_.LastUpdatedById as lastupdatedbyid14_21_0_, condominiu0_.LastUpdatedByFullName as lastupdatedbyfullname15_21_0_, condominiu0_.IsDeleted as isdeleted16_21_0_, condominiu0_.CreationDate as creationdate17_21_0_, condominiu0_.LastUpdateDate as lastupdatedate18_21_0_ FROM dbo.CondominiumAddress condominiu0_ WHERE condominiu0_.CondominiumId=?
[2026-07-28T11:51:25.6134051+02:00] |DBUG| #67 [DomuWaveUnified - EAGLEFLY] Microsoft.AspNetCore.Mvc.Infrastructure.DefaultOutputFormatterSelector No information found on request to perform content negotiation.
[2026-07-28T11:51:25.6157912+02:00] |INFO| #69 [DomuWaveUnified - EAGLEFLY] Microsoft.AspNetCore.Mvc.Infrastructure.ControllerActionInvoker Executed action "DomuWave.Microservice.Controllers.TenantsController.GetAll (DomuWave.Unified)" in 2424.7103ms
[2026-07-28T11:51:25.5994189+02:00] |DBUG| #73 [DomuWaveUnified - EAGLEFLY] Microsoft.AspNetCore.Routing.Matching.DfaMatcher Endpoint '"Fallback {*path:nonfile}"' with route pattern '"{*path:nonfile}"' is valid for the request path '"/api/tenant-display/logo"'
[2026-07-28T11:51:25.6458098+02:00] |DBUG| #73 [DomuWaveUnified - EAGLEFLY] Microsoft.AspNetCore.Routing.EndpointRoutingMiddleware Request matched endpoint '"DomuWave.Microservice.Controllers.TenantDisplayController.GetLogo (DomuWave.Unified)"'
[2026-07-28T11:51:25.6484321+02:00] |INFO| #70 [DomuWaveUnified - EAGLEFLY] Microsoft.AspNetCore.Mvc.Infrastructure.ControllerActionInvoker Executed action method "DomuWave.Microservice.Controllers.MenuesController.GetAllMenues (DomuWave.Unified)", returned result "Microsoft.AspNetCore.Mvc.OkObjectResult" in 320.1324ms.
[2026-07-28T11:51:25.6407134+02:00] |INFO| #69 [DomuWaveUnified - EAGLEFLY] Microsoft.AspNetCore.Routing.EndpointMiddleware Executed endpoint '"DomuWave.Microservice.Controllers.TenantsController.GetAll (DomuWave.Unified)"'
[2026-07-28T11:51:25.6335255+02:00] |INFO| #9 [DomuWaveUnified - EAGLEFLY] CPQ.Core.Persistence.SqlDebugOutputInterceptor NHibernate: 
[2026-07-28T11:51:25.6341407+02:00] |DBUG| #67 [DomuWaveUnified - EAGLEFLY] Microsoft.AspNetCore.Mvc.Infrastructure.DefaultOutputFormatterSelector Attempting to select the first output formatter in the output formatters list which supports a content type from the explicitly specified content types '["application/json"]'.
[2026-07-28T11:51:25.6533218+02:00] |INFO| #73 [DomuWaveUnified - EAGLEFLY] CPQ.Core.Persistence.SessionFactories.DefaultSessionFactoryProvider  "48e68df4-5007-4b3c-b587-58047ad62b79" ## OPEN TRANSACTION ## [DB:"eaglefly - MSSql217693_PROD - sql ver:16.00.1190  - Open"]      [FactoryKey:"AUTH"] [IsolationLevel :ReadUncommitted] 
[2026-07-28T11:51:25.6616445+02:00] |DBUG| #70 [DomuWaveUnified - EAGLEFLY] Microsoft.AspNetCore.Mvc.Infrastructure.DefaultOutputFormatterSelector List of registered output formatters, in the following order: ["Microsoft.AspNetCore.Mvc.Formatters.HttpNoContentOutputFormatter", "Microsoft.AspNetCore.Mvc.Formatters.StringOutputFormatter", "Microsoft.AspNetCore.Mvc.Formatters.StreamOutputFormatter", "Microsoft.AspNetCore.Mvc.Formatters.SystemTextJsonOutputFormatter"]
[2026-07-28T11:51:25.6639645+02:00] |INFO| #69 [DomuWaveUnified - EAGLEFLY] CPQ.Core.Middlewares.TraceInfoRequestMiddleware "f017525f-0d76-4270-858a-69d0eb6ef440"[User]:"JowGcWLLayCG5nCn6SYNqNnRYeYzRbrjmBDCR7hnsCg=" "HTTP request GET /api/tenants" 
[2026-07-28T11:51:25.6661768+02:00] |INFO| #9 [DomuWaveUnified - EAGLEFLY] CPQ.Core.Persistence.SqlDebugOutputInterceptor SELECT condominiu0_.Id as id1_22_0_, condominiu0_.TenantId as tenantid2_22_0_, condominiu0_.CondominiumId as condominiumid3_22_0_, condominiu0_.CadastralMunicipality as cadastralmunicipality4_22_0_, condominiu0_.Sheet as sheet5_22_0_, condominiu0_.Parcel as parcel6_22_0_, condominiu0_.Subordinate as subordinate7_22_0_, condominiu0_.UrbanSection as urbansection8_22_0_, condominiu0_.CreatedById as createdbyid9_22_0_, condominiu0_.CreatedByFullName as createdbyfullname10_22_0_, condominiu0_.LastUpdatedById as lastupdatedbyid11_22_0_, condominiu0_.LastUpdatedByFullName as lastupdatedbyfullname12_22_0_, condominiu0_.IsDeleted as isdeleted13_22_0_, condominiu0_.CreationDate as creationdate14_22_0_, condominiu0_.LastUpdateDate as lastupdatedate15_22_0_ FROM dbo.CondominiumCadastralData condominiu0_ WHERE condominiu0_.CondominiumId=?
[2026-07-28T11:51:25.6726640+02:00] |DBUG| #67 [DomuWaveUnified - EAGLEFLY] Microsoft.AspNetCore.Mvc.Infrastructure.DefaultOutputFormatterSelector Selected output formatter '"Microsoft.AspNetCore.Mvc.Formatters.SystemTextJsonOutputFormatter"' and content type '"application/json"' to write the response.
[2026-07-28T11:51:25.6899355+02:00] |INFO| #69 [DomuWaveUnified - EAGLEFLY] CPQ.Core.Middlewares.TraceInfoRequestMiddleware [Req]: Time(milliseconds):"2998"
[2026-07-28T11:51:25.6801347+02:00] |DBUG| #70 [DomuWaveUnified - EAGLEFLY] Microsoft.AspNetCore.Mvc.Infrastructure.DefaultOutputFormatterSelector No information found on request to perform content negotiation.
[2026-07-28T11:51:25.6766861+02:00] |DBUG| #73 [DomuWaveUnified - EAGLEFLY] Microsoft.AspNetCore.StaticFiles.StaticFileMiddleware Static files was skipped as the request already matched an endpoint.
[2026-07-28T11:51:25.7045394+02:00] |INFO| #67 [DomuWaveUnified - EAGLEFLY] Microsoft.AspNetCore.Mvc.Infrastructure.ObjectResultExecutor Executing "OkObjectResult", writing value of type '"DomuWave.Services.Dto.Dashboard.DashboardSummaryDto"'.
[2026-07-28T11:51:25.7078555+02:00] |INFO| #9 [DomuWaveUnified - EAGLEFLY] CPQ.Core.Persistence.SqlDebugOutputInterceptor NHibernate: 
[2026-07-28T11:51:25.7083533+02:00] |INFO| #69 [DomuWaveUnified - EAGLEFLY] CPQ.Core.Middlewares.NHibernateMiddleware "f017525f-0d76-4270-858a-69d0eb6ef440" TRY TO COMMIT ALL SESSION FACTORY
[2026-07-28T11:51:25.7112800+02:00] |DBUG| #70 [DomuWaveUnified - EAGLEFLY] Microsoft.AspNetCore.Mvc.Infrastructure.DefaultOutputFormatterSelector Attempting to select an output formatter without using a content type as no explicit content types were specified for the response.
[2026-07-28T11:51:25.7138373+02:00] |INFO| #73 [DomuWaveUnified - EAGLEFLY] Microsoft.AspNetCore.Routing.EndpointMiddleware Executing endpoint '"DomuWave.Microservice.Controllers.TenantDisplayController.GetLogo (DomuWave.Unified)"'
[2026-07-28T11:51:25.7245763+02:00] |INFO| #9 [DomuWaveUnified - EAGLEFLY] CPQ.Core.Persistence.SqlDebugOutputInterceptor SELECT condominiu0_.Id as id1_21_0_, condominiu0_.TenantId as tenantid2_21_0_, condominiu0_.CondominiumId as condominiumid3_21_0_, condominiu0_.Street as street4_21_0_, condominiu0_.StreetNumber as streetnumber5_21_0_, condominiu0_.PostalCode as postalcode6_21_0_, condominiu0_.City as city7_21_0_, condominiu0_.Province as province8_21_0_, condominiu0_.Country as country9_21_0_, condominiu0_.Latitude as latitude10_21_0_, condominiu0_.Longitude as longitude11_21_0_, condominiu0_.CreatedById as createdbyid12_21_0_, condominiu0_.CreatedByFullName as createdbyfullname13_21_0_, condominiu0_.LastUpdatedById as lastupdatedbyid14_21_0_, condominiu0_.LastUpdatedByFullName as lastupdatedbyfullname15_21_0_, condominiu0_.IsDeleted as isdeleted16_21_0_, condominiu0_.CreationDate as creationdate17_21_0_, condominiu0_.LastUpdateDate as lastupdatedate18_21_0_ FROM dbo.CondominiumAddress condominiu0_ WHERE condominiu0_.CondominiumId=?
[2026-07-28T11:51:25.7266110+02:00] |INFO| #67 [DomuWaveUnified - EAGLEFLY] Microsoft.AspNetCore.Mvc.Infrastructure.ControllerActionInvoker Executed action "DomuWave.Microservice.Controllers.DashboardController.GetSummary (DomuWave.Unified)" in 2528.1797ms
[2026-07-28T11:51:25.7288313+02:00] |INFO| #69 [DomuWaveUnified - EAGLEFLY] CPQ.Core.Persistence.SessionFactories.DefaultSessionFactoryProvider "f017525f-0d76-4270-858a-69d0eb6ef440" ++ COMMIT ++  (Async)  [DB:"eaglefly - MSSql217693_PROD - sql ver: 16.00.1190"] TRANSACTION OK  
[2026-07-28T11:51:25.7297923+02:00] |DBUG| #70 [DomuWaveUnified - EAGLEFLY] Microsoft.AspNetCore.Mvc.Infrastructure.DefaultOutputFormatterSelector Attempting to select the first formatter in the output formatters list which can write the result.
[2026-07-28T11:51:25.7454359+02:00] |INFO| #68 [DomuWaveUnified - EAGLEFLY] CPQ.Core.Persistence.SqlDebugOutputInterceptor NHibernate: 
[2026-07-28T11:51:25.7469382+02:00] |INFO| #73 [DomuWaveUnified - EAGLEFLY] Microsoft.AspNetCore.Mvc.Infrastructure.ControllerActionInvoker Route matched with "{action = \"GetLogo\", controller = \"TenantDisplay\"}". Executing controller action with signature "System.Threading.Tasks.Task`1[Microsoft.AspNetCore.Mvc.IActionResult] GetLogo(System.Threading.CancellationToken)" on controller "DomuWave.Microservice.Controllers.TenantDisplayController" ("DomuWave.Unified").
[2026-07-28T11:51:25.7526787+02:00] |INFO| #67 [DomuWaveUnified - EAGLEFLY] Microsoft.AspNetCore.Routing.EndpointMiddleware Executed endpoint '"DomuWave.Microservice.Controllers.DashboardController.GetSummary (DomuWave.Unified)"'
[2026-07-28T11:51:25.7712201+02:00] |INFO| #69 [DomuWaveUnified - EAGLEFLY] CPQ.Core.Persistence.SessionFactories.DefaultSessionFactoryProvider "f017525f-0d76-4270-858a-69d0eb6ef440" ++ COMMIT ++  (Async)  [DB:"eaglefly - MSSql217693_PROD - sql ver: 16.00.1190"] TRANSACTION OK  
[2026-07-28T11:51:25.7901213+02:00] |INFO| #69 [DomuWaveUnified - EAGLEFLY] CPQ.Core.Middlewares.NHibernateMiddleware "f017525f-0d76-4270-858a-69d0eb6ef440" CALL  DEQUEUE ALL [SUCCESS] ACTION
[2026-07-28T11:51:25.7740043+02:00] |INFO| #68 [DomuWaveUnified - EAGLEFLY] CPQ.Core.Persistence.SqlDebugOutputInterceptor SELECT condominiu0_.Id as id1_22_0_, condominiu0_.TenantId as tenantid2_22_0_, condominiu0_.CondominiumId as condominiumid3_22_0_, condominiu0_.CadastralMunicipality as cadastralmunicipality4_22_0_, condominiu0_.Sheet as sheet5_22_0_, condominiu0_.Parcel as parcel6_22_0_, condominiu0_.Subordinate as subordinate7_22_0_, condominiu0_.UrbanSection as urbansection8_22_0_, condominiu0_.CreatedById as createdbyid9_22_0_, condominiu0_.CreatedByFullName as createdbyfullname10_22_0_, condominiu0_.LastUpdatedById as lastupdatedbyid11_22_0_, condominiu0_.LastUpdatedByFullName as lastupdatedbyfullname12_22_0_, condominiu0_.IsDeleted as isdeleted13_22_0_, condominiu0_.CreationDate as creationdate14_22_0_, condominiu0_.LastUpdateDate as lastupdatedate15_22_0_ FROM dbo.CondominiumCadastralData condominiu0_ WHERE condominiu0_.CondominiumId=?
[2026-07-28T11:51:25.7811228+02:00] |DBUG| #73 [DomuWaveUnified - EAGLEFLY] Microsoft.AspNetCore.Mvc.Infrastructure.ControllerActionInvoker Execution plan of "authorization" filters (in the following order): ["None"]
[2026-07-28T11:51:25.7861980+02:00] |INFO| #67 [DomuWaveUnified - EAGLEFLY] CPQ.Core.Middlewares.TraceInfoRequestMiddleware "9653ee84-2595-45d5-85a7-a528d292e2cd"[User]:"JowGcWLLayCG5nCn6SYNqNnRYeYzRbrjmBDCR7hnsCg=" "HTTP request GET /api/dashboard/summary" 
[2026-07-28T11:51:25.7934679+02:00] |INFO| #69 [DomuWaveUnified - EAGLEFLY] CPQ.Core.Services.StoreCommitAction "f017525f-0d76-4270-858a-69d0eb6ef440" dequeue  in progress (0) actions delegate.  On success:True UOW 
[2026-07-28T11:51:25.7712478+02:00] |DBUG| #70 [DomuWaveUnified - EAGLEFLY] Microsoft.AspNetCore.Mvc.Infrastructure.DefaultOutputFormatterSelector Selected output formatter '"Microsoft.AspNetCore.Mvc.Formatters.SystemTextJsonOutputFormatter"' and content type '"application/json"' to write the response.
[2026-07-28T11:51:25.8044710+02:00] |INFO| #9 [DomuWaveUnified - EAGLEFLY] CPQ.Core.Persistence.SqlDebugOutputInterceptor NHibernate: 
[2026-07-28T11:51:25.8090954+02:00] |DBUG| #73 [DomuWaveUnified - EAGLEFLY] Microsoft.AspNetCore.Mvc.Infrastructure.ControllerActionInvoker Execution plan of "resource" filters (in the following order): ["Microsoft.AspNetCore.Mvc.ViewFeatures.Filters.SaveTempDataFilter"]
[2026-07-28T11:51:25.8150000+02:00] |INFO| #67 [DomuWaveUnified - EAGLEFLY] CPQ.Core.Middlewares.TraceInfoRequestMiddleware [Req]: Time(milliseconds):"2960"
[2026-07-28T11:51:25.8201021+02:00] |DBUG| #69 [DomuWaveUnified - EAGLEFLY] Microsoft.AspNetCore.Server.Kestrel.Connections Connection id ""0HNNCHN32EDPM"" completed keep alive response.
[2026-07-28T11:51:25.8256320+02:00] |INFO| #70 [DomuWaveUnified - EAGLEFLY] Microsoft.AspNetCore.Mvc.Infrastructure.ObjectResultExecutor Executing "OkObjectResult", writing value of type '"System.Collections.Generic.List`1[[DomuWave.Services.Models.MenuItemDto, DomuWave.Services, Version=1.0.0.0, Culture=neutral, PublicKeyToken=null]]"'.
[2026-07-28T11:51:25.8301861+02:00] |INFO| #9 [DomuWaveUnified - EAGLEFLY] CPQ.Core.Persistence.SqlDebugOutputInterceptor SELECT condominiu0_.Id as id1_21_0_, condominiu0_.TenantId as tenantid2_21_0_, condominiu0_.CondominiumId as condominiumid3_21_0_, condominiu0_.Street as street4_21_0_, condominiu0_.StreetNumber as streetnumber5_21_0_, condominiu0_.PostalCode as postalcode6_21_0_, condominiu0_.City as city7_21_0_, condominiu0_.Province as province8_21_0_, condominiu0_.Country as country9_21_0_, condominiu0_.Latitude as latitude10_21_0_, condominiu0_.Longitude as longitude11_21_0_, condominiu0_.CreatedById as createdbyid12_21_0_, condominiu0_.CreatedByFullName as createdbyfullname13_21_0_, condominiu0_.LastUpdatedById as lastupdatedbyid14_21_0_, condominiu0_.LastUpdatedByFullName as lastupdatedbyfullname15_21_0_, condominiu0_.IsDeleted as isdeleted16_21_0_, condominiu0_.CreationDate as creationdate17_21_0_, condominiu0_.LastUpdateDate as lastupdatedate18_21_0_ FROM dbo.CondominiumAddress condominiu0_ WHERE condominiu0_.CondominiumId=?
[2026-07-28T11:51:25.8370223+02:00] |DBUG| #73 [DomuWaveUnified - EAGLEFLY] Microsoft.AspNetCore.Mvc.Infrastructure.ControllerActionInvoker Execution plan of "action" filters (in the following order): ["Microsoft.AspNetCore.Mvc.ModelBinding.UnsupportedContentTypeFilter (Order: -3000)", "Microsoft.AspNetCore.Mvc.Infrastructure.ModelStateInvalidFilter (Order: -2000)", "CPQ.Core.ActionFilters.TokenAuthorizeAttribute (Order: 0)"]
[2026-07-28T11:51:25.8415197+02:00] |INFO| #67 [DomuWaveUnified - EAGLEFLY] CPQ.Core.Middlewares.NHibernateMiddleware "9653ee84-2595-45d5-85a7-a528d292e2cd" TRY TO COMMIT ALL SESSION FACTORY
[2026-07-28T11:51:25.8520302+02:00] |INFO| #69 [DomuWaveUnified - EAGLEFLY] Microsoft.AspNetCore.Hosting.Diagnostics Request finished "HTTP/1.1" "GET" "http"://"localhost:40300""""/api/tenants""" - 200 null "application/json; charset=utf-8" 3228.5996ms
[2026-07-28T11:51:25.8589962+02:00] |INFO| #68 [DomuWaveUnified - EAGLEFLY] CPQ.Core.Persistence.SqlDebugOutputInterceptor NHibernate: 
[2026-07-28T11:51:25.8655926+02:00] |DBUG| #73 [DomuWaveUnified - EAGLEFLY] Microsoft.AspNetCore.Mvc.Infrastructure.ControllerActionInvoker Execution plan of "exception" filters (in the following order): ["None"]
[2026-07-28T11:51:25.8672656+02:00] |INFO| #70 [DomuWaveUnified - EAGLEFLY] Microsoft.AspNetCore.Mvc.Infrastructure.ControllerActionInvoker Executed action "DomuWave.Microservice.Controllers.MenuesController.GetAllMenues (DomuWave.Unified)" in 2698.7289ms
[2026-07-28T11:51:25.8963171+02:00] |INFO| #70 [DomuWaveUnified - EAGLEFLY] Microsoft.AspNetCore.Routing.EndpointMiddleware Executed endpoint '"DomuWave.Microservice.Controllers.MenuesController.GetAllMenues (DomuWave.Unified)"'
[2026-07-28T11:51:25.8865972+02:00] |INFO| #68 [DomuWaveUnified - EAGLEFLY] CPQ.Core.Persistence.SqlDebugOutputInterceptor SELECT condominiu0_.Id as id1_22_0_, condominiu0_.TenantId as tenantid2_22_0_, condominiu0_.CondominiumId as condominiumid3_22_0_, condominiu0_.CadastralMunicipality as cadastralmunicipality4_22_0_, condominiu0_.Sheet as sheet5_22_0_, condominiu0_.Parcel as parcel6_22_0_, condominiu0_.Subordinate as subordinate7_22_0_, condominiu0_.UrbanSection as urbansection8_22_0_, condominiu0_.CreatedById as createdbyid9_22_0_, condominiu0_.CreatedByFullName as createdbyfullname10_22_0_, condominiu0_.LastUpdatedById as lastupdatedbyid11_22_0_, condominiu0_.LastUpdatedByFullName as lastupdatedbyfullname12_22_0_, condominiu0_.IsDeleted as isdeleted13_22_0_, condominiu0_.CreationDate as creationdate14_22_0_, condominiu0_.LastUpdateDate as lastupdatedate15_22_0_ FROM dbo.CondominiumCadastralData condominiu0_ WHERE condominiu0_.CondominiumId=?
[2026-07-28T11:51:25.8923484+02:00] |DBUG| #73 [DomuWaveUnified - EAGLEFLY] Microsoft.AspNetCore.Mvc.Infrastructure.ControllerActionInvoker Execution plan of "result" filters (in the following order): ["Microsoft.AspNetCore.Mvc.ViewFeatures.Filters.SaveTempDataFilter", "Microsoft.AspNetCore.Mvc.Infrastructure.ClientErrorResultFilter (Order: -2000)", "CPQ.Core.ActionFilters.TokenAuthorizeAttribute (Order: 0)", "Microsoft.AspNetCore.Mvc.ProducesAttribute (Order: 0)"]
[2026-07-28T11:51:25.8703733+02:00] |INFO| #67 [DomuWaveUnified - EAGLEFLY] CPQ.Core.Persistence.SessionFactories.DefaultSessionFactoryProvider "9653ee84-2595-45d5-85a7-a528d292e2cd" ++ COMMIT ++  (Async)  [DB:"eaglefly - MSSql217693_PROD - sql ver: 16.00.1190"] TRANSACTION OK  
[2026-07-28T11:51:25.8992843+02:00] |INFO| #70 [DomuWaveUnified - EAGLEFLY] CPQ.Core.Middlewares.TraceInfoRequestMiddleware "a03176d2-5e85-452a-a675-80ac4939ef9a"[User]:"JowGcWLLayCG5nCn6SYNqNnRYeYzRbrjmBDCR7hnsCg=" "HTTP request GET /api/menues" 
[2026-07-28T11:51:25.9180086+02:00] |DBUG| #73 [DomuWaveUnified - EAGLEFLY] Microsoft.AspNetCore.Mvc.Infrastructure.ControllerActionInvoker Executing controller factory for controller "DomuWave.Microservice.Controllers.TenantDisplayController" ("DomuWave.Unified")
[2026-07-28T11:51:25.9282441+02:00] |INFO| #67 [DomuWaveUnified - EAGLEFLY] CPQ.Core.Persistence.SessionFactories.DefaultSessionFactoryProvider "9653ee84-2595-45d5-85a7-a528d292e2cd" ++ COMMIT ++  (Async)  [DB:"eaglefly - MSSql217693_PROD - sql ver: 16.00.1190"] TRANSACTION OK  
[2026-07-28T11:51:25.9293103+02:00] |INFO| #68 [DomuWaveUnified - EAGLEFLY] Microsoft.AspNetCore.Mvc.Infrastructure.ControllerActionInvoker Executed action method "DomuWave.Microservice.Controllers.CondominiumsController.GetAll (DomuWave.Unified)", returned result "Microsoft.AspNetCore.Mvc.OkObjectResult" in 595.4804ms.
[2026-07-28T11:51:25.9305667+02:00] |INFO| #70 [DomuWaveUnified - EAGLEFLY] CPQ.Core.Middlewares.TraceInfoRequestMiddleware [Req]: Time(milliseconds):"3063"
[2026-07-28T11:51:25.9363393+02:00] |DBUG| #73 [DomuWaveUnified - EAGLEFLY] Microsoft.AspNetCore.Mvc.Infrastructure.ControllerActionInvoker Executed controller factory for controller "DomuWave.Microservice.Controllers.TenantDisplayController" ("DomuWave.Unified")
[2026-07-28T11:51:25.9410282+02:00] |INFO| #67 [DomuWaveUnified - EAGLEFLY] CPQ.Core.Middlewares.NHibernateMiddleware "9653ee84-2595-45d5-85a7-a528d292e2cd" CALL  DEQUEUE ALL [SUCCESS] ACTION
[2026-07-28T11:51:25.9471754+02:00] |DBUG| #68 [DomuWaveUnified - EAGLEFLY] Microsoft.AspNetCore.Mvc.Infrastructure.DefaultOutputFormatterSelector List of registered output formatters, in the following order: ["Microsoft.AspNetCore.Mvc.Formatters.HttpNoContentOutputFormatter", "Microsoft.AspNetCore.Mvc.Formatters.StringOutputFormatter", "Microsoft.AspNetCore.Mvc.Formatters.StreamOutputFormatter", "Microsoft.AspNetCore.Mvc.Formatters.SystemTextJsonOutputFormatter"]
[2026-07-28T11:51:25.9516825+02:00] |INFO| #70 [DomuWaveUnified - EAGLEFLY] CPQ.Core.Middlewares.NHibernateMiddleware "a03176d2-5e85-452a-a675-80ac4939ef9a" TRY TO COMMIT ALL SESSION FACTORY
[2026-07-28T11:51:25.9605130+02:00] |DBUG| #73 [DomuWaveUnified - EAGLEFLY] Microsoft.AspNetCore.Mvc.ModelBinding.ParameterBinder Attempting to bind parameter '"ct"' of type '"System.Threading.CancellationToken"' ...
[2026-07-28T11:51:25.9650565+02:00] |INFO| #67 [DomuWaveUnified - EAGLEFLY] CPQ.Core.Services.StoreCommitAction "9653ee84-2595-45d5-85a7-a528d292e2cd" dequeue  in progress (0) actions delegate.  On success:True UOW 
[2026-07-28T11:51:25.9734668+02:00] |DBUG| #68 [DomuWaveUnified - EAGLEFLY] Microsoft.AspNetCore.Mvc.Infrastructure.DefaultOutputFormatterSelector No information found on request to perform content negotiation.
[2026-07-28T11:51:25.9790929+02:00] |INFO| #70 [DomuWaveUnified - EAGLEFLY] CPQ.Core.Persistence.SessionFactories.DefaultSessionFactoryProvider "a03176d2-5e85-452a-a675-80ac4939ef9a" ++ COMMIT ++  (Async)  [DB:"eaglefly - MSSql217693_PROD - sql ver: 16.00.1190"] TRANSACTION OK  
[2026-07-28T11:51:25.9814947+02:00] |DBUG| #73 [DomuWaveUnified - EAGLEFLY] Microsoft.AspNetCore.Mvc.ModelBinding.ParameterBinder Done attempting to bind parameter '"ct"' of type '"System.Threading.CancellationToken"'.
[2026-07-28T11:51:25.9972070+02:00] |DBUG| #73 [DomuWaveUnified - EAGLEFLY] Microsoft.AspNetCore.Mvc.ModelBinding.ParameterBinder Attempting to validate the bound parameter '"ct"' of type '"System.Threading.CancellationToken"' ...
[2026-07-28T11:51:25.9895800+02:00] |DBUG| #68 [DomuWaveUnified - EAGLEFLY] Microsoft.AspNetCore.Mvc.Infrastructure.DefaultOutputFormatterSelector Attempting to select the first output formatter in the output formatters list which supports a content type from the explicitly specified content types '["application/json"]'.
[2026-07-28T11:51:25.9858298+02:00] |DBUG| #67 [DomuWaveUnified - EAGLEFLY] Microsoft.AspNetCore.Server.Kestrel.Connections Connection id ""0HNNCHN32EDPP"" completed keep alive response.
[2026-07-28T11:51:25.9982813+02:00] |INFO| #70 [DomuWaveUnified - EAGLEFLY] CPQ.Core.Persistence.SessionFactories.DefaultSessionFactoryProvider "a03176d2-5e85-452a-a675-80ac4939ef9a" ++ COMMIT ++  (Async)  [DB:"eaglefly - MSSql217693_PROD - sql ver: 16.00.1190"] TRANSACTION OK  
[2026-07-28T11:51:26.0047770+02:00] |DBUG| #73 [DomuWaveUnified - EAGLEFLY] Microsoft.AspNetCore.Mvc.ModelBinding.ParameterBinder Done attempting to validate the bound parameter '"ct"' of type '"System.Threading.CancellationToken"'.
[2026-07-28T11:51:26.0104093+02:00] |DBUG| #68 [DomuWaveUnified - EAGLEFLY] Microsoft.AspNetCore.Mvc.Infrastructure.DefaultOutputFormatterSelector Selected output formatter '"Microsoft.AspNetCore.Mvc.Formatters.SystemTextJsonOutputFormatter"' and content type '"application/json"' to write the response.
[2026-07-28T11:51:26.0141198+02:00] |INFO| #67 [DomuWaveUnified - EAGLEFLY] Microsoft.AspNetCore.Hosting.Diagnostics Request finished "HTTP/1.1" "GET" "http"://"localhost:40300""""/api/dashboard/summary""" - 200 null "application/json; charset=utf-8" 3283.8487ms
[2026-07-28T11:51:26.0210305+02:00] |INFO| #70 [DomuWaveUnified - EAGLEFLY] CPQ.Core.Middlewares.NHibernateMiddleware "a03176d2-5e85-452a-a675-80ac4939ef9a" CALL  DEQUEUE ALL [SUCCESS] ACTION
[2026-07-28T11:51:26.0460794+02:00] |INFO| #70 [DomuWaveUnified - EAGLEFLY] CPQ.Core.Services.StoreCommitAction "a03176d2-5e85-452a-a675-80ac4939ef9a" dequeue  in progress (0) actions delegate.  On success:True UOW 
[2026-07-28T11:51:26.0296790+02:00] |INFO| #68 [DomuWaveUnified - EAGLEFLY] Microsoft.AspNetCore.Mvc.Infrastructure.ObjectResultExecutor Executing "OkObjectResult", writing value of type '"System.Collections.Generic.List`1[[DomuWave.Services.Dto.Condominium.CondominiumReadDto, DomuWave.Services, Version=1.0.0.0, Culture=neutral, PublicKeyToken=null]]"'.
[2026-07-28T11:51:26.0254348+02:00] |INFO| #73 [DomuWaveUnified - EAGLEFLY] CPQ.Core.ActionFilters.TokenAuthorizeAttribute "48e68df4-5007-4b3c-b587-58047ad62b79"  "HTTP request GET /api/tenant-display/logo" 
[2026-07-28T11:51:26.0526848+02:00] |DBUG| #70 [DomuWaveUnified - EAGLEFLY] Microsoft.AspNetCore.Server.Kestrel.Connections Connection id ""0HNNCHN32EDPO"" completed keep alive response.
[2026-07-28T11:51:26.0645897+02:00] |INFO| #73 [DomuWaveUnified - EAGLEFLY] CPQ.Core.Services.UserService "48e68df4-5007-4b3c-b587-58047ad62b79" Get by token "JowGcWLLayCG5nCn6SYNqNnRYeYzRbrjmBDCR7hnsCg="
[2026-07-28T11:51:26.0706775+02:00] |INFO| #70 [DomuWaveUnified - EAGLEFLY] Microsoft.AspNetCore.Hosting.Diagnostics Request finished "HTTP/1.1" "GET" "http"://"localhost:40300""""/api/menues""" - 200 null "application/json; charset=utf-8" 3372.3633ms
[2026-07-28T11:51:26.0775457+02:00] |INFO| #73 [DomuWaveUnified - EAGLEFLY] CPQ.Core.Persistence.SqlDebugOutputInterceptor NHibernate: 
[2026-07-28T11:51:26.0925366+02:00] |INFO| #73 [DomuWaveUnified - EAGLEFLY] CPQ.Core.Persistence.SqlDebugOutputInterceptor select user0_.UserId as userid1_2_, user0_.Discriminator as discriminator2_2_, user0_.IsSystemUser as issystemuser3_2_, user0_.Token as token4_2_, user0_.Code as code5_2_, user0_.AvatarPath as avatarpath6_2_, user0_.Login as login7_2_, user0_.Email as email8_2_, user0_.FirstName as firstname9_2_, user0_.LastName as lastname10_2_, user0_.IsActive as isactive11_2_, user0_.Password as password12_2_, user0_.SupervisorUserId as supervisoruserid13_2_, user0_.IsDeleted as isdeleted14_2_, user0_.PasswordExpired as passwordexpired15_2_, user0_.[Path] as Path16_2_, user0_.CreatedById as createdbyid17_2_, user0_.CreationDate as creationdate18_2_, user0_.LastUpdatedById as lastupdatedbyid19_2_, user0_.LastUpdateDate as lastupdatedate20_2_, user0_.RoleId as roleid21_2_ from dbo.base_Users user0_ where user0_.Token=? ORDER BY CURRENT_TIMESTAMP OFFSET 0 ROWS FETCH FIRST 1 ROWS ONLY
[2026-07-28T11:51:26.1047646+02:00] |INFO| #75 [DomuWaveUnified - EAGLEFLY] CPQ.Core.Persistence.SqlDebugOutputInterceptor NHibernate: 
[2026-07-28T11:51:26.1113421+02:00] |INFO| #75 [DomuWaveUnified - EAGLEFLY] CPQ.Core.Persistence.SqlDebugOutputInterceptor SELECT role0_.GroupId as groupid1_6_0_, role0_.Code as code3_6_0_, role0_.Description as description4_6_0_, role0_.Weight as weight5_6_0_, role0_.IsActive as isactive6_6_0_, role0_.IsFieldForceGroup as isfieldforcegroup7_6_0_, role0_.IsSystemEntity as issystementity8_6_0_, role0_.IsDefault as isdefault9_6_0_, role0_.IsDeleted as isdeleted10_6_0_, role0_.ParentId as parentid11_6_0_ FROM dbo.auth_Groups role0_ WHERE role0_.GroupId=? and role0_.Discriminator=N'role' and ( role0_.IsDeleted = 0) 
[2026-07-28T11:51:26.1229750+02:00] |INFO| #11 [DomuWaveUnified - EAGLEFLY] CPQ.Core.Persistence.SqlDebugOutputInterceptor NHibernate: 
[2026-07-28T11:51:26.1257052+02:00] |INFO| #68 [DomuWaveUnified - EAGLEFLY] Microsoft.AspNetCore.Mvc.Infrastructure.ControllerActionInvoker Executed action "DomuWave.Microservice.Controllers.CondominiumsController.GetAll (DomuWave.Unified)" in 2948.3196ms
[2026-07-28T11:51:26.1267289+02:00] |INFO| #11 [DomuWaveUnified - EAGLEFLY] CPQ.Core.Persistence.SqlDebugOutputInterceptor select user0_.UserId as userid1_2_, user0_.IsSystemUser as issystemuser3_2_, user0_.Token as token4_2_, user0_.Code as code5_2_, user0_.AvatarPath as avatarpath6_2_, user0_.Login as login7_2_, user0_.Email as email8_2_, user0_.FirstName as firstname9_2_, user0_.LastName as lastname10_2_, user0_.IsActive as isactive11_2_, user0_.Password as password12_2_, user0_.SupervisorUserId as supervisoruserid13_2_, user0_.IsDeleted as isdeleted14_2_, user0_.PasswordExpired as passwordexpired15_2_, user0_.Path as path16_2_, user0_.HomePageMenuId as homepagemenuid22_2_, user0_.RoleId as roleid21_2_ from dbo.base_Users user0_ where user0_.Discriminator=N'ORYX' and user0_.Token=? ORDER BY CURRENT_TIMESTAMP OFFSET 0 ROWS FETCH FIRST 1 ROWS ONLY
[2026-07-28T11:51:26.1294953+02:00] |INFO| #68 [DomuWaveUnified - EAGLEFLY] Microsoft.AspNetCore.Routing.EndpointMiddleware Executed endpoint '"DomuWave.Microservice.Controllers.CondominiumsController.GetAll (DomuWave.Unified)"'
[2026-07-28T11:51:26.1373074+02:00] |INFO| #9 [DomuWaveUnified - EAGLEFLY] CPQ.Core.ActionFilters.TokenAuthorizeAttribute "48e68df4-5007-4b3c-b587-58047ad62b79" User "Zagari" (token:"JowGcWLLayCG5nCn6SYNqNnRYeYzRbrjmBDCR7hnsCg=") found! trusted :)
[2026-07-28T11:51:26.1389014+02:00] |INFO| #68 [DomuWaveUnified - EAGLEFLY] CPQ.Core.Middlewares.TraceInfoRequestMiddleware "7bf16725-79ad-4554-9064-30a31f99e015"[User]:"JowGcWLLayCG5nCn6SYNqNnRYeYzRbrjmBDCR7hnsCg=" "HTTP request GET /api/condominiums" 
[2026-07-28T11:51:26.1425982+02:00] |INFO| #9 [DomuWaveUnified - EAGLEFLY] Microsoft.AspNetCore.Mvc.Infrastructure.ControllerActionInvoker Executing action method "DomuWave.Microservice.Controllers.TenantDisplayController.GetLogo (DomuWave.Unified)" - Validation state: Valid
[2026-07-28T11:51:26.1469313+02:00] |INFO| #68 [DomuWaveUnified - EAGLEFLY] CPQ.Core.Middlewares.TraceInfoRequestMiddleware [Req]: Time(milliseconds):"3423"
[2026-07-28T11:51:26.1561074+02:00] |INFO| #9 [DomuWaveUnified - EAGLEFLY] CPQ.Core.Middlewares.LoggerMiddleware "48e68df4-5007-4b3c-b587-58047ad62b79" InMemoryMediator #Type["DomuWave.Services.Command.TenantDisplay.GetTenantLogoCommand"] 
[2026-07-28T11:51:26.1564464+02:00] |INFO| #68 [DomuWaveUnified - EAGLEFLY] CPQ.Core.Middlewares.NHibernateMiddleware "7bf16725-79ad-4554-9064-30a31f99e015" TRY TO COMMIT ALL SESSION FACTORY
[2026-07-28T11:51:26.1580585+02:00] |INFO| #75 [DomuWaveUnified - EAGLEFLY] Microsoft.AspNetCore.Hosting.Diagnostics Request starting "HTTP/1.1" "GET" "http"://"localhost:40300""""/api/condominiums""" - null null
[2026-07-28T11:51:26.1623554+02:00] |INFO| #9 [DomuWaveUnified - EAGLEFLY] CPQ.Core.Middlewares.LoggerMiddleware 48e68df4-5007-4b3c-b587-58047ad62b79 #payload:[ {"TenantId":"d153474f-683f-4cc7-ab06-b43f00460215","CurrentUserId":-654} ]
[2026-07-28T11:51:26.1796089+02:00] |DBUG| #75 [DomuWaveUnified - EAGLEFLY] Microsoft.AspNetCore.StaticFiles.StaticFileMiddleware The request path "/api/condominiums" does not match a supported file type
[2026-07-28T11:51:26.1874464+02:00] |INFO| #9 [DomuWaveUnified - EAGLEFLY] CPQ.Core.Middlewares.LoggerMiddleware "48e68df4-5007-4b3c-b587-58047ad62b79" InMemoryMediator #Type["DomuWave.Services.Command.TenantDisplay.GetTenantLogoCommand"] 
[2026-07-28T11:51:26.1923717+02:00] |INFO| #75 [DomuWaveUnified - EAGLEFLY] CPQ.Core.Middlewares.CorrelationServiceMiddleware x-correlation-id header not found in the request. Generating a new correlation ID.
[2026-07-28T11:51:26.1996586+02:00] |INFO| #9 [DomuWaveUnified - EAGLEFLY] CPQ.Core.Middlewares.LoggerMiddleware 48e68df4-5007-4b3c-b587-58047ad62b79 #payload:[ {"TenantId":"d153474f-683f-4cc7-ab06-b43f00460215","CurrentUserId":-654} ]
[2026-07-28T11:51:26.2025147+02:00] |INFO| #75 [DomuWaveUnified - EAGLEFLY] CPQ.Core.Middlewares.CorrelationServiceMiddleware Generated new correlation ID: e3b226e6-4f3c-43b9-873e-11598ea9e018
[2026-07-28T11:51:26.2082776+02:00] |DBUG| #75 [DomuWaveUnified - EAGLEFLY] Microsoft.AspNetCore.Routing.Matching.DfaMatcher 2 candidate(s) found for the request path '"/api/condominiums"'
[2026-07-28T11:51:26.2091409+02:00] |INFO| #9 [DomuWaveUnified - EAGLEFLY] CPQ.Core.Persistence.SessionFactories.DefaultSessionFactoryProvider  "48e68df4-5007-4b3c-b587-58047ad62b79" ## OPEN TRANSACTION ## [DB:"eaglefly - MSSql217693_PROD - sql ver:16.00.1190  - Open"]      [FactoryKey:"DEFAULT"] [IsolationLevel :ReadUncommitted] 
[2026-07-28T11:51:26.2114331+02:00] |DBUG| #75 [DomuWaveUnified - EAGLEFLY] Microsoft.AspNetCore.Routing.Matching.DfaMatcher Endpoint '"DomuWave.Microservice.Controllers.CondominiumsController.GetAll (DomuWave.Unified)"' with route pattern '"api/Condominiums"' is valid for the request path '"/api/condominiums"'
[2026-07-28T11:51:26.2149546+02:00] |INFO| #68 [DomuWaveUnified - EAGLEFLY] CPQ.Core.Persistence.SessionFactories.DefaultSessionFactoryProvider "7bf16725-79ad-4554-9064-30a31f99e015" ++ COMMIT ++  (Async)  [DB:"eaglefly - MSSql217693_PROD - sql ver: 16.00.1190"] TRANSACTION OK  
[2026-07-28T11:51:26.2188040+02:00] |INFO| #9 [DomuWaveUnified - EAGLEFLY] CPQ.Core.Persistence.SqlDebugOutputInterceptor NHibernate: 
[2026-07-28T11:51:26.2224431+02:00] |DBUG| #75 [DomuWaveUnified - EAGLEFLY] Microsoft.AspNetCore.Routing.Matching.DfaMatcher Endpoint '"Fallback {*path:nonfile}"' with route pattern '"{*path:nonfile}"' is valid for the request path '"/api/condominiums"'
[2026-07-28T11:51:26.2277923+02:00] |INFO| #9 [DomuWaveUnified - EAGLEFLY] CPQ.Core.Persistence.SqlDebugOutputInterceptor select tenantdisp0_.Id as id1_66_, tenantdisp0_.TenantId as tenantid2_66_, tenantdisp0_.Name as name3_66_, tenantdisp0_.Description as description4_66_, tenantdisp0_.AccountingSignConvention as accountingsignconvention5_66_, tenantdisp0_.LogoContent as logocontent6_66_, tenantdisp0_.LogoContentType as logocontenttype7_66_, tenantdisp0_.LogoFileName as logofilename8_66_, tenantdisp0_.LogoUpdatedDate as logoupdateddate9_66_, tenantdisp0_.CreatedById as createdbyid10_66_, tenantdisp0_.CreatedByFullName as createdbyfullname11_66_, tenantdisp0_.LastUpdatedById as lastupdatedbyid12_66_, tenantdisp0_.LastUpdatedByFullName as lastupdatedbyfullname13_66_, tenantdisp0_.IsDeleted as isdeleted14_66_, tenantdisp0_.CreationDate as creationdate15_66_, tenantdisp0_.LastUpdateDate as lastupdatedate16_66_ from dbo.TenantDisplaySettings tenantdisp0_ where tenantdisp0_.TenantId=? and  not (tenantdisp0_.IsDeleted=1) ORDER BY CURRENT_TIMESTAMP OFFSET 0 ROWS FETCH FIRST 1 ROWS ONLY
[2026-07-28T11:51:26.2289552+02:00] |INFO| #68 [DomuWaveUnified - EAGLEFLY] CPQ.Core.Persistence.SessionFactories.DefaultSessionFactoryProvider "7bf16725-79ad-4554-9064-30a31f99e015" ++ COMMIT ++  (Async)  [DB:"eaglefly - MSSql217693_PROD - sql ver: 16.00.1190"] TRANSACTION OK  
[2026-07-28T11:51:26.2325495+02:00] |DBUG| #75 [DomuWaveUnified - EAGLEFLY] Microsoft.AspNetCore.Routing.EndpointRoutingMiddleware Request matched endpoint '"DomuWave.Microservice.Controllers.CondominiumsController.GetAll (DomuWave.Unified)"'
[2026-07-28T11:51:26.2436112+02:00] |INFO| #68 [DomuWaveUnified - EAGLEFLY] CPQ.Core.Middlewares.NHibernateMiddleware "7bf16725-79ad-4554-9064-30a31f99e015" CALL  DEQUEUE ALL [SUCCESS] ACTION
[2026-07-28T11:51:26.2453633+02:00] |INFO| #70 [DomuWaveUnified - EAGLEFLY] Microsoft.AspNetCore.Mvc.Infrastructure.ControllerActionInvoker Executed action method "DomuWave.Microservice.Controllers.TenantDisplayController.GetLogo (DomuWave.Unified)", returned result "Microsoft.AspNetCore.Mvc.FileContentResult" in 92.3352ms.
[2026-07-28T11:51:26.2475960+02:00] |INFO| #75 [DomuWaveUnified - EAGLEFLY] CPQ.Core.Persistence.SessionFactories.DefaultSessionFactoryProvider  "e3b226e6-4f3c-43b9-873e-11598ea9e018" ## OPEN TRANSACTION ## [DB:"eaglefly - MSSql217693_PROD - sql ver:16.00.1190  - Open"]      [FactoryKey:"AUTH"] [IsolationLevel :ReadUncommitted] 
[2026-07-28T11:51:26.2500487+02:00] |INFO| #68 [DomuWaveUnified - EAGLEFLY] CPQ.Core.Services.StoreCommitAction "7bf16725-79ad-4554-9064-30a31f99e015" dequeue  in progress (0) actions delegate.  On success:True UOW 
[2026-07-28T11:51:26.2552865+02:00] |INFO| #70 [DomuWaveUnified - EAGLEFLY] Microsoft.AspNetCore.Mvc.Infrastructure.FileContentResultExecutor Executing "FileContentResult", sending file with download name '""' ...
[2026-07-28T11:51:26.2584724+02:00] |DBUG| #75 [DomuWaveUnified - EAGLEFLY] Microsoft.AspNetCore.StaticFiles.StaticFileMiddleware Static files was skipped as the request already matched an endpoint.
[2026-07-28T11:51:26.2623120+02:00] |DBUG| #68 [DomuWaveUnified - EAGLEFLY] Microsoft.AspNetCore.Server.Kestrel.Connections Connection id ""0HNNCHN32EDPK"" completed keep alive response.
[2026-07-28T11:51:26.2699821+02:00] |DBUG| #70 [DomuWaveUnified - EAGLEFLY] Microsoft.AspNetCore.Mvc.Infrastructure.FileContentResultExecutor The file result has not been enabled for processing range requests. To enable it, set the EnableRangeProcessing property on the result to 'true'.
[2026-07-28T11:51:26.2714876+02:00] |INFO| #75 [DomuWaveUnified - EAGLEFLY] Microsoft.AspNetCore.Routing.EndpointMiddleware Executing endpoint '"DomuWave.Microservice.Controllers.CondominiumsController.GetAll (DomuWave.Unified)"'
[2026-07-28T11:51:26.2736730+02:00] |INFO| #68 [DomuWaveUnified - EAGLEFLY] Microsoft.AspNetCore.Hosting.Diagnostics Request finished "HTTP/1.1" "GET" "http"://"localhost:40300""""/api/condominiums""" - 200 null "application/json; charset=utf-8" 3648.2599ms
[2026-07-28T11:51:26.2790288+02:00] |INFO| #70 [DomuWaveUnified - EAGLEFLY] Microsoft.AspNetCore.Mvc.Infrastructure.ControllerActionInvoker Executed action "DomuWave.Microservice.Controllers.TenantDisplayController.GetLogo (DomuWave.Unified)" in 361.1081ms
[2026-07-28T11:51:26.2921177+02:00] |INFO| #70 [DomuWaveUnified - EAGLEFLY] Microsoft.AspNetCore.Routing.EndpointMiddleware Executed endpoint '"DomuWave.Microservice.Controllers.TenantDisplayController.GetLogo (DomuWave.Unified)"'
[2026-07-28T11:51:26.2812078+02:00] |INFO| #75 [DomuWaveUnified - EAGLEFLY] Microsoft.AspNetCore.Mvc.Infrastructure.ControllerActionInvoker Route matched with "{action = \"GetAll\", controller = \"Condominiums\"}". Executing controller action with signature "System.Threading.Tasks.Task`1[Microsoft.AspNetCore.Mvc.IActionResult] GetAll(System.Threading.CancellationToken)" on controller "DomuWave.Microservice.Controllers.CondominiumsController" ("DomuWave.Unified").
[2026-07-28T11:51:26.3049032+02:00] |INFO| #70 [DomuWaveUnified - EAGLEFLY] CPQ.Core.Middlewares.TraceInfoRequestMiddleware "48e68df4-5007-4b3c-b587-58047ad62b79"[User]:"JowGcWLLayCG5nCn6SYNqNnRYeYzRbrjmBDCR7hnsCg=" "HTTP request GET /api/tenant-display/logo" 
[2026-07-28T11:51:26.3152599+02:00] |DBUG| #75 [DomuWaveUnified - EAGLEFLY] Microsoft.AspNetCore.Mvc.Infrastructure.ControllerActionInvoker Execution plan of "authorization" filters (in the following order): ["None"]
[2026-07-28T11:51:26.3225043+02:00] |INFO| #70 [DomuWaveUnified - EAGLEFLY] CPQ.Core.Middlewares.TraceInfoRequestMiddleware [Req]: Time(milliseconds):"752"
[2026-07-28T11:51:26.3299568+02:00] |DBUG| #75 [DomuWaveUnified - EAGLEFLY] Microsoft.AspNetCore.Mvc.Infrastructure.ControllerActionInvoker Execution plan of "resource" filters (in the following order): ["Microsoft.AspNetCore.Mvc.ViewFeatures.Filters.SaveTempDataFilter"]
[2026-07-28T11:51:26.3329374+02:00] |INFO| #70 [DomuWaveUnified - EAGLEFLY] CPQ.Core.Middlewares.NHibernateMiddleware "48e68df4-5007-4b3c-b587-58047ad62b79" TRY TO COMMIT ALL SESSION FACTORY
[2026-07-28T11:51:26.3372638+02:00] |DBUG| #75 [DomuWaveUnified - EAGLEFLY] Microsoft.AspNetCore.Mvc.Infrastructure.ControllerActionInvoker Execution plan of "action" filters (in the following order): ["Microsoft.AspNetCore.Mvc.ModelBinding.UnsupportedContentTypeFilter (Order: -3000)", "Microsoft.AspNetCore.Mvc.Infrastructure.ModelStateInvalidFilter (Order: -2000)", "CPQ.Core.ActionFilters.TokenAuthorizeAttribute (Order: 0)", "DomuWave.Application.Filters.TenantHeaderFilter", "CPQ.Core.ActionFilters.AuthorizationApiFilter (Order: 0)"]
[2026-07-28T11:51:26.3433884+02:00] |INFO| #70 [DomuWaveUnified - EAGLEFLY] CPQ.Core.Persistence.SqlDebugOutputInterceptor NHibernate: 
[2026-07-28T11:51:26.3493310+02:00] |DBUG| #75 [DomuWaveUnified - EAGLEFLY] Microsoft.AspNetCore.Mvc.Infrastructure.ControllerActionInvoker Execution plan of "exception" filters (in the following order): ["None"]
[2026-07-28T11:51:26.3532010+02:00] |INFO| #70 [DomuWaveUnified - EAGLEFLY] CPQ.Core.Persistence.SqlDebugOutputInterceptor UPDATE dbo.TenantDisplaySettings SET TenantId = ?, Name = ?, Description = ?, AccountingSignConvention = ?, LogoContent = ?, LogoContentType = ?, LogoFileName = ?, LogoUpdatedDate = ?, CreatedById = ?, CreatedByFullName = ?, LastUpdatedById = ?, LastUpdatedByFullName = ?, IsDeleted = ?, CreationDate = ?, LastUpdateDate = ? WHERE Id = ?
[2026-07-28T11:51:26.3588183+02:00] |DBUG| #75 [DomuWaveUnified - EAGLEFLY] Microsoft.AspNetCore.Mvc.Infrastructure.ControllerActionInvoker Execution plan of "result" filters (in the following order): ["Microsoft.AspNetCore.Mvc.ViewFeatures.Filters.SaveTempDataFilter", "Microsoft.AspNetCore.Mvc.Infrastructure.ClientErrorResultFilter (Order: -2000)", "CPQ.Core.ActionFilters.TokenAuthorizeAttribute (Order: 0)", "Microsoft.AspNetCore.Mvc.ProducesAttribute (Order: 0)", "CPQ.Core.ActionFilters.AuthorizationApiFilter (Order: 0)"]
[2026-07-28T11:51:26.3666124+02:00] |INFO| #9 [DomuWaveUnified - EAGLEFLY] CPQ.Core.Persistence.SessionFactories.DefaultSessionFactoryProvider "48e68df4-5007-4b3c-b587-58047ad62b79" ++ COMMIT ++  (Async)  [DB:"eaglefly - MSSql217693_PROD - sql ver: 16.00.1190"] TRANSACTION OK  
[2026-07-28T11:51:26.3703068+02:00] |DBUG| #75 [DomuWaveUnified - EAGLEFLY] Microsoft.AspNetCore.Mvc.Infrastructure.ControllerActionInvoker Executing controller factory for controller "DomuWave.Microservice.Controllers.CondominiumsController" ("DomuWave.Unified")
[2026-07-28T11:51:26.3751592+02:00] |INFO| #9 [DomuWaveUnified - EAGLEFLY] CPQ.Core.Persistence.SessionFactories.DefaultSessionFactoryProvider "48e68df4-5007-4b3c-b587-58047ad62b79" ++ COMMIT ++  (Async)  [DB:"eaglefly - MSSql217693_PROD - sql ver: 16.00.1190"] TRANSACTION OK  
[2026-07-28T11:51:26.3771471+02:00] |DBUG| #75 [DomuWaveUnified - EAGLEFLY] Microsoft.AspNetCore.Mvc.Infrastructure.ControllerActionInvoker Executed controller factory for controller "DomuWave.Microservice.Controllers.CondominiumsController" ("DomuWave.Unified")
[2026-07-28T11:51:26.3798999+02:00] |INFO| #9 [DomuWaveUnified - EAGLEFLY] CPQ.Core.Middlewares.NHibernateMiddleware "48e68df4-5007-4b3c-b587-58047ad62b79" CALL  DEQUEUE ALL [SUCCESS] ACTION
[2026-07-28T11:51:26.3829070+02:00] |DBUG| #75 [DomuWaveUnified - EAGLEFLY] Microsoft.AspNetCore.Mvc.ModelBinding.ParameterBinder Attempting to bind parameter '"ct"' of type '"System.Threading.CancellationToken"' ...
[2026-07-28T11:51:26.3861333+02:00] |INFO| #9 [DomuWaveUnified - EAGLEFLY] CPQ.Core.Services.StoreCommitAction "48e68df4-5007-4b3c-b587-58047ad62b79" dequeue  in progress (0) actions delegate.  On success:True UOW 
[2026-07-28T11:51:26.3945791+02:00] |DBUG| #75 [DomuWaveUnified - EAGLEFLY] Microsoft.AspNetCore.Mvc.ModelBinding.ParameterBinder Done attempting to bind parameter '"ct"' of type '"System.Threading.CancellationToken"'.
[2026-07-28T11:51:26.3982773+02:00] |DBUG| #9 [DomuWaveUnified - EAGLEFLY] Microsoft.AspNetCore.Server.Kestrel.Connections Connection id ""0HNNCHN32EDPN"" completed keep alive response.
[2026-07-28T11:51:26.4029880+02:00] |DBUG| #75 [DomuWaveUnified - EAGLEFLY] Microsoft.AspNetCore.Mvc.ModelBinding.ParameterBinder Attempting to validate the bound parameter '"ct"' of type '"System.Threading.CancellationToken"' ...
[2026-07-28T11:51:26.4079099+02:00] |INFO| #9 [DomuWaveUnified - EAGLEFLY] Microsoft.AspNetCore.Hosting.Diagnostics Request finished "HTTP/1.1" "GET" "http"://"localhost:40300""""/api/tenant-display/logo""" - 200 7234 "image/png" 895.5318ms
[2026-07-28T11:51:26.4142570+02:00] |DBUG| #75 [DomuWaveUnified - EAGLEFLY] Microsoft.AspNetCore.Mvc.ModelBinding.ParameterBinder Done attempting to validate the bound parameter '"ct"' of type '"System.Threading.CancellationToken"'.
[2026-07-28T11:51:26.4298742+02:00] |INFO| #75 [DomuWaveUnified - EAGLEFLY] CPQ.Core.ActionFilters.TokenAuthorizeAttribute "e3b226e6-4f3c-43b9-873e-11598ea9e018"  "HTTP request GET /api/condominiums" 
[2026-07-28T11:51:26.4370390+02:00] |INFO| #75 [DomuWaveUnified - EAGLEFLY] CPQ.Core.Services.UserService "e3b226e6-4f3c-43b9-873e-11598ea9e018" Get by token "JowGcWLLayCG5nCn6SYNqNnRYeYzRbrjmBDCR7hnsCg="
[2026-07-28T11:51:26.4427061+02:00] |INFO| #75 [DomuWaveUnified - EAGLEFLY] CPQ.Core.Persistence.SqlDebugOutputInterceptor NHibernate: 
[2026-07-28T11:51:26.4480518+02:00] |INFO| #75 [DomuWaveUnified - EAGLEFLY] CPQ.Core.Persistence.SqlDebugOutputInterceptor select user0_.UserId as userid1_2_, user0_.Discriminator as discriminator2_2_, user0_.IsSystemUser as issystemuser3_2_, user0_.Token as token4_2_, user0_.Code as code5_2_, user0_.AvatarPath as avatarpath6_2_, user0_.Login as login7_2_, user0_.Email as email8_2_, user0_.FirstName as firstname9_2_, user0_.LastName as lastname10_2_, user0_.IsActive as isactive11_2_, user0_.Password as password12_2_, user0_.SupervisorUserId as supervisoruserid13_2_, user0_.IsDeleted as isdeleted14_2_, user0_.PasswordExpired as passwordexpired15_2_, user0_.[Path] as Path16_2_, user0_.CreatedById as createdbyid17_2_, user0_.CreationDate as creationdate18_2_, user0_.LastUpdatedById as lastupdatedbyid19_2_, user0_.LastUpdateDate as lastupdatedate20_2_, user0_.RoleId as roleid21_2_ from dbo.base_Users user0_ where user0_.Token=? ORDER BY CURRENT_TIMESTAMP OFFSET 0 ROWS FETCH FIRST 1 ROWS ONLY
[2026-07-28T11:51:26.4584875+02:00] |INFO| #71 [DomuWaveUnified - EAGLEFLY] CPQ.Core.Persistence.SqlDebugOutputInterceptor NHibernate: 
[2026-07-28T11:51:26.4679400+02:00] |INFO| #71 [DomuWaveUnified - EAGLEFLY] CPQ.Core.Persistence.SqlDebugOutputInterceptor SELECT role0_.GroupId as groupid1_6_0_, role0_.Code as code3_6_0_, role0_.Description as description4_6_0_, role0_.Weight as weight5_6_0_, role0_.IsActive as isactive6_6_0_, role0_.IsFieldForceGroup as isfieldforcegroup7_6_0_, role0_.IsSystemEntity as issystementity8_6_0_, role0_.IsDefault as isdefault9_6_0_, role0_.IsDeleted as isdeleted10_6_0_, role0_.ParentId as parentid11_6_0_ FROM dbo.auth_Groups role0_ WHERE role0_.GroupId=? and role0_.Discriminator=N'role' and ( role0_.IsDeleted = 0) 
[2026-07-28T11:51:26.4780224+02:00] |INFO| #69 [DomuWaveUnified - EAGLEFLY] CPQ.Core.Persistence.SqlDebugOutputInterceptor NHibernate: 
[2026-07-28T11:51:26.4829787+02:00] |INFO| #69 [DomuWaveUnified - EAGLEFLY] CPQ.Core.Persistence.SqlDebugOutputInterceptor select user0_.UserId as userid1_2_, user0_.IsSystemUser as issystemuser3_2_, user0_.Token as token4_2_, user0_.Code as code5_2_, user0_.AvatarPath as avatarpath6_2_, user0_.Login as login7_2_, user0_.Email as email8_2_, user0_.FirstName as firstname9_2_, user0_.LastName as lastname10_2_, user0_.IsActive as isactive11_2_, user0_.Password as password12_2_, user0_.SupervisorUserId as supervisoruserid13_2_, user0_.IsDeleted as isdeleted14_2_, user0_.PasswordExpired as passwordexpired15_2_, user0_.Path as path16_2_, user0_.HomePageMenuId as homepagemenuid22_2_, user0_.RoleId as roleid21_2_ from dbo.base_Users user0_ where user0_.Discriminator=N'ORYX' and user0_.Token=? ORDER BY CURRENT_TIMESTAMP OFFSET 0 ROWS FETCH FIRST 1 ROWS ONLY
[2026-07-28T11:51:26.4917797+02:00] |INFO| #75 [DomuWaveUnified - EAGLEFLY] CPQ.Core.ActionFilters.TokenAuthorizeAttribute "e3b226e6-4f3c-43b9-873e-11598ea9e018" User "Zagari" (token:"JowGcWLLayCG5nCn6SYNqNnRYeYzRbrjmBDCR7hnsCg=") found! trusted :)
[2026-07-28T11:51:26.5386328+02:00] |INFO| #75 [DomuWaveUnified - EAGLEFLY] Microsoft.AspNetCore.Mvc.Infrastructure.ControllerActionInvoker Executing action method "DomuWave.Microservice.Controllers.CondominiumsController.GetAll (DomuWave.Unified)" - Validation state: Valid
[2026-07-28T11:51:26.5465212+02:00] |INFO| #75 [DomuWaveUnified - EAGLEFLY] CPQ.Core.Middlewares.LoggerMiddleware "e3b226e6-4f3c-43b9-873e-11598ea9e018" InMemoryMediator #Type["DomuWave.Services.Command.Condominium.GetAllCondominiumsCommand"] 
[2026-07-28T11:51:26.5541451+02:00] |INFO| #75 [DomuWaveUnified - EAGLEFLY] CPQ.Core.Middlewares.LoggerMiddleware e3b226e6-4f3c-43b9-873e-11598ea9e018 #payload:[ {"TenantId":"d153474f-683f-4cc7-ab06-b43f00460215","CurrentUserId":-654} ]
[2026-07-28T11:51:26.5586564+02:00] |INFO| #75 [DomuWaveUnified - EAGLEFLY] CPQ.Core.Middlewares.LoggerMiddleware "e3b226e6-4f3c-43b9-873e-11598ea9e018" InMemoryMediator #Type["DomuWave.Services.Command.Condominium.GetAllCondominiumsCommand"] 
[2026-07-28T11:51:26.5639276+02:00] |INFO| #75 [DomuWaveUnified - EAGLEFLY] CPQ.Core.Middlewares.LoggerMiddleware e3b226e6-4f3c-43b9-873e-11598ea9e018 #payload:[ {"TenantId":"d153474f-683f-4cc7-ab06-b43f00460215","CurrentUserId":-654} ]
[2026-07-28T11:51:26.5700050+02:00] |INFO| #75 [DomuWaveUnified - EAGLEFLY] CPQ.Core.Persistence.SessionFactories.DefaultSessionFactoryProvider  "e3b226e6-4f3c-43b9-873e-11598ea9e018" ## OPEN TRANSACTION ## [DB:"eaglefly - MSSql217693_PROD - sql ver:16.00.1190  - Open"]      [FactoryKey:"DomuWave"] [IsolationLevel :ReadUncommitted] 
[2026-07-28T11:51:26.5781914+02:00] |INFO| #75 [DomuWaveUnified - EAGLEFLY] CPQ.Core.Persistence.SqlDebugOutputInterceptor NHibernate: 
[2026-07-28T11:51:26.5825704+02:00] |INFO| #75 [DomuWaveUnified - EAGLEFLY] CPQ.Core.Persistence.SqlDebugOutputInterceptor select usertenant0_.Id as id1_53_, usertenant0_.UserId as userid2_53_, usertenant0_.IsDefault as isdefault3_53_, usertenant0_.IsActive as isactive4_53_, usertenant0_.RoleCode as rolecode5_53_, usertenant0_.TenantId as tenantid6_53_, usertenant0_.CreatedById as createdbyid7_53_, usertenant0_.CreatedByFullName as createdbyfullname8_53_, usertenant0_.CreationDate as creationdate9_53_, usertenant0_.LastUpdatedById as lastupdatedbyid10_53_, usertenant0_.LastUpdatedByFullName as lastupdatedbyfullname11_53_, usertenant0_.LastUpdateDate as lastupdatedate12_53_, usertenant0_.IsDeleted as isdeleted13_53_ from dbo.UserTenant usertenant0_ where usertenant0_.UserId=? and usertenant0_.TenantId=? and usertenant0_.IsActive=1 and  not (usertenant0_.IsDeleted=1) order by usertenant0_.IsDefault desc OFFSET 0 ROWS FETCH FIRST 1 ROWS ONLY
[2026-07-28T11:51:26.5984250+02:00] |INFO| #10 [DomuWaveUnified - EAGLEFLY] CPQ.Core.Persistence.SqlDebugOutputInterceptor NHibernate: 
[2026-07-28T11:51:26.6035555+02:00] |INFO| #10 [DomuWaveUnified - EAGLEFLY] CPQ.Core.Persistence.SqlDebugOutputInterceptor select condominiu0_.Id as id1_20_, condominiu0_.TenantId as tenantid2_20_, condominiu0_.Name as name3_20_, condominiu0_.Notes as notes4_20_, condominiu0_.Code as code5_20_, condominiu0_.TaxCode as taxcode6_20_, condominiu0_.VatNumber as vatnumber7_20_, condominiu0_.Email as email8_20_, condominiu0_.Phone as phone9_20_, condominiu0_.Pec as pec10_20_, condominiu0_.NumberOfUnits as numberofunits11_20_, condominiu0_.NumberOfStaircases as numberofstaircases12_20_, condominiu0_.NumberOfFloors as numberoffloors13_20_, condominiu0_.YearOfConstruction as yearofconstruction14_20_, condominiu0_.TotalMillesimal as totalmillesimal15_20_, condominiu0_.HasElevator as haselevator16_20_, condominiu0_.NumberOfElevators as numberofelevators17_20_, condominiu0_.HasCentralHeating as hascentralheating18_20_, condominiu0_.HasConcierge as hasconcierge19_20_, condominiu0_.CommonAreasSqm as commonareassqm20_20_, condominiu0_.MandateStartDate as mandatestartdate21_20_, condominiu0_.MandateEndDate as mandateenddate22_20_, condominiu0_.LastAssemblyDate as lastassemblydate23_20_, condominiu0_.InstallmentFrequency as installmentfrequency24_20_, condominiu0_.InstallmentDueDay as installmentdueday25_20_, condominiu0_.IsActive as isactive26_20_, condominiu0_.Iban as iban27_20_, condominiu0_.BankAccountHolder as bankaccountholder28_20_, condominiu0_.BankName as bankname29_20_, condominiu0_.InitialBalance as initialbalance30_20_, condominiu0_.AdministratorName as administratorname31_20_, condominiu0_.AdministratorPhone as administratorphone32_20_, condominiu0_.AdministratorEmail as administratoremail33_20_, condominiu0_.StripeConnectedAccountId as stripeconnectedaccountid34_20_, condominiu0_.StripeOnboardingComplete as stripeonboardingcomplete35_20_, condominiu0_.EInvoiceProviderId as einvoiceproviderid36_20_, condominiu0_.EInvoiceApiKey as einvoiceapikey37_20_, condominiu0_.EInvoiceVatNumber as einvoicevatnumber38_20_, condominiu0_.EInvoiceLastSyncDate as einvoicelastsyncdate39_20_, condominiu0_.CreatedById as createdbyid40_20_, condominiu0_.CreatedByFullName as createdbyfullname41_20_, condominiu0_.LastUpdatedById as lastupdatedbyid42_20_, condominiu0_.LastUpdatedByFullName as lastupdatedbyfullname43_20_, condominiu0_.IsDeleted as isdeleted44_20_, condominiu0_.CreationDate as creationdate45_20_, condominiu0_.LastUpdateDate as lastupdatedate46_20_ from dbo.Condominium condominiu0_ where condominiu0_.TenantId=? and  not (condominiu0_.IsDeleted=1)
[2026-07-28T11:51:26.6123568+02:00] |INFO| #15 [DomuWaveUnified - EAGLEFLY] CPQ.Core.Persistence.SqlDebugOutputInterceptor NHibernate: 
[2026-07-28T11:51:26.6189364+02:00] |INFO| #15 [DomuWaveUnified - EAGLEFLY] CPQ.Core.Persistence.SqlDebugOutputInterceptor SELECT condominiu0_.Id as id1_21_0_, condominiu0_.TenantId as tenantid2_21_0_, condominiu0_.CondominiumId as condominiumid3_21_0_, condominiu0_.Street as street4_21_0_, condominiu0_.StreetNumber as streetnumber5_21_0_, condominiu0_.PostalCode as postalcode6_21_0_, condominiu0_.City as city7_21_0_, condominiu0_.Province as province8_21_0_, condominiu0_.Country as country9_21_0_, condominiu0_.Latitude as latitude10_21_0_, condominiu0_.Longitude as longitude11_21_0_, condominiu0_.CreatedById as createdbyid12_21_0_, condominiu0_.CreatedByFullName as createdbyfullname13_21_0_, condominiu0_.LastUpdatedById as lastupdatedbyid14_21_0_, condominiu0_.LastUpdatedByFullName as lastupdatedbyfullname15_21_0_, condominiu0_.IsDeleted as isdeleted16_21_0_, condominiu0_.CreationDate as creationdate17_21_0_, condominiu0_.LastUpdateDate as lastupdatedate18_21_0_ FROM dbo.CondominiumAddress condominiu0_ WHERE condominiu0_.CondominiumId=?
[2026-07-28T11:51:26.6277100+02:00] |INFO| #73 [DomuWaveUnified - EAGLEFLY] CPQ.Core.Persistence.SqlDebugOutputInterceptor NHibernate: 
[2026-07-28T11:51:26.6314796+02:00] |INFO| #73 [DomuWaveUnified - EAGLEFLY] CPQ.Core.Persistence.SqlDebugOutputInterceptor SELECT condominiu0_.Id as id1_22_0_, condominiu0_.TenantId as tenantid2_22_0_, condominiu0_.CondominiumId as condominiumid3_22_0_, condominiu0_.CadastralMunicipality as cadastralmunicipality4_22_0_, condominiu0_.Sheet as sheet5_22_0_, condominiu0_.Parcel as parcel6_22_0_, condominiu0_.Subordinate as subordinate7_22_0_, condominiu0_.UrbanSection as urbansection8_22_0_, condominiu0_.CreatedById as createdbyid9_22_0_, condominiu0_.CreatedByFullName as createdbyfullname10_22_0_, condominiu0_.LastUpdatedById as lastupdatedbyid11_22_0_, condominiu0_.LastUpdatedByFullName as lastupdatedbyfullname12_22_0_, condominiu0_.IsDeleted as isdeleted13_22_0_, condominiu0_.CreationDate as creationdate14_22_0_, condominiu0_.LastUpdateDate as lastupdatedate15_22_0_ FROM dbo.CondominiumCadastralData condominiu0_ WHERE condominiu0_.CondominiumId=?
[2026-07-28T11:51:26.6388846+02:00] |INFO| #75 [DomuWaveUnified - EAGLEFLY] CPQ.Core.Persistence.SqlDebugOutputInterceptor NHibernate: 
[2026-07-28T11:51:26.6432196+02:00] |INFO| #75 [DomuWaveUnified - EAGLEFLY] CPQ.Core.Persistence.SqlDebugOutputInterceptor SELECT condominiu0_.Id as id1_21_0_, condominiu0_.TenantId as tenantid2_21_0_, condominiu0_.CondominiumId as condominiumid3_21_0_, condominiu0_.Street as street4_21_0_, condominiu0_.StreetNumber as streetnumber5_21_0_, condominiu0_.PostalCode as postalcode6_21_0_, condominiu0_.City as city7_21_0_, condominiu0_.Province as province8_21_0_, condominiu0_.Country as country9_21_0_, condominiu0_.Latitude as latitude10_21_0_, condominiu0_.Longitude as longitude11_21_0_, condominiu0_.CreatedById as createdbyid12_21_0_, condominiu0_.CreatedByFullName as createdbyfullname13_21_0_, condominiu0_.LastUpdatedById as lastupdatedbyid14_21_0_, condominiu0_.LastUpdatedByFullName as lastupdatedbyfullname15_21_0_, condominiu0_.IsDeleted as isdeleted16_21_0_, condominiu0_.CreationDate as creationdate17_21_0_, condominiu0_.LastUpdateDate as lastupdatedate18_21_0_ FROM dbo.CondominiumAddress condominiu0_ WHERE condominiu0_.CondominiumId=?
[2026-07-28T11:51:26.6528346+02:00] |INFO| #10 [DomuWaveUnified - EAGLEFLY] CPQ.Core.Persistence.SqlDebugOutputInterceptor NHibernate: 
[2026-07-28T11:51:26.6575643+02:00] |INFO| #10 [DomuWaveUnified - EAGLEFLY] CPQ.Core.Persistence.SqlDebugOutputInterceptor SELECT condominiu0_.Id as id1_22_0_, condominiu0_.TenantId as tenantid2_22_0_, condominiu0_.CondominiumId as condominiumid3_22_0_, condominiu0_.CadastralMunicipality as cadastralmunicipality4_22_0_, condominiu0_.Sheet as sheet5_22_0_, condominiu0_.Parcel as parcel6_22_0_, condominiu0_.Subordinate as subordinate7_22_0_, condominiu0_.UrbanSection as urbansection8_22_0_, condominiu0_.CreatedById as createdbyid9_22_0_, condominiu0_.CreatedByFullName as createdbyfullname10_22_0_, condominiu0_.LastUpdatedById as lastupdatedbyid11_22_0_, condominiu0_.LastUpdatedByFullName as lastupdatedbyfullname12_22_0_, condominiu0_.IsDeleted as isdeleted13_22_0_, condominiu0_.CreationDate as creationdate14_22_0_, condominiu0_.LastUpdateDate as lastupdatedate15_22_0_ FROM dbo.CondominiumCadastralData condominiu0_ WHERE condominiu0_.CondominiumId=?
[2026-07-28T11:51:26.6649261+02:00] |INFO| #69 [DomuWaveUnified - EAGLEFLY] CPQ.Core.Persistence.SqlDebugOutputInterceptor NHibernate: 
[2026-07-28T11:51:26.6720750+02:00] |INFO| #69 [DomuWaveUnified - EAGLEFLY] CPQ.Core.Persistence.SqlDebugOutputInterceptor SELECT condominiu0_.Id as id1_21_0_, condominiu0_.TenantId as tenantid2_21_0_, condominiu0_.CondominiumId as condominiumid3_21_0_, condominiu0_.Street as street4_21_0_, condominiu0_.StreetNumber as streetnumber5_21_0_, condominiu0_.PostalCode as postalcode6_21_0_, condominiu0_.City as city7_21_0_, condominiu0_.Province as province8_21_0_, condominiu0_.Country as country9_21_0_, condominiu0_.Latitude as latitude10_21_0_, condominiu0_.Longitude as longitude11_21_0_, condominiu0_.CreatedById as createdbyid12_21_0_, condominiu0_.CreatedByFullName as createdbyfullname13_21_0_, condominiu0_.LastUpdatedById as lastupdatedbyid14_21_0_, condominiu0_.LastUpdatedByFullName as lastupdatedbyfullname15_21_0_, condominiu0_.IsDeleted as isdeleted16_21_0_, condominiu0_.CreationDate as creationdate17_21_0_, condominiu0_.LastUpdateDate as lastupdatedate18_21_0_ FROM dbo.CondominiumAddress condominiu0_ WHERE condominiu0_.CondominiumId=?
[2026-07-28T11:51:26.6800372+02:00] |INFO| #73 [DomuWaveUnified - EAGLEFLY] CPQ.Core.Persistence.SqlDebugOutputInterceptor NHibernate: 
[2026-07-28T11:51:26.6867880+02:00] |INFO| #73 [DomuWaveUnified - EAGLEFLY] CPQ.Core.Persistence.SqlDebugOutputInterceptor SELECT condominiu0_.Id as id1_22_0_, condominiu0_.TenantId as tenantid2_22_0_, condominiu0_.CondominiumId as condominiumid3_22_0_, condominiu0_.CadastralMunicipality as cadastralmunicipality4_22_0_, condominiu0_.Sheet as sheet5_22_0_, condominiu0_.Parcel as parcel6_22_0_, condominiu0_.Subordinate as subordinate7_22_0_, condominiu0_.UrbanSection as urbansection8_22_0_, condominiu0_.CreatedById as createdbyid9_22_0_, condominiu0_.CreatedByFullName as createdbyfullname10_22_0_, condominiu0_.LastUpdatedById as lastupdatedbyid11_22_0_, condominiu0_.LastUpdatedByFullName as lastupdatedbyfullname12_22_0_, condominiu0_.IsDeleted as isdeleted13_22_0_, condominiu0_.CreationDate as creationdate14_22_0_, condominiu0_.LastUpdateDate as lastupdatedate15_22_0_ FROM dbo.CondominiumCadastralData condominiu0_ WHERE condominiu0_.CondominiumId=?
[2026-07-28T11:51:26.6947150+02:00] |INFO| #75 [DomuWaveUnified - EAGLEFLY] Microsoft.AspNetCore.Mvc.Infrastructure.ControllerActionInvoker Executed action method "DomuWave.Microservice.Controllers.CondominiumsController.GetAll (DomuWave.Unified)", returned result "Microsoft.AspNetCore.Mvc.OkObjectResult" in 149.859ms.
[2026-07-28T11:51:26.7056573+02:00] |DBUG| #75 [DomuWaveUnified - EAGLEFLY] Microsoft.AspNetCore.Mvc.Infrastructure.DefaultOutputFormatterSelector List of registered output formatters, in the following order: ["Microsoft.AspNetCore.Mvc.Formatters.HttpNoContentOutputFormatter", "Microsoft.AspNetCore.Mvc.Formatters.StringOutputFormatter", "Microsoft.AspNetCore.Mvc.Formatters.StreamOutputFormatter", "Microsoft.AspNetCore.Mvc.Formatters.SystemTextJsonOutputFormatter"]
[2026-07-28T11:51:26.7131184+02:00] |DBUG| #75 [DomuWaveUnified - EAGLEFLY] Microsoft.AspNetCore.Mvc.Infrastructure.DefaultOutputFormatterSelector No information found on request to perform content negotiation.
[2026-07-28T11:51:26.7191245+02:00] |DBUG| #75 [DomuWaveUnified - EAGLEFLY] Microsoft.AspNetCore.Mvc.Infrastructure.DefaultOutputFormatterSelector Attempting to select the first output formatter in the output formatters list which supports a content type from the explicitly specified content types '["application/json"]'.
[2026-07-28T11:51:26.7272454+02:00] |DBUG| #75 [DomuWaveUnified - EAGLEFLY] Microsoft.AspNetCore.Mvc.Infrastructure.DefaultOutputFormatterSelector Selected output formatter '"Microsoft.AspNetCore.Mvc.Formatters.SystemTextJsonOutputFormatter"' and content type '"application/json"' to write the response.
[2026-07-28T11:51:26.7354268+02:00] |INFO| #75 [DomuWaveUnified - EAGLEFLY] Microsoft.AspNetCore.Mvc.Infrastructure.ObjectResultExecutor Executing "OkObjectResult", writing value of type '"System.Collections.Generic.List`1[[DomuWave.Services.Dto.Condominium.CondominiumReadDto, DomuWave.Services, Version=1.0.0.0, Culture=neutral, PublicKeyToken=null]]"'.
[2026-07-28T11:51:26.7426456+02:00] |INFO| #75 [DomuWaveUnified - EAGLEFLY] Microsoft.AspNetCore.Mvc.Infrastructure.ControllerActionInvoker Executed action "DomuWave.Microservice.Controllers.CondominiumsController.GetAll (DomuWave.Unified)" in 372.4058ms
[2026-07-28T11:51:26.7483552+02:00] |INFO| #75 [DomuWaveUnified - EAGLEFLY] Microsoft.AspNetCore.Routing.EndpointMiddleware Executed endpoint '"DomuWave.Microservice.Controllers.CondominiumsController.GetAll (DomuWave.Unified)"'
[2026-07-28T11:51:26.7542019+02:00] |INFO| #75 [DomuWaveUnified - EAGLEFLY] CPQ.Core.Middlewares.TraceInfoRequestMiddleware "e3b226e6-4f3c-43b9-873e-11598ea9e018"[User]:"JowGcWLLayCG5nCn6SYNqNnRYeYzRbrjmBDCR7hnsCg=" "HTTP request GET /api/condominiums" 
[2026-07-28T11:51:26.7597731+02:00] |INFO| #75 [DomuWaveUnified - EAGLEFLY] CPQ.Core.Middlewares.TraceInfoRequestMiddleware [Req]: Time(milliseconds):"551"
[2026-07-28T11:51:26.7646666+02:00] |INFO| #75 [DomuWaveUnified - EAGLEFLY] CPQ.Core.Middlewares.NHibernateMiddleware "e3b226e6-4f3c-43b9-873e-11598ea9e018" TRY TO COMMIT ALL SESSION FACTORY
[2026-07-28T11:51:26.7705555+02:00] |INFO| #75 [DomuWaveUnified - EAGLEFLY] CPQ.Core.Persistence.SessionFactories.DefaultSessionFactoryProvider "e3b226e6-4f3c-43b9-873e-11598ea9e018" ++ COMMIT ++  (Async)  [DB:"eaglefly - MSSql217693_PROD - sql ver: 16.00.1190"] TRANSACTION OK  
[2026-07-28T11:51:26.7764175+02:00] |INFO| #75 [DomuWaveUnified - EAGLEFLY] CPQ.Core.Persistence.SessionFactories.DefaultSessionFactoryProvider "e3b226e6-4f3c-43b9-873e-11598ea9e018" ++ COMMIT ++  (Async)  [DB:"eaglefly - MSSql217693_PROD - sql ver: 16.00.1190"] TRANSACTION OK  
[2026-07-28T11:51:26.7822541+02:00] |INFO| #75 [DomuWaveUnified - EAGLEFLY] CPQ.Core.Middlewares.NHibernateMiddleware "e3b226e6-4f3c-43b9-873e-11598ea9e018" CALL  DEQUEUE ALL [SUCCESS] ACTION
[2026-07-28T11:51:26.7867336+02:00] |INFO| #75 [DomuWaveUnified - EAGLEFLY] CPQ.Core.Services.StoreCommitAction "e3b226e6-4f3c-43b9-873e-11598ea9e018" dequeue  in progress (0) actions delegate.  On success:True UOW 
[2026-07-28T11:51:26.7920425+02:00] |DBUG| #75 [DomuWaveUnified - EAGLEFLY] Microsoft.AspNetCore.Server.Kestrel.Connections Connection id ""0HNNCHN32EDPO"" completed keep alive response.
[2026-07-28T11:51:26.7979105+02:00] |INFO| #75 [DomuWaveUnified - EAGLEFLY] Microsoft.AspNetCore.Hosting.Diagnostics Request finished "HTTP/1.1" "GET" "http"://"localhost:40300""""/api/condominiums""" - 200 null "application/json; charset=utf-8" 639.8982ms
[2026-07-28T11:52:18.8036482+02:00] |DBUG| #75 [DomuWaveUnified - EAGLEFLY] LicenseManager.Client.Background.TokenRefreshBackgroundService Nessun token da rinnovare in questo ciclo.
[2026-07-28T11:55:05.4340720+02:00] |INFO| #78 [DomuWaveUnified - EAGLEFLY] DomuWave.Services.Jobs.SiteHealthCheckJob [SiteHealthCheckJob] Controllo "https://www.vizadomus.it"
[2026-07-28T11:55:14.6982316+02:00] |INFO| #80 [DomuWaveUnified - EAGLEFLY] DomuWave.Services.Jobs.SiteHealthCheckJob [SiteHealthCheckJob] "https://www.vizadomus.it" OK (HTTP 200)
[2026-07-28T11:56:18.8113955+02:00] |INFO| #80 [DomuWaveUnified - EAGLEFLY] LicenseManager.Client.Usage.UsageTracker SyncAll: 0 feature con operazioni pendenti.
[2026-07-28T11:56:24.0746073+02:00] |DBUG| #82 [DomuWaveUnified - EAGLEFLY] Microsoft.AspNetCore.Server.Kestrel.Transport.Sockets Connection id ""0HNNCHN32EDPL"" received FIN.
[2026-07-28T11:56:24.0843192+02:00] |DBUG| #79 [DomuWaveUnified - EAGLEFLY] Microsoft.AspNetCore.Server.Kestrel.Transport.Sockets Connection id ""0HNNCHN32EDPL"" sending FIN because: ""The Socket transport's send loop completed gracefully.""
[2026-07-28T11:56:24.0889348+02:00] |DBUG| #79 [DomuWaveUnified - EAGLEFLY] Microsoft.AspNetCore.Server.Kestrel.Connections Connection id ""0HNNCHN32EDPL"" disconnecting.
[2026-07-28T11:56:24.0991450+02:00] |DBUG| #82 [DomuWaveUnified - EAGLEFLY] Microsoft.AspNetCore.Server.Kestrel.Connections Connection id ""0HNNCHN32EDPL"" stopped.
[2026-07-28T11:56:34.3888288+02:00] |DBUG| #82 [DomuWaveUnified - EAGLEFLY] Microsoft.AspNetCore.Server.Kestrel.Transport.Sockets Connection id ""0HNNCHN32EDPP"" received FIN.
[2026-07-28T11:56:34.3904873+02:00] |DBUG| #79 [DomuWaveUnified - EAGLEFLY] Microsoft.AspNetCore.Server.Kestrel.Transport.Sockets Connection id ""0HNNCHN32EDPN"" received FIN.
[2026-07-28T11:56:34.3888288+02:00] |DBUG| #80 [DomuWaveUnified - EAGLEFLY] Microsoft.AspNetCore.Server.Kestrel.Transport.Sockets Connection id ""0HNNCHN32EDPK"" received FIN.
[2026-07-28T11:56:34.4033426+02:00] |DBUG| #79 [DomuWaveUnified - EAGLEFLY] Microsoft.AspNetCore.Server.Kestrel.Connections Connection id ""0HNNCHN32EDPP"" disconnecting.
[2026-07-28T11:56:34.4099360+02:00] |DBUG| #80 [DomuWaveUnified - EAGLEFLY] Microsoft.AspNetCore.Server.Kestrel.Connections Connection id ""0HNNCHN32EDPN"" disconnecting.
[2026-07-28T11:56:34.3993323+02:00] |DBUG| #82 [DomuWaveUnified - EAGLEFLY] Microsoft.AspNetCore.Server.Kestrel.Transport.Sockets Connection id ""0HNNCHN32EDPO"" received FIN.
[2026-07-28T11:56:34.3891992+02:00] |DBUG| #83 [DomuWaveUnified - EAGLEFLY] Microsoft.AspNetCore.Server.Kestrel.Transport.Sockets Connection id ""0HNNCHN32EDPM"" received FIN.
[2026-07-28T11:56:34.4453870+02:00] |DBUG| #82 [DomuWaveUnified - EAGLEFLY] Microsoft.AspNetCore.Server.Kestrel.Connections Connection id ""0HNNCHN32EDPO"" disconnecting.
[2026-07-28T11:56:34.4217777+02:00] |DBUG| #84 [DomuWaveUnified - EAGLEFLY] Microsoft.AspNetCore.Server.Kestrel.Transport.Sockets Connection id ""0HNNCHN32EDPP"" sending FIN because: ""The Socket transport's send loop completed gracefully.""
[2026-07-28T11:56:34.4620739+02:00] |DBUG| #83 [DomuWaveUnified - EAGLEFLY] Microsoft.AspNetCore.Server.Kestrel.Transport.Sockets Connection id ""0HNNCHN32EDPO"" sending FIN because: ""The Socket transport's send loop completed gracefully.""
[2026-07-28T11:56:34.4316170+02:00] |DBUG| #85 [DomuWaveUnified - EAGLEFLY] Microsoft.AspNetCore.Server.Kestrel.Transport.Sockets Connection id ""0HNNCHN32EDPN"" sending FIN because: ""The Socket transport's send loop completed gracefully.""
[2026-07-28T11:56:34.4789082+02:00] |DBUG| #79 [DomuWaveUnified - EAGLEFLY] Microsoft.AspNetCore.Server.Kestrel.Connections Connection id ""0HNNCHN32EDPP"" stopped.
[2026-07-28T11:56:34.4316289+02:00] |DBUG| #86 [DomuWaveUnified - EAGLEFLY] Microsoft.AspNetCore.Server.Kestrel.Connections Connection id ""0HNNCHN32EDPK"" disconnecting.
[2026-07-28T11:56:34.4571166+02:00] |DBUG| #89 [DomuWaveUnified - EAGLEFLY] Microsoft.AspNetCore.Server.Kestrel.Connections Connection id ""0HNNCHN32EDPM"" disconnecting.
[2026-07-28T11:56:34.4894417+02:00] |DBUG| #80 [DomuWaveUnified - EAGLEFLY] Microsoft.AspNetCore.Server.Kestrel.Connections Connection id ""0HNNCHN32EDPN"" stopped.
[2026-07-28T11:56:34.4894417+02:00] |DBUG| #82 [DomuWaveUnified - EAGLEFLY] Microsoft.AspNetCore.Server.Kestrel.Connections Connection id ""0HNNCHN32EDPO"" stopped.
[2026-07-28T11:56:34.4932367+02:00] |DBUG| #87 [DomuWaveUnified - EAGLEFLY] Microsoft.AspNetCore.Server.Kestrel.Transport.Sockets Connection id ""0HNNCHN32EDPK"" sending FIN because: ""The Socket transport's send loop completed gracefully.""
[2026-07-28T11:56:34.4959503+02:00] |DBUG| #88 [DomuWaveUnified - EAGLEFLY] Microsoft.AspNetCore.Server.Kestrel.Transport.Sockets Connection id ""0HNNCHN32EDPM"" sending FIN because: ""The Socket transport's send loop completed gracefully.""
[2026-07-28T11:56:34.5099322+02:00] |DBUG| #89 [DomuWaveUnified - EAGLEFLY] Microsoft.AspNetCore.Server.Kestrel.Connections Connection id ""0HNNCHN32EDPM"" stopped.
[2026-07-28T11:56:34.5099491+02:00] |DBUG| #86 [DomuWaveUnified - EAGLEFLY] Microsoft.AspNetCore.Server.Kestrel.Connections Connection id ""0HNNCHN32EDPK"" stopped.
[2026-07-28T11:57:05.4897178+02:00] |DBUG| #91 [DomuWaveUnified - EAGLEFLY] Microsoft.Extensions.Http.DefaultHttpClientFactory HttpMessageHandler expired after 120000ms for client '"healthcheck"'
[2026-07-28T11:57:15.5156578+02:00] |DBUG| #91 [DomuWaveUnified - EAGLEFLY] Microsoft.Extensions.Http.DefaultHttpClientFactory Starting HttpMessageHandler cleanup cycle with 1 items
[2026-07-28T11:57:15.5260144+02:00] |DBUG| #91 [DomuWaveUnified - EAGLEFLY] Microsoft.Extensions.Http.DefaultHttpClientFactory Ending HttpMessageHandler cleanup cycle after 0.0403ms - processed: 0 items - remaining: 1 items
[2026-07-28T11:57:25.5315805+02:00] |DBUG| #91 [DomuWaveUnified - EAGLEFLY] Microsoft.Extensions.Http.DefaultHttpClientFactory Starting HttpMessageHandler cleanup cycle with 1 items
[2026-07-28T11:57:25.5402355+02:00] |DBUG| #91 [DomuWaveUnified - EAGLEFLY] Microsoft.Extensions.Http.DefaultHttpClientFactory Ending HttpMessageHandler cleanup cycle after 0.0104ms - processed: 0 items - remaining: 1 items
[2026-07-28T11:57:35.5511672+02:00] |DBUG| #91 [DomuWaveUnified - EAGLEFLY] Microsoft.Extensions.Http.DefaultHttpClientFactory Starting HttpMessageHandler cleanup cycle with 1 items
[2026-07-28T11:57:35.5615878+02:00] |DBUG| #91 [DomuWaveUnified - EAGLEFLY] Microsoft.Extensions.Http.DefaultHttpClientFactory Ending HttpMessageHandler cleanup cycle after 0.0103ms - processed: 0 items - remaining: 1 items
[2026-07-28T11:57:45.5720971+02:00] |DBUG| #91 [DomuWaveUnified - EAGLEFLY] Microsoft.Extensions.Http.DefaultHttpClientFactory Starting HttpMessageHandler cleanup cycle with 1 items
[2026-07-28T11:57:45.5779648+02:00] |DBUG| #91 [DomuWaveUnified - EAGLEFLY] Microsoft.Extensions.Http.DefaultHttpClientFactory Ending HttpMessageHandler cleanup cycle after 0.0092ms - processed: 0 items - remaining: 1 items
[2026-07-28T11:57:55.5720589+02:00] |DBUG| #90 [DomuWaveUnified - EAGLEFLY] Microsoft.Extensions.Http.DefaultHttpClientFactory Starting HttpMessageHandler cleanup cycle with 1 items
[2026-07-28T11:57:55.5783330+02:00] |DBUG| #90 [DomuWaveUnified - EAGLEFLY] Microsoft.Extensions.Http.DefaultHttpClientFactory Ending HttpMessageHandler cleanup cycle after 0.0095ms - processed: 0 items - remaining: 1 items
[2026-07-28T11:58:05.5999215+02:00] |DBUG| #90 [DomuWaveUnified - EAGLEFLY] Microsoft.Extensions.Http.DefaultHttpClientFactory Starting HttpMessageHandler cleanup cycle with 1 items
[2026-07-28T11:58:05.6043628+02:00] |DBUG| #90 [DomuWaveUnified - EAGLEFLY] Microsoft.Extensions.Http.DefaultHttpClientFactory Ending HttpMessageHandler cleanup cycle after 0.0066ms - processed: 0 items - remaining: 1 items
[2026-07-28T11:58:15.6081670+02:00] |DBUG| #91 [DomuWaveUnified - EAGLEFLY] Microsoft.Extensions.Http.DefaultHttpClientFactory Starting HttpMessageHandler cleanup cycle with 1 items
[2026-07-28T11:58:15.6215731+02:00] |DBUG| #91 [DomuWaveUnified - EAGLEFLY] Microsoft.Extensions.Http.DefaultHttpClientFactory Ending HttpMessageHandler cleanup cycle after 0.0103ms - processed: 0 items - remaining: 1 items
[2026-07-28T11:58:25.6313879+02:00] |DBUG| #91 [DomuWaveUnified - EAGLEFLY] Microsoft.Extensions.Http.DefaultHttpClientFactory Starting HttpMessageHandler cleanup cycle with 1 items
[2026-07-28T11:58:25.6381586+02:00] |DBUG| #91 [DomuWaveUnified - EAGLEFLY] Microsoft.Extensions.Http.DefaultHttpClientFactory Ending HttpMessageHandler cleanup cycle after 0.0072ms - processed: 0 items - remaining: 1 items
[2026-07-28T11:58:35.6421145+02:00] |DBUG| #91 [DomuWaveUnified - EAGLEFLY] Microsoft.Extensions.Http.DefaultHttpClientFactory Starting HttpMessageHandler cleanup cycle with 1 items
[2026-07-28T11:58:35.6479885+02:00] |DBUG| #91 [DomuWaveUnified - EAGLEFLY] Microsoft.Extensions.Http.DefaultHttpClientFactory Ending HttpMessageHandler cleanup cycle after 0.0087ms - processed: 0 items - remaining: 1 items
[2026-07-28T11:58:45.6574984+02:00] |DBUG| #90 [DomuWaveUnified - EAGLEFLY] Microsoft.Extensions.Http.DefaultHttpClientFactory Starting HttpMessageHandler cleanup cycle with 1 items
[2026-07-28T11:58:45.6625222+02:00] |DBUG| #90 [DomuWaveUnified - EAGLEFLY] Microsoft.Extensions.Http.DefaultHttpClientFactory Ending HttpMessageHandler cleanup cycle after 0.0081ms - processed: 0 items - remaining: 1 items
[2026-07-28T11:58:55.6661256+02:00] |DBUG| #91 [DomuWaveUnified - EAGLEFLY] Microsoft.Extensions.Http.DefaultHttpClientFactory Starting HttpMessageHandler cleanup cycle with 1 items
[2026-07-28T11:58:55.6732357+02:00] |DBUG| #91 [DomuWaveUnified - EAGLEFLY] Microsoft.Extensions.Http.DefaultHttpClientFactory Ending HttpMessageHandler cleanup cycle after 0.0099ms - processed: 0 items - remaining: 1 items
[2026-07-28T11:59:05.6906533+02:00] |DBUG| #91 [DomuWaveUnified - EAGLEFLY] Microsoft.Extensions.Http.DefaultHttpClientFactory Starting HttpMessageHandler cleanup cycle with 1 items
[2026-07-28T11:59:05.6957718+02:00] |DBUG| #91 [DomuWaveUnified - EAGLEFLY] Microsoft.Extensions.Http.DefaultHttpClientFactory Ending HttpMessageHandler cleanup cycle after 0.0068ms - processed: 0 items - remaining: 1 items
[2026-07-28T11:59:15.6956045+02:00] |DBUG| #90 [DomuWaveUnified - EAGLEFLY] Microsoft.Extensions.Http.DefaultHttpClientFactory Starting HttpMessageHandler cleanup cycle with 1 items
[2026-07-28T11:59:15.7032008+02:00] |DBUG| #90 [DomuWaveUnified - EAGLEFLY] Microsoft.Extensions.Http.DefaultHttpClientFactory Ending HttpMessageHandler cleanup cycle after 0.007ms - processed: 0 items - remaining: 1 items
[2026-07-28T11:59:25.7115596+02:00] |DBUG| #3 [DomuWaveUnified - EAGLEFLY] Microsoft.Extensions.Http.DefaultHttpClientFactory Starting HttpMessageHandler cleanup cycle with 1 items
[2026-07-28T11:59:25.7182440+02:00] |DBUG| #3 [DomuWaveUnified - EAGLEFLY] Microsoft.Extensions.Http.DefaultHttpClientFactory Ending HttpMessageHandler cleanup cycle after 0.0059ms - processed: 0 items - remaining: 1 items
